var,date_start,date_end,psi,taub
m6_p_dom,2019-03-01,2019-04-01,0.05377042193414022,1.0
m6_p_docm,2019-03-01,2019-04-01,0.021023489321303365,1.0
m6_p_docc,2019-03-01,2019-04-01,0.029820055690458494,0.9555555555555554
m6_p_doc,2019-03-01,2019-04-01,0.09272451672906891,0.9999999999999999
m6_p_dnom,2019-03-01,2019-04-01,0.01913320457711499,1.0
m6_p_dnoc,2019-03-01,2019-04-01,0.024004195914671417,0.9999999999999999
m6_p_dlrm,2019-03-01,2019-04-01,0.0035867211741270853,0.9545454545454546
m6_p_dlrc,2019-03-01,2019-04-01,0.011118332509803154,0.9555555555555554
m6_p_dim,2019-03-01,2019-04-01,0.010974465105212005,0.9545454545454546
m6_p_dic,2019-03-01,2019-04-01,0.019828152267736692,0.9555555555555554
m6_p_dcrm,2019-03-01,2019-04-01,0.028417364792428124,0.9545454545454546
m6_p_dcrc,2019-03-01,2019-04-01,0.04019461161151331,0.9555555555555554
m6_p_dcm,2019-03-01,2019-04-01,0.021962568219440287,1.0
m6_p_dcc,2019-03-01,2019-04-01,0.032623978272939294,0.9555555555555554
m6_p_com,2019-03-01,2019-04-01,0.032341220019713034,0.6363636363636364
m6_p_cocm,2019-03-01,2019-04-01,0.014752229362693787,0.7272727272727273
m6_p_cocc,2019-03-01,2019-04-01,0.02244333732339901,0.9999999999999999
m6_p_coc,2019-03-01,2019-04-01,0.32035725470298543,0.9555555555555554
m6_p_cnom,2019-03-01,2019-04-01,0.003937087493557838,1.0
m6_p_cnoc,2019-03-01,2019-04-01,0.0043769281783423986,0.9999999999999999
m6_p_clm,2019-03-01,2019-04-01,0.008732135927015208,0.8461538461538461
m6_p_clc,2019-03-01,2019-04-01,0.014672235963277474,0.9999999999999999
m6_p_cissc,2019-03-01,2019-04-01,0.0019274776496727845,1.0
m6_p_cisf,2019-03-01,2019-04-01,0.0012363834124829232,1.0
m6_p_cisbs,2019-03-01,2019-04-01,0.005152296568298118,1.0
m6_p_ccrm,2019-03-01,2019-04-01,0.0027803476846343066,1.0
m6_p_ccrc,2019-03-01,2019-04-01,0.002629037223082711,0.9555555555555554
m6_p_ccm,2019-03-01,2019-04-01,0.014806135326342128,0.7272727272727273
m6_p_ccc,2019-03-01,2019-04-01,0.022642591529952474,0.9999999999999999
m6_i_dsim,2019-03-01,2019-04-01,0.0329320259633821,1.0
m6_i_dsic,2019-03-01,2019-04-01,0.0835130006053166,0.9555555555555554
m6_i_dim,2019-03-01,2019-04-01,0.0464759513278417,0.9069767441860466
m6_i_dic,2019-03-01,2019-04-01,0.11022020746653495,0.9555555555555554
m6_i_crm,2019-03-01,2019-04-01,0.016392019458829322,0.9090909090909091
m6_i_crc,2019-03-01,2019-04-01,0.04885799888728471,0.9555555555555554
m6_i_bm,2019-03-01,2019-04-01,0.017869849443374042,0.8181818181818182
m6_c_dc,2019-03-01,2019-04-01,0.021911626474070457,0.9999999999999999
m6_c_dbn,2019-03-01,2019-04-01,0.01827433227788969,1.0
m6_c_db,2019-03-01,2019-04-01,0.003397795912191687,1.0
m6_c_ctc,2019-03-01,2019-04-01,0.00209924452729449,1.0
m6_c_cc,2019-03-01,2019-04-01,0.007616298583602375,0.9888264649460884
m6_c_cbn,2019-03-01,2019-04-01,0.0065699395962996905,1.0
m3_p_dom,2019-03-01,2019-04-01,0.05194021100894773,1.0
m3_p_docm,2019-03-01,2019-04-01,0.02021836582845998,1.0
m3_p_docc,2019-03-01,2019-04-01,0.029820055690458494,0.9555555555555554
m3_p_doc,2019-03-01,2019-04-01,0.09272451672906891,0.9999999999999999
m3_p_dnom,2019-03-01,2019-04-01,0.018901340860310832,1.0
m3_p_dnoc,2019-03-01,2019-04-01,0.024004195914671417,0.9999999999999999
m3_p_dlrm,2019-03-01,2019-04-01,0.0035153535565560015,0.9545454545454546
m3_p_dlrc,2019-03-01,2019-04-01,0.011118332509803154,0.9555555555555554
m3_p_dim,2019-03-01,2019-04-01,0.010500302276127,0.9545454545454546
m3_p_dic,2019-03-01,2019-04-01,0.019828152267736692,0.9555555555555554
m3_p_dcrm,2019-03-01,2019-04-01,0.027874325234511603,0.9545454545454546
m3_p_dcrc,2019-03-01,2019-04-01,0.04019461161151331,0.9555555555555554
m3_p_dcm,2019-03-01,2019-04-01,0.021103415080553807,1.0
m3_p_dcc,2019-03-01,2019-04-01,0.032623978272939294,0.9555555555555554
m3_p_com,2019-03-01,2019-04-01,0.02821456241548546,0.6818181818181819
m3_p_cocm,2019-03-01,2019-04-01,0.01192731254885603,0.7727272727272727
m3_p_cocc,2019-03-01,2019-04-01,0.02244333732339901,0.9999999999999999
m3_p_coc,2019-03-01,2019-04-01,0.32035725470298543,0.9555555555555554
m3_p_cnom,2019-03-01,2019-04-01,0.003926266487936431,1.0
m3_p_cnoc,2019-03-01,2019-04-01,0.0043769281783423986,0.9999999999999999
m3_p_clm,2019-03-01,2019-04-01,0.006629353346317756,0.8461538461538461
m3_p_clc,2019-03-01,2019-04-01,0.014672235963277474,0.9999999999999999
m3_p_cissc,2019-03-01,2019-04-01,0.0019274776496727845,1.0
m3_p_cisf,2019-03-01,2019-04-01,0.0012363834124829232,1.0
m3_p_cisbs,2019-03-01,2019-04-01,0.005152296568298118,1.0
m3_p_ccrm,2019-03-01,2019-04-01,0.002772671883724263,1.0
m3_p_ccrc,2019-03-01,2019-04-01,0.002629037223082711,0.9555555555555554
m3_p_ccm,2019-03-01,2019-04-01,0.011975832362210177,0.7727272727272727
m3_p_ccc,2019-03-01,2019-04-01,0.022642591529952474,0.9999999999999999
m3_i_dsim,2019-03-01,2019-04-01,0.032788762661322586,1.0
m3_i_dsic,2019-03-01,2019-04-01,0.0835130006053166,0.9555555555555554
m3_i_dim,2019-03-01,2019-04-01,0.04575495473786989,0.9534883720930234
m3_i_dic,2019-03-01,2019-04-01,0.11022020746653495,0.9555555555555554
m3_i_crm,2019-03-01,2019-04-01,0.013172704447917623,0.9545454545454546
m3_i_crc,2019-03-01,2019-04-01,0.04885799888728471,0.9555555555555554
m3_i_bm,2019-03-01,2019-04-01,0.012974356086503483,0.8181818181818182
m3_c_dc,2019-03-01,2019-04-01,0.021911626474070457,0.9999999999999999
m3_c_dbn,2019-03-01,2019-04-01,0.01827433227788969,1.0
m3_c_db,2019-03-01,2019-04-01,0.003404343713349903,1.0
m3_c_ctc,2019-03-01,2019-04-01,0.002085589328937764,0.9545454545454546
m3_c_cc,2019-03-01,2019-04-01,0.007616298583602375,0.9888264649460884
m3_c_cbn,2019-03-01,2019-04-01,0.0065699395962996905,1.0
m1_p_dom,2019-03-01,2019-04-01,0.020156249885303724,1.0
m1_p_docm,2019-03-01,2019-04-01,0.011309795845094704,1.0
m1_p_docc,2019-03-01,2019-04-01,0.009792334990592842,0.9999999999999999
m1_p_doc,2019-03-01,2019-04-01,0.027154166085968854,0.9999999999999999
m1_p_dnom,2019-03-01,2019-04-01,0.0005011491114437527,1.0
m1_p_dnoc,2019-03-01,2019-04-01,0.0011613233002972798,0.9999999999999999
m1_p_dlrm,2019-03-01,2019-04-01,0.0010990144256675272,1.0
m1_p_dlrc,2019-03-01,2019-04-01,0.0012177650280733292,0.9999999999999999
m1_p_dim,2019-03-01,2019-04-01,0.0005754817857793897,1.0
m1_p_dic,2019-03-01,2019-04-01,0.0016547172327147713,0.9999999999999999
m1_p_dcrm,2019-03-01,2019-04-01,0.00046925234493100853,1.0
m1_p_dcrc,2019-03-01,2019-04-01,0.002430669231827805,0.9999999999999999
m1_p_dcm,2019-03-01,2019-04-01,0.010960865277565972,1.0
m1_p_dcc,2019-03-01,2019-04-01,0.009812362850770496,0.9999999999999999
m1_p_com,2019-03-01,2019-04-01,0.004557874115969026,1.0
m1_p_cocm,2019-03-01,2019-04-01,0.003440183924355584,1.0
m1_p_cocc,2019-03-01,2019-04-01,0.004030767586340189,0.9999999999999999
m1_p_coc,2019-03-01,2019-04-01,0.006689671870924039,0.9999999999999999
m1_p_cnom,2019-03-01,2019-04-01,0.00011059304508585107,1.0
m1_p_cnoc,2019-03-01,2019-04-01,0.00019244013574879767,0.9999999999999999
m1_p_clm,2019-03-01,2019-04-01,0.0007912533430290509,0.9487179487179487
m1_p_clc,2019-03-01,2019-04-01,0.001129168961989268,0.9999999999999999
m1_p_cissc,2019-03-01,2019-04-01,1.8998641392704058e-05,1.0
m1_p_cisf,2019-03-01,2019-04-01,8.450137920280049e-05,1.0
m1_p_cisbs,2019-03-01,2019-04-01,0.0010974535078223187,1.0
m1_p_ccrm,2019-03-01,2019-04-01,0.0006753154764274288,1.0
m1_p_ccrc,2019-03-01,2019-04-01,0.0005527585101233149,0.9999999999999999
m1_p_ccm,2019-03-01,2019-04-01,0.0034777246439772844,1.0
m1_p_ccc,2019-03-01,2019-04-01,0.004082132533097449,0.9999999999999999
m1_i_dsim,2019-03-01,2019-04-01,0.0061299627119746555,1.0
m1_i_dsic,2019-03-01,2019-04-01,0.006474109848994714,0.9999999999999999
m1_i_dim,2019-03-01,2019-04-01,0.010341328036542814,0.9534883720930234
m1_i_dic,2019-03-01,2019-04-01,0.004369980264819342,0.9999999999999999
m1_i_crm,2019-03-01,2019-04-01,0.0016731484126300202,1.0
m1_i_crc,2019-03-01,2019-04-01,0.0025987296472531896,0.9999999999999999
m1_i_bm,2019-03-01,2019-04-01,0.0010233732110043465,1.0
m1_c_dc,2019-03-01,2019-04-01,0.02802762715184107,0.9999999999999999
m1_c_dbn,2019-03-01,2019-04-01,0.02727675909991559,1.0
m1_c_db,2019-03-01,2019-04-01,0.01643469785619675,1.0
m1_c_ctc,2019-03-01,2019-04-01,0.00023333944145428306,0.9090909090909091
m1_c_cc,2019-03-01,2019-04-01,0.005550726116467407,0.9888264649460884
m1_c_cbn,2019-03-01,2019-04-01,0.005288539045553364,1.0
m12_p_dom,2019-03-01,2019-04-01,0.05564230125512816,0.9545454545454546
m12_p_docm,2019-03-01,2019-04-01,0.021760464208291704,0.9545454545454546
m12_p_docc,2019-03-01,2019-04-01,0.029820055690458494,0.9555555555555554
m12_p_doc,2019-03-01,2019-04-01,0.09272451672906891,0.9999999999999999
m12_p_dnom,2019-03-01,2019-04-01,0.01934895725914504,1.0
m12_p_dnoc,2019-03-01,2019-04-01,0.024004195914671417,0.9999999999999999
m12_p_dlrm,2019-03-01,2019-04-01,0.0035832748984832973,0.9545454545454546
m12_p_dlrc,2019-03-01,2019-04-01,0.011118332509803154,0.9555555555555554
m12_p_dim,2019-03-01,2019-04-01,0.011722620004366557,0.9545454545454546
m12_p_dic,2019-03-01,2019-04-01,0.019828152267736692,0.9555555555555554
m12_p_dcrm,2019-03-01,2019-04-01,0.028974987552823444,0.9090909090909091
m12_p_dcrc,2019-03-01,2019-04-01,0.04019461161151331,0.9555555555555554
m12_p_dcm,2019-03-01,2019-04-01,0.022783548273716404,0.9545454545454546
m12_p_dcc,2019-03-01,2019-04-01,0.032623978272939294,0.9555555555555554
m12_p_com,2019-03-01,2019-04-01,0.03539420648957259,0.8181818181818182
m12_p_cocm,2019-03-01,2019-04-01,0.017206336144260793,0.8636363636363636
m12_p_cocc,2019-03-01,2019-04-01,0.02244333732339901,0.9999999999999999
m12_p_coc,2019-03-01,2019-04-01,0.32035725470298543,0.9555555555555554
m12_p_cnom,2019-03-01,2019-04-01,0.003942593605485482,1.0
m12_p_cnoc,2019-03-01,2019-04-01,0.0043769281783423986,0.9999999999999999
m12_p_clm,2019-03-01,2019-04-01,0.010786976423150687,0.8974358974358975
m12_p_clc,2019-03-01,2019-04-01,0.014672235963277474,0.9999999999999999
m12_p_cissc,2019-03-01,2019-04-01,0.0019274776496727845,1.0
m12_p_cisf,2019-03-01,2019-04-01,0.0012363834124829232,1.0
m12_p_cisbs,2019-03-01,2019-04-01,0.005152296568298118,1.0
m12_p_ccrm,2019-03-01,2019-04-01,0.002768944315880309,0.9545454545454546
m12_p_ccrc,2019-03-01,2019-04-01,0.002629037223082711,0.9555555555555554
m12_p_ccm,2019-03-01,2019-04-01,0.01726096609564484,0.8636363636363636
m12_p_ccc,2019-03-01,2019-04-01,0.022642591529952474,0.9999999999999999
m12_i_dsim,2019-03-01,2019-04-01,0.029053954787060216,1.0
m12_i_dsic,2019-03-01,2019-04-01,0.0835130006053166,0.9555555555555554
m12_i_dim,2019-03-01,2019-04-01,0.04547358445827047,1.0
m12_i_dic,2019-03-01,2019-04-01,0.11022020746653495,0.9555555555555554
m12_i_crm,2019-03-01,2019-04-01,0.019090442949463965,0.9545454545454546
m12_i_crc,2019-03-01,2019-04-01,0.04885799888728471,0.9555555555555554
m12_i_bm,2019-03-01,2019-04-01,0.023949629070581235,0.9090909090909091
m12_c_dc,2019-03-01,2019-04-01,0.021911626474070457,0.9999999999999999
m12_c_dbn,2019-03-01,2019-04-01,0.01827433227788969,1.0
m12_c_db,2019-03-01,2019-04-01,0.0033613898420675544,1.0
m12_c_ctc,2019-03-01,2019-04-01,0.002106168920318315,0.9545454545454546
m12_c_cc,2019-03-01,2019-04-01,0.007616298583602375,0.9888264649460884
m12_c_cbn,2019-03-01,2019-04-01,0.0065699395962996905,1.0
h_c_dc,2019-03-01,2019-04-01,0.021911626474070457,0.9999999999999999
h_c_dbn,2019-03-01,2019-04-01,0.01827433227788969,1.0
h_c_cc,2019-03-01,2019-04-01,0.007616298583602375,0.9888264649460884
h_c_cbn,2019-03-01,2019-04-01,0.0065699395962996905,1.0
h_c_bc,2019-03-01,2019-04-01,0.020919223350252158,1.0
m6_p_dom,2019-04-01,2019-05-01,0.023419393413372642,0.9545454545454546
m6_p_docm,2019-04-01,2019-05-01,0.012361720406704451,1.0
m6_p_docc,2019-04-01,2019-05-01,0.01622168430248665,0.9999999999999999
m6_p_doc,2019-04-01,2019-05-01,0.03693121378726217,0.9555555555555554
m6_p_dnom,2019-04-01,2019-05-01,0.009414990071403248,0.9545454545454546
m6_p_dnoc,2019-04-01,2019-05-01,0.012840354995339455,0.9555555555555554
m6_p_dlrm,2019-04-01,2019-05-01,0.0016841559279451442,0.9090909090909091
m6_p_dlrc,2019-04-01,2019-05-01,0.004600959144082086,0.9999999999999999
m6_p_dim,2019-04-01,2019-05-01,0.004532681485183718,1.0
m6_p_dic,2019-04-01,2019-05-01,0.008183112431969881,0.9999999999999999
m6_p_dcrm,2019-04-01,2019-05-01,0.012914690059155302,1.0
m6_p_dcrc,2019-04-01,2019-05-01,0.01906008854712032,0.9999999999999999
m6_p_dcm,2019-04-01,2019-05-01,0.012777814163963206,1.0
m6_p_dcc,2019-04-01,2019-05-01,0.017663186585903733,0.9999999999999999
m6_p_com,2019-04-01,2019-05-01,0.008529435500979659,0.8636363636363636
m6_p_cocm,2019-04-01,2019-05-01,0.003797791370028404,0.9090909090909091
m6_p_cocc,2019-04-01,2019-05-01,0.008807072530556055,0.9999999999999999
m6_p_coc,2019-04-01,2019-05-01,0.020730240244873674,0.9999999999999999
m6_p_cnom,2019-04-01,2019-05-01,0.002141489503100551,1.0
m6_p_cnoc,2019-04-01,2019-05-01,0.002406495928295116,0.9999999999999999
m6_p_clm,2019-04-01,2019-05-01,0.002289900769183617,0.8974358974358975
m6_p_clc,2019-04-01,2019-05-01,0.006509397962757321,0.9555555555555554
m6_p_cissc,2019-04-01,2019-05-01,0.0007993909639410781,1.0
m6_p_cisf,2019-04-01,2019-05-01,0.00038210703894643686,1.0
m6_p_cisbs,2019-04-01,2019-05-01,0.011627451773252606,1.0
m6_p_ccrm,2019-04-01,2019-05-01,0.0007016745838239204,0.9545454545454546
m6_p_ccrc,2019-04-01,2019-05-01,0.0008961096904262482,0.9999999999999999
m6_p_ccm,2019-04-01,2019-05-01,0.0038129435348941637,0.9090909090909091
m6_p_ccc,2019-04-01,2019-05-01,0.008884816846841068,0.9999999999999999
m6_i_dsim,2019-04-01,2019-05-01,0.018327557059070854,0.9090909090909091
m6_i_dsic,2019-04-01,2019-05-01,0.01569130654852428,0.9999999999999999
m6_i_dim,2019-04-01,2019-05-01,0.028405538557404453,0.9069767441860466
m6_i_dic,2019-04-01,2019-05-01,0.043336954182282304,0.9999999999999999
m6_i_crm,2019-04-01,2019-05-01,0.005981506751667667,0.8636363636363636
m6_i_crc,2019-04-01,2019-05-01,0.024619948914099535,0.9999999999999999
m6_i_bm,2019-04-01,2019-05-01,0.0066821143282774585,0.7727272727272727
m6_c_dc,2019-04-01,2019-05-01,0.007048910970950427,0.9555555555555554
m6_c_dbn,2019-04-01,2019-05-01,0.006588199400072389,1.0
m6_c_db,2019-04-01,2019-05-01,0.0009835025124951356,1.0
m6_c_ctc,2019-04-01,2019-05-01,0.0015694013844036387,1.0
m6_c_cc,2019-04-01,2019-05-01,0.001275217874142513,0.9999999999999999
m6_c_cbn,2019-04-01,2019-05-01,0.0009867151661584628,1.0
m3_p_dom,2019-04-01,2019-05-01,0.022518188231574685,0.9545454545454546
m3_p_docm,2019-04-01,2019-05-01,0.01183125844446628,1.0
m3_p_docc,2019-04-01,2019-05-01,0.01622168430248665,0.9999999999999999
m3_p_doc,2019-04-01,2019-05-01,0.03693121378726217,0.9555555555555554
m3_p_dnom,2019-04-01,2019-05-01,0.00929443620518661,0.9523809523809522
m3_p_dnoc,2019-04-01,2019-05-01,0.012840354995339455,0.9555555555555554
m3_p_dlrm,2019-04-01,2019-05-01,0.001640776922542507,0.9090909090909091
m3_p_dlrc,2019-04-01,2019-05-01,0.004600959144082086,0.9999999999999999
m3_p_dim,2019-04-01,2019-05-01,0.00434678308178723,1.0
m3_p_dic,2019-04-01,2019-05-01,0.008183112431969881,0.9999999999999999
m3_p_dcrm,2019-04-01,2019-05-01,0.012534840407637044,1.0
m3_p_dcrc,2019-04-01,2019-05-01,0.01906008854712032,0.9999999999999999
m3_p_dcm,2019-04-01,2019-05-01,0.012217586814861986,1.0
m3_p_dcc,2019-04-01,2019-05-01,0.017663186585903733,0.9999999999999999
m3_p_com,2019-04-01,2019-05-01,0.006556502856017283,0.8636363636363636
m3_p_cocm,2019-04-01,2019-05-01,0.0023900050063943214,0.9090909090909091
m3_p_cocc,2019-04-01,2019-05-01,0.008807072530556055,0.9999999999999999
m3_p_coc,2019-04-01,2019-05-01,0.020730240244873674,0.9999999999999999
m3_p_cnom,2019-04-01,2019-05-01,0.002128349082358767,1.0
m3_p_cnoc,2019-04-01,2019-05-01,0.002406495928295116,0.9999999999999999
m3_p_clm,2019-04-01,2019-05-01,0.0013417281136043377,0.9487179487179487
m3_p_clc,2019-04-01,2019-05-01,0.006509397962757321,0.9555555555555554
m3_p_cissc,2019-04-01,2019-05-01,0.0007993909639410781,1.0
m3_p_cisf,2019-04-01,2019-05-01,0.00038210703894643686,1.0
m3_p_cisbs,2019-04-01,2019-05-01,0.011627451773252606,1.0
m3_p_ccrm,2019-04-01,2019-05-01,0.0006938188630963855,0.9545454545454546
m3_p_ccrc,2019-04-01,2019-05-01,0.0008961096904262482,0.9999999999999999
m3_p_ccm,2019-04-01,2019-05-01,0.0023996900459202137,0.9090909090909091
m3_p_ccc,2019-04-01,2019-05-01,0.008884816846841068,0.9999999999999999
m3_i_dsim,2019-04-01,2019-05-01,0.01811445324811442,0.9090909090909091
m3_i_dsic,2019-04-01,2019-05-01,0.01569130654852428,0.9999999999999999
m3_i_dim,2019-04-01,2019-05-01,0.02812142148347018,0.9534883720930234
m3_i_dic,2019-04-01,2019-05-01,0.043336954182282304,0.9999999999999999
m3_i_crm,2019-04-01,2019-05-01,0.004205859256484332,0.8181818181818182
m3_i_crc,2019-04-01,2019-05-01,0.024619948914099535,0.9999999999999999
m3_i_bm,2019-04-01,2019-05-01,0.00481699808487352,0.9545454545454546
m3_c_dc,2019-04-01,2019-05-01,0.007048910970950427,0.9555555555555554
m3_c_dbn,2019-04-01,2019-05-01,0.006588199400072389,1.0
m3_c_db,2019-04-01,2019-05-01,0.0009872759224267248,1.0
m3_c_ctc,2019-04-01,2019-05-01,0.0015462106469061518,0.9545454545454546
m3_c_cc,2019-04-01,2019-05-01,0.001275217874142513,0.9999999999999999
m3_c_cbn,2019-04-01,2019-05-01,0.0009867151661584628,1.0
m1_p_dom,2019-04-01,2019-05-01,0.0016908652772360871,1.0
m1_p_docm,2019-04-01,2019-05-01,0.0013172216867282046,1.0
m1_p_docc,2019-04-01,2019-05-01,0.0023106928867522073,0.9999999999999999
m1_p_doc,2019-04-01,2019-05-01,0.004205589201462311,0.9999999999999999
m1_p_dnom,2019-04-01,2019-05-01,0.0005321725195062891,1.0
m1_p_dnoc,2019-04-01,2019-05-01,0.0008600691674741521,0.9999999999999999
m1_p_dlrm,2019-04-01,2019-05-01,4.5717842872103773e-05,1.0
m1_p_dlrc,2019-04-01,2019-05-01,2.2646327169983823e-05,0.9999999999999999
m1_p_dim,2019-04-01,2019-05-01,0.0005925227753846011,1.0
m1_p_dic,2019-04-01,2019-05-01,0.0008220168353524741,0.9999999999999999
m1_p_dcrm,2019-04-01,2019-05-01,0.00021978746360816373,1.0
m1_p_dcrc,2019-04-01,2019-05-01,0.0006731173681073054,0.9999999999999999
m1_p_dcm,2019-04-01,2019-05-01,0.0013628618095525434,1.0
m1_p_dcc,2019-04-01,2019-05-01,0.002430435359047348,0.9999999999999999
m1_p_com,2019-04-01,2019-05-01,0.0017466472962778857,1.0
m1_p_cocm,2019-04-01,2019-05-01,0.00030964794630005006,0.8181818181818182
m1_p_cocc,2019-04-01,2019-05-01,0.0006501497659548816,0.9999999999999999
m1_p_coc,2019-04-01,2019-05-01,0.0029723994851301484,0.9999999999999999
m1_p_cnom,2019-04-01,2019-05-01,7.036544239079858e-05,1.0
m1_p_cnoc,2019-04-01,2019-05-01,0.00010330190339967133,0.9999999999999999
m1_p_clm,2019-04-01,2019-05-01,0.00018217915218701536,0.8974358974358975
m1_p_clc,2019-04-01,2019-05-01,0.0003590617499993565,0.9999999999999999
m1_p_cissc,2019-04-01,2019-05-01,9.649577694302488e-05,1.0
m1_p_cisf,2019-04-01,2019-05-01,5.200071781169124e-06,1.0
m1_p_cisbs,2019-04-01,2019-05-01,0.009098928857814041,1.0
m1_p_ccrm,2019-04-01,2019-05-01,8.084600621298495e-05,1.0
m1_p_ccrc,2019-04-01,2019-05-01,0.00015789434544080623,0.9555555555555554
m1_p_ccm,2019-04-01,2019-05-01,0.0003129687281989976,0.9090909090909091
m1_p_ccc,2019-04-01,2019-05-01,0.0006570547709240696,0.9999999999999999
m1_i_dsim,2019-04-01,2019-05-01,0.003661183391348761,1.0
m1_i_dsic,2019-04-01,2019-05-01,0.003801099872479147,0.9999999999999999
m1_i_dim,2019-04-01,2019-05-01,0.0006921143981412769,1.0
m1_i_dic,2019-04-01,2019-05-01,0.0015522907266968422,0.9999999999999999
m1_i_crm,2019-04-01,2019-05-01,0.00042101075674885134,0.9545454545454546
m1_i_crc,2019-04-01,2019-05-01,0.0010399381112347634,0.9999999999999999
m1_i_bm,2019-04-01,2019-05-01,0.0007351213886152339,1.0
m1_c_dc,2019-04-01,2019-05-01,0.0031398075270111002,0.9999999999999999
m1_c_dbn,2019-04-01,2019-05-01,0.003281752841789927,1.0
m1_c_db,2019-04-01,2019-05-01,0.0024545705249205373,1.0
m1_c_ctc,2019-04-01,2019-05-01,0.00012677353986927388,0.9545454545454546
m1_c_cc,2019-04-01,2019-05-01,0.0006347799687016517,0.9999999999999999
m1_c_cbn,2019-04-01,2019-05-01,0.0005846270358641323,1.0
m12_p_dom,2019-04-01,2019-05-01,0.023796471788579826,0.9545454545454546
m12_p_docm,2019-04-01,2019-05-01,0.012738470976957468,1.0
m12_p_docc,2019-04-01,2019-05-01,0.01622168430248665,0.9999999999999999
m12_p_doc,2019-04-01,2019-05-01,0.03693121378726217,0.9555555555555554
m12_p_dnom,2019-04-01,2019-05-01,0.00954262306970026,1.0
m12_p_dnoc,2019-04-01,2019-05-01,0.012840354995339455,0.9555555555555554
m12_p_dlrm,2019-04-01,2019-05-01,0.0016282166040777935,0.9545454545454546
m12_p_dlrc,2019-04-01,2019-05-01,0.004600959144082086,0.9999999999999999
m12_p_dim,2019-04-01,2019-05-01,0.0047843649934038585,1.0
m12_p_dic,2019-04-01,2019-05-01,0.008183112431969881,0.9999999999999999
m12_p_dcrm,2019-04-01,2019-05-01,0.013223376540113227,1.0
m12_p_dcrc,2019-04-01,2019-05-01,0.01906008854712032,0.9999999999999999
m12_p_dcm,2019-04-01,2019-05-01,0.013205687734251726,1.0
m12_p_dcc,2019-04-01,2019-05-01,0.017663186585903733,0.9999999999999999
m12_p_com,2019-04-01,2019-05-01,0.011515118594420466,0.9545454545454546
m12_p_cocm,2019-04-01,2019-05-01,0.006124009704294614,1.0
m12_p_cocc,2019-04-01,2019-05-01,0.008807072530556055,0.9999999999999999
m12_p_coc,2019-04-01,2019-05-01,0.020730240244873674,0.9999999999999999
m12_p_cnom,2019-04-01,2019-05-01,0.0021485627761025335,1.0
m12_p_cnoc,2019-04-01,2019-05-01,0.002406495928295116,0.9999999999999999
m12_p_clm,2019-04-01,2019-05-01,0.004011083817909642,1.0
m12_p_clc,2019-04-01,2019-05-01,0.006509397962757321,0.9555555555555554
m12_p_cissc,2019-04-01,2019-05-01,0.0007993909639410781,1.0
m12_p_cisf,2019-04-01,2019-05-01,0.00038210703894643686,1.0
m12_p_cisbs,2019-04-01,2019-05-01,0.011627451773252606,1.0
m12_p_ccrm,2019-04-01,2019-05-01,0.0007047341201104481,0.9545454545454546
m12_p_ccrc,2019-04-01,2019-05-01,0.0008961096904262482,0.9999999999999999
m12_p_ccm,2019-04-01,2019-05-01,0.00614406194078822,1.0
m12_p_ccc,2019-04-01,2019-05-01,0.008884816846841068,0.9999999999999999
m12_i_dsim,2019-04-01,2019-05-01,0.017421206228754316,0.9545454545454546
m12_i_dsic,2019-04-01,2019-05-01,0.01569130654852428,0.9999999999999999
m12_i_dim,2019-04-01,2019-05-01,0.027016477779710526,0.9534883720930234
m12_i_dic,2019-04-01,2019-05-01,0.043336954182282304,0.9999999999999999
m12_i_crm,2019-04-01,2019-05-01,0.008880680811900568,0.9545454545454546
m12_i_crc,2019-04-01,2019-05-01,0.024619948914099535,0.9999999999999999
m12_i_bm,2019-04-01,2019-05-01,0.010959322942051207,0.9545454545454546
m12_c_dc,2019-04-01,2019-05-01,0.007048910970950427,0.9555555555555554
m12_c_dbn,2019-04-01,2019-05-01,0.006588199400072389,1.0
m12_c_db,2019-04-01,2019-05-01,0.000971106136622621,1.0
m12_c_ctc,2019-04-01,2019-05-01,0.001578658271396711,0.9545454545454546
m12_c_cc,2019-04-01,2019-05-01,0.001275217874142513,0.9999999999999999
m12_c_cbn,2019-04-01,2019-05-01,0.0009867151661584628,1.0
h_c_dc,2019-04-01,2019-05-01,0.007048910970950427,0.9555555555555554
h_c_dbn,2019-04-01,2019-05-01,0.006588199400072389,1.0
h_c_cc,2019-04-01,2019-05-01,0.001275217874142513,0.9999999999999999
h_c_cbn,2019-04-01,2019-05-01,0.0009867151661584628,1.0
h_c_bc,2019-04-01,2019-05-01,0.005140513865674862,0.9636241116594314
m6_p_dom,2019-05-01,2019-06-01,0.01051141244894634,0.7727272727272727
m6_p_docm,2019-05-01,2019-06-01,0.005294449213967292,0.9545454545454546
m6_p_docc,2019-05-01,2019-06-01,0.006334739039975323,0.9999999999999999
m6_p_doc,2019-05-01,2019-06-01,0.014275574666609598,0.9999999999999999
m6_p_dnom,2019-05-01,2019-06-01,0.005900875389951274,1.0
m6_p_dnoc,2019-05-01,2019-06-01,0.007005183896319527,0.9999999999999999
m6_p_dlrm,2019-05-01,2019-06-01,0.0012162373532808078,0.9090909090909091
m6_p_dlrc,2019-05-01,2019-06-01,0.0011988449675114936,0.9999999999999999
m6_p_dim,2019-05-01,2019-06-01,0.0020812353146128066,1.0
m6_p_dic,2019-05-01,2019-06-01,0.003540016659115448,0.9999999999999999
m6_p_dcrm,2019-05-01,2019-06-01,0.005723398423450588,0.9545454545454546
m6_p_dcrc,2019-05-01,2019-06-01,0.008243575841193925,0.9999999999999999
m6_p_dcm,2019-05-01,2019-06-01,0.005324060119540558,1.0
m6_p_dcc,2019-05-01,2019-06-01,0.006701397664709432,0.9999999999999999
m6_p_com,2019-05-01,2019-06-01,0.003233097807515429,0.8181818181818182
m6_p_cocm,2019-05-01,2019-06-01,0.001534491388862903,0.9090909090909091
m6_p_cocc,2019-05-01,2019-06-01,0.003600365637472622,0.9999999999999999
m6_p_coc,2019-05-01,2019-06-01,0.005738972182705174,0.9999999999999999
m6_p_cnom,2019-05-01,2019-06-01,0.0012236252006876057,1.0
m6_p_cnoc,2019-05-01,2019-06-01,0.0013658986558721764,0.9999999999999999
m6_p_clm,2019-05-01,2019-06-01,0.0004284285676960206,1.0
m6_p_clc,2019-05-01,2019-06-01,0.0023583465458612775,0.9999999999999999
m6_p_cissc,2019-05-01,2019-06-01,0.00027582305048745115,1.0
m6_p_cisf,2019-05-01,2019-06-01,0.001616796202592639,1.0
m6_p_cisbs,2019-05-01,2019-06-01,0.0007532274059518835,1.0
m6_p_ccrm,2019-05-01,2019-06-01,0.0007096086532739876,0.9545454545454546
m6_p_ccrc,2019-05-01,2019-06-01,0.0006821090677132946,0.9999999999999999
m6_p_ccm,2019-05-01,2019-06-01,0.0015175267807095133,0.9090909090909091
m6_p_ccc,2019-05-01,2019-06-01,0.0036353794913527838,0.9999999999999999
m6_i_dsim,2019-05-01,2019-06-01,0.008459001070502693,0.9545454545454546
m6_i_dsic,2019-05-01,2019-06-01,0.008635432255777448,0.9999999999999999
m6_i_dim,2019-05-01,2019-06-01,0.012627958581329842,0.9069767441860466
m6_i_dic,2019-05-01,2019-06-01,0.018168539637158265,0.9999999999999999
m6_i_crm,2019-05-01,2019-06-01,0.0021972443542944186,0.8181818181818182
m6_i_crc,2019-05-01,2019-06-01,0.010253689358167034,0.9555555555555554
m6_i_bm,2019-05-01,2019-06-01,0.00294892164181753,0.9090909090909091
m6_c_dc,2019-05-01,2019-06-01,0.002695748673359037,0.9999999999999999
m6_c_dbn,2019-05-01,2019-06-01,0.0023402599958810104,0.9636241116594314
m6_c_db,2019-05-01,2019-06-01,0.00029892522055340607,1.0
m6_c_ctc,2019-05-01,2019-06-01,0.0005857269105560448,1.0
m6_c_cc,2019-05-01,2019-06-01,0.00021569058779486033,0.9999999999999999
m6_c_cbn,2019-05-01,2019-06-01,0.00016741564637796842,1.0
m3_p_dom,2019-05-01,2019-06-01,0.003923391435981928,0.9090909090909091
m3_p_docm,2019-05-01,2019-06-01,0.0007736491337090551,0.9545454545454546
m3_p_docc,2019-05-01,2019-06-01,0.0012241594976824671,0.9555555555555554
m3_p_doc,2019-05-01,2019-06-01,0.005198413690547415,0.9999999999999999
m3_p_dnom,2019-05-01,2019-06-01,0.001189209926961396,1.0
m3_p_dnoc,2019-05-01,2019-06-01,0.0015053080921971099,0.9999999999999999
m3_p_dlrm,2019-05-01,2019-06-01,0.0005381616618388569,0.9545454545454546
m3_p_dlrc,2019-05-01,2019-06-01,0.0005811814451409052,0.9999999999999999
m3_p_dim,2019-05-01,2019-06-01,0.0006117961821275479,1.0
m3_p_dic,2019-05-01,2019-06-01,0.0009691985669513542,0.9999999999999999
m3_p_dcrm,2019-05-01,2019-06-01,0.0005506295543689667,0.9545454545454546
m3_p_dcrc,2019-05-01,2019-06-01,0.0015144246331828095,0.9999999999999999
m3_p_dcm,2019-05-01,2019-06-01,0.0008396875411421839,0.9545454545454546
m3_p_dcc,2019-05-01,2019-06-01,0.0013155506780239267,0.9999999999999999
m3_p_com,2019-05-01,2019-06-01,0.0008581461419328436,0.9090909090909091
m3_p_cocm,2019-05-01,2019-06-01,0.0008000453922767833,1.0
m3_p_cocc,2019-05-01,2019-06-01,0.0009182303428597186,0.9999999999999999
m3_p_coc,2019-05-01,2019-06-01,0.0010495908063374556,0.9999999999999999
m3_p_cnom,2019-05-01,2019-06-01,0.00018923768104365165,1.0
m3_p_cnoc,2019-05-01,2019-06-01,0.0002493160014171471,0.9999999999999999
m3_p_clm,2019-05-01,2019-06-01,0.00017940238428458901,1.0
m3_p_clc,2019-05-01,2019-06-01,0.0004920783653861771,0.9999999999999999
m3_p_cissc,2019-05-01,2019-06-01,4.80691232753057e-07,1.0
m3_p_cisf,2019-05-01,2019-06-01,0.0007622508526697957,1.0
m3_p_cisbs,2019-05-01,2019-06-01,0.0002231433004679199,1.0
m3_p_ccrm,2019-05-01,2019-06-01,0.00026992893535038965,0.9545454545454546
m3_p_ccrc,2019-05-01,2019-06-01,0.00023843597455897917,0.9999999999999999
m3_p_ccm,2019-05-01,2019-06-01,0.0007792946300188062,1.0
m3_p_ccc,2019-05-01,2019-06-01,0.0009222028061351923,0.9999999999999999
m3_i_dsim,2019-05-01,2019-06-01,0.002754578158900162,0.9545454545454546
m3_i_dsic,2019-05-01,2019-06-01,0.003961426764933318,0.9999999999999999
m3_i_dim,2019-05-01,2019-06-01,0.003306923513159964,0.9534883720930234
m3_i_dic,2019-05-01,2019-06-01,0.004463335268074309,0.9999999999999999
m3_i_crm,2019-05-01,2019-06-01,0.001298886901508822,0.9090909090909091
m3_i_crc,2019-05-01,2019-06-01,0.0034629273176263998,0.9555555555555554
m3_i_bm,2019-05-01,2019-06-01,0.0016374525195814386,0.8636363636363636
m3_c_dc,2019-05-01,2019-06-01,0.004481982975196052,0.9555555555555554
m3_c_dbn,2019-05-01,2019-06-01,0.004444691952218224,0.9636241116594314
m3_c_db,2019-05-01,2019-06-01,0.002601058705772774,1.0
m3_c_ctc,2019-05-01,2019-06-01,1.790633503758493e-05,1.0
m3_c_cc,2019-05-01,2019-06-01,0.00031043870755479087,0.9999999999999999
m3_c_cbn,2019-05-01,2019-06-01,0.0003081938850509235,1.0
m1_p_dom,2019-05-01,2019-06-01,0.004511069902292395,1.0
m1_p_docm,2019-05-01,2019-06-01,0.0011104617651607135,1.0
m1_p_docc,2019-05-01,2019-06-01,0.0012626958989035715,0.9999999999999999
m1_p_doc,2019-05-01,2019-06-01,0.004409152944189136,0.9999999999999999
m1_p_dnom,2019-05-01,2019-06-01,0.00023236963512086807,1.0
m1_p_dnoc,2019-05-01,2019-06-01,5.0513512397683876e-05,0.9999999999999999
m1_p_dlrm,2019-05-01,2019-06-01,0.0009678296898484305,0.9545454545454546
m1_p_dlrc,2019-05-01,2019-06-01,0.0009032977026257028,0.9999999999999999
m1_p_dim,2019-05-01,2019-06-01,0.0004025433536165423,1.0
m1_p_dic,2019-05-01,2019-06-01,0.0003133492709004306,0.9999999999999999
m1_p_dcrm,2019-05-01,2019-06-01,0.0012389384404981629,1.0
m1_p_dcrc,2019-05-01,2019-06-01,0.0011746274054381446,0.9999999999999999
m1_p_dcm,2019-05-01,2019-06-01,0.00152008982926334,1.0
m1_p_dcc,2019-05-01,2019-06-01,0.0016971491218403063,0.9999999999999999
m1_p_com,2019-05-01,2019-06-01,0.0015573551360503098,1.0
m1_p_cocm,2019-05-01,2019-06-01,0.0014660559698483058,0.9090909090909091
m1_p_cocc,2019-05-01,2019-06-01,0.0007548627915442083,0.9999999999999999
m1_p_coc,2019-05-01,2019-06-01,0.0013457924839563537,0.9999999999999999
m1_p_cnom,2019-05-01,2019-06-01,1.9193171428260846e-05,1.0
m1_p_cnoc,2019-05-01,2019-06-01,1.6234766485186113e-05,0.9999999999999999
m1_p_clm,2019-05-01,2019-06-01,0.000963686207090893,1.0
m1_p_clc,2019-05-01,2019-06-01,0.0009563245905982333,0.9999999999999999
m1_p_cissc,2019-05-01,2019-06-01,9.629634216884134e-05,1.0
m1_p_cisf,2019-05-01,2019-06-01,0.0006469882301818875,1.0
m1_p_cisbs,2019-05-01,2019-06-01,0.0005357642788020063,1.0
m1_p_ccrm,2019-05-01,2019-06-01,0.0001082363450180348,1.0
m1_p_ccrc,2019-05-01,2019-06-01,9.841107944260135e-05,0.9999999999999999
m1_p_ccm,2019-05-01,2019-06-01,0.0014619796094513995,1.0
m1_p_ccc,2019-05-01,2019-06-01,0.0007687301092132825,0.9999999999999999
m1_i_dsim,2019-05-01,2019-06-01,0.00021897763637073343,1.0
m1_i_dsic,2019-05-01,2019-06-01,9.19408913497942e-05,0.9999999999999999
m1_i_dim,2019-05-01,2019-06-01,0.001296355980275201,1.0
m1_i_dic,2019-05-01,2019-06-01,0.002412534702690097,0.9999999999999999
m1_i_crm,2019-05-01,2019-06-01,0.0013896498302468283,1.0
m1_i_crc,2019-05-01,2019-06-01,0.001382749598248225,0.9999999999999999
m1_i_bm,2019-05-01,2019-06-01,0.0016269991214400833,1.0
m1_c_dc,2019-05-01,2019-06-01,0.00669455795955743,0.9999999999999999
m1_c_dbn,2019-05-01,2019-06-01,0.00666437822742298,1.0
m1_c_db,2019-05-01,2019-06-01,0.004260770398135003,1.0
m1_c_ctc,2019-05-01,2019-06-01,0.0002886844118005124,1.0
m1_c_cc,2019-05-01,2019-06-01,0.0015548633330542002,0.9999999999999999
m1_c_cbn,2019-05-01,2019-06-01,0.0015608943354341789,1.0
m12_p_dom,2019-05-01,2019-06-01,0.010781850239844362,0.8636363636363636
m12_p_docm,2019-05-01,2019-06-01,0.005526224981199743,1.0
m12_p_docc,2019-05-01,2019-06-01,0.006334739039975323,0.9999999999999999
m12_p_doc,2019-05-01,2019-06-01,0.014275574666609598,0.9999999999999999
m12_p_dnom,2019-05-01,2019-06-01,0.005960054583412652,1.0
m12_p_dnoc,2019-05-01,2019-06-01,0.007005183896319527,0.9999999999999999
m12_p_dlrm,2019-05-01,2019-06-01,0.0010806903898435817,0.8636363636363636
m12_p_dlrc,2019-05-01,2019-06-01,0.0011988449675114936,0.9999999999999999
m12_p_dim,2019-05-01,2019-06-01,0.002149176874041382,1.0
m12_p_dic,2019-05-01,2019-06-01,0.003540016659115448,0.9999999999999999
m12_p_dcrm,2019-05-01,2019-06-01,0.005862087416914246,0.9545454545454546
m12_p_dcrc,2019-05-01,2019-06-01,0.008243575841193925,0.9999999999999999
m12_p_dcm,2019-05-01,2019-06-01,0.005593352011009103,1.0
m12_p_dcc,2019-05-01,2019-06-01,0.006701397664709432,0.9999999999999999
m12_p_com,2019-05-01,2019-06-01,0.004814499601837461,0.9545454545454546
m12_p_cocm,2019-05-01,2019-06-01,0.0025965241320613786,1.0
m12_p_cocc,2019-05-01,2019-06-01,0.003600365637472622,0.9999999999999999
m12_p_coc,2019-05-01,2019-06-01,0.005738972182705174,0.9999999999999999
m12_p_cnom,2019-05-01,2019-06-01,0.0012292631295366503,1.0
m12_p_cnoc,2019-05-01,2019-06-01,0.0013658986558721764,0.9999999999999999
m12_p_clm,2019-05-01,2019-06-01,0.001088644852206072,1.0
m12_p_clc,2019-05-01,2019-06-01,0.0023583465458612775,0.9999999999999999
m12_p_cissc,2019-05-01,2019-06-01,0.00027582305048745115,1.0
m12_p_cisf,2019-05-01,2019-06-01,0.001616796202592639,1.0
m12_p_cisbs,2019-05-01,2019-06-01,0.0007532274059518835,1.0
m12_p_ccrm,2019-05-01,2019-06-01,0.0007082318421798168,1.0
m12_p_ccrc,2019-05-01,2019-06-01,0.0006821090677132946,0.9999999999999999
m12_p_ccm,2019-05-01,2019-06-01,0.0025813519491433732,1.0
m12_p_ccc,2019-05-01,2019-06-01,0.0036353794913527838,0.9999999999999999
m12_i_dsim,2019-05-01,2019-06-01,0.008577964051383006,0.9545454545454546
m12_i_dsic,2019-05-01,2019-06-01,0.008635432255777448,0.9999999999999999
m12_i_dim,2019-05-01,2019-06-01,0.012387388243377637,0.9534883720930234
m12_i_dic,2019-05-01,2019-06-01,0.018168539637158265,0.9999999999999999
m12_i_crm,2019-05-01,2019-06-01,0.003594962585945064,0.9090909090909091
m12_i_crc,2019-05-01,2019-06-01,0.010253689358167034,0.9555555555555554
m12_i_bm,2019-05-01,2019-06-01,0.004459246384082969,0.8181818181818182
m12_c_dc,2019-05-01,2019-06-01,0.002695748673359037,0.9999999999999999
m12_c_dbn,2019-05-01,2019-06-01,0.0023402599958810104,0.9636241116594314
m12_c_db,2019-05-01,2019-06-01,0.0002940812119549685,1.0
m12_c_ctc,2019-05-01,2019-06-01,0.0005896565151247116,1.0
m12_c_cc,2019-05-01,2019-06-01,0.00021569058779486033,0.9999999999999999
m12_c_cbn,2019-05-01,2019-06-01,0.00016741564637796842,1.0
h_c_dc,2019-05-01,2019-06-01,0.002695748673359037,0.9999999999999999
h_c_dbn,2019-05-01,2019-06-01,0.0023402599958810104,0.9636241116594314
h_c_cc,2019-05-01,2019-06-01,0.00021569058779486033,0.9999999999999999
h_c_cbn,2019-05-01,2019-06-01,0.00016741564637796842,1.0
h_c_bc,2019-05-01,2019-06-01,0.0016343941442306202,1.0
m6_p_dom,2019-06-01,2019-07-01,0.005856678112453967,0.9545454545454546
m6_p_docm,2019-06-01,2019-07-01,0.006890320055538703,0.9545454545454546
m6_p_docc,2019-06-01,2019-07-01,0.013232806708271594,0.9999999999999999
m6_p_doc,2019-06-01,2019-07-01,0.008804206948822512,0.9555555555555554
m6_p_dnom,2019-06-01,2019-07-01,0.002425085300996036,1.0
m6_p_dnoc,2019-06-01,2019-07-01,0.003562359369194829,0.9999999999999999
m6_p_dlrm,2019-06-01,2019-07-01,0.0006304641231714561,0.7727272727272727
m6_p_dlrc,2019-06-01,2019-07-01,0.0005934830668515394,0.9999999999999999
m6_p_dim,2019-06-01,2019-07-01,0.0015182258455519824,0.9090909090909091
m6_p_dic,2019-06-01,2019-07-01,0.002496395986510193,0.9999999999999999
m6_p_dcrm,2019-06-01,2019-07-01,0.003324052208870037,0.9090909090909091
m6_p_dcrc,2019-06-01,2019-07-01,0.0047240569303591854,0.9999999999999999
m6_p_dcm,2019-06-01,2019-07-01,0.007068771319438733,1.0
m6_p_dcc,2019-06-01,2019-07-01,0.013790323964156265,0.9999999999999999
m6_p_com,2019-06-01,2019-07-01,0.00126533275145151,0.9545454545454546
m6_p_cocm,2019-06-01,2019-07-01,0.0014961943122934064,1.0
m6_p_cocc,2019-06-01,2019-07-01,0.0023170366110632557,0.9999999999999999
m6_p_coc,2019-06-01,2019-07-01,0.00450252795290159,0.9999999999999999
m6_p_cnom,2019-06-01,2019-07-01,0.0006232602802343524,1.0
m6_p_cnoc,2019-06-01,2019-07-01,0.0007160460663823515,0.9999999999999999
m6_p_clm,2019-06-01,2019-07-01,0.0001702052119966607,1.0
m6_p_clc,2019-06-01,2019-07-01,0.0015557691295831077,0.9999999999999999
m6_p_cissc,2019-06-01,2019-07-01,0.00027677636876031184,1.0
m6_p_cisf,2019-06-01,2019-07-01,0.0018582302778399548,1.0
m6_p_cisbs,2019-06-01,2019-07-01,0.0004588526263327214,1.0
m6_p_ccrm,2019-06-01,2019-07-01,0.00027788506965327063,1.0
m6_p_ccrc,2019-06-01,2019-07-01,0.000311159698800771,0.9999999999999999
m6_p_ccm,2019-06-01,2019-07-01,0.0014703235646854429,1.0
m6_p_ccc,2019-06-01,2019-07-01,0.0023300859543884805,0.9999999999999999
m6_i_dsim,2019-06-01,2019-07-01,0.005708541648678766,0.8636363636363636
m6_i_dsic,2019-06-01,2019-07-01,0.007437432821725314,0.9999999999999999
m6_i_dim,2019-06-01,2019-07-01,0.007883650643838532,0.7674418604651163
m6_i_dic,2019-06-01,2019-07-01,0.013098312236998986,0.9999999999999999
m6_i_crm,2019-06-01,2019-07-01,0.0011400005084601724,0.8636363636363636
m6_i_crc,2019-06-01,2019-07-01,0.006163605735962601,0.9999999999999999
m6_i_bm,2019-06-01,2019-07-01,0.0011601451569820437,0.9545454545454546
m6_c_dc,2019-06-01,2019-07-01,0.0014204903209854571,0.9999999999999999
m6_c_dbn,2019-06-01,2019-07-01,0.0012250195838314618,0.9523809523809522
m6_c_db,2019-06-01,2019-07-01,0.00020855281131372305,1.0
m6_c_ctc,2019-06-01,2019-07-01,0.0005578785227541395,0.9090909090909091
m6_c_cc,2019-06-01,2019-07-01,0.0006459412829135615,0.9999999999999999
m6_c_cbn,2019-06-01,2019-07-01,0.0005717598247122127,1.0
m3_p_dom,2019-06-01,2019-07-01,0.0026090391039271664,0.9545454545454546
m3_p_docm,2019-06-01,2019-07-01,0.0021591029280244134,0.9545454545454546
m3_p_docc,2019-06-01,2019-07-01,0.007787688120938085,0.9555555555555554
m3_p_doc,2019-06-01,2019-07-01,0.002788800628318307,0.9999999999999999
m3_p_dnom,2019-06-01,2019-07-01,5.193316089823506e-05,1.0
m3_p_dnoc,2019-06-01,2019-07-01,0.00032302310577071524,0.9999999999999999
m3_p_dlrm,2019-06-01,2019-07-01,6.423731858731126e-05,0.9545454545454546
m3_p_dlrc,2019-06-01,2019-07-01,5.289631422052961e-05,0.9999999999999999
m3_p_dim,2019-06-01,2019-07-01,0.00013783579483464593,1.0
m3_p_dic,2019-06-01,2019-07-01,0.00014178980557550148,0.9999999999999999
m3_p_dcrm,2019-06-01,2019-07-01,0.00031493318882080707,0.9545454545454546
m3_p_dcrc,2019-06-01,2019-07-01,0.00029039451269837965,0.9999999999999999
m3_p_dcm,2019-06-01,2019-07-01,0.0021140405330668647,0.9545454545454546
m3_p_dcc,2019-06-01,2019-07-01,0.007797369269828693,0.9999999999999999
m3_p_com,2019-06-01,2019-07-01,0.0020335565710807744,0.9545454545454546
m3_p_cocm,2019-06-01,2019-07-01,0.0013810578228837227,1.0
m3_p_cocc,2019-06-01,2019-07-01,0.0003914029521185447,0.9999999999999999
m3_p_coc,2019-06-01,2019-07-01,0.0007118046408169515,0.9999999999999999
m3_p_cnom,2019-06-01,2019-07-01,6.351237137556493e-06,1.0
m3_p_cnoc,2019-06-01,2019-07-01,2.1496673614389666e-05,0.9999999999999999
m3_p_clm,2019-06-01,2019-07-01,0.0001301601557093183,1.0
m3_p_clc,2019-06-01,2019-07-01,0.00017769916419333993,0.9999999999999999
m3_p_cissc,2019-06-01,2019-07-01,3.5706959787075763e-07,1.0
m3_p_cisf,2019-06-01,2019-07-01,0.0011306267474061392,1.0
m3_p_cisbs,2019-06-01,2019-07-01,5.489077701332301e-05,1.0
m3_p_ccrm,2019-06-01,2019-07-01,3.1506447914057135e-05,0.9545454545454546
m3_p_ccrc,2019-06-01,2019-07-01,2.3146461300776984e-05,0.9999999999999999
m3_p_ccm,2019-06-01,2019-07-01,0.0013418826017969588,1.0
m3_p_ccc,2019-06-01,2019-07-01,0.00038497633596565155,0.9999999999999999
m3_i_dsim,2019-06-01,2019-07-01,0.0008821974661246287,1.0
m3_i_dsic,2019-06-01,2019-07-01,0.0007955810849649977,0.9999999999999999
m3_i_dim,2019-06-01,2019-07-01,0.0008668771410306423,0.9534883720930234
m3_i_dic,2019-06-01,2019-07-01,0.0014393757801228393,0.9999999999999999
m3_i_crm,2019-06-01,2019-07-01,0.0004352817068871531,1.0
m3_i_crc,2019-06-01,2019-07-01,0.0007006043578581927,0.9999999999999999
m3_i_bm,2019-06-01,2019-07-01,0.0005248521824218586,0.9545454545454546
m3_c_dc,2019-06-01,2019-07-01,0.003165422880378185,0.9999999999999999
m3_c_dbn,2019-06-01,2019-07-01,0.003182382274545921,1.0
m3_c_db,2019-06-01,2019-07-01,0.0014500653652398654,1.0
m3_c_ctc,2019-06-01,2019-07-01,0.0002761714410141302,0.9090909090909091
m3_c_cc,2019-06-01,2019-07-01,2.4286408891173152e-05,0.9999999999999999
m3_c_cbn,2019-06-01,2019-07-01,5.7639327617898795e-05,1.0
m1_p_dom,2019-06-01,2019-07-01,0.005163642796279294,1.0
m1_p_docm,2019-06-01,2019-07-01,0.003533308361256966,1.0
m1_p_docc,2019-06-01,2019-07-01,0.013086591851672862,0.9555555555555554
m1_p_doc,2019-06-01,2019-07-01,0.005432370610446598,0.9999999999999999
m1_p_dnom,2019-06-01,2019-07-01,0.0007078557097948826,1.0
m1_p_dnoc,2019-06-01,2019-07-01,0.0007450562505544429,0.9999999999999999
m1_p_dlrm,2019-06-01,2019-07-01,0.0012488381551096972,0.9545454545454546
m1_p_dlrc,2019-06-01,2019-07-01,0.0010324763883095593,0.9999999999999999
m1_p_dim,2019-06-01,2019-07-01,0.00014863135809804992,1.0
m1_p_dic,2019-06-01,2019-07-01,9.928812441692433e-05,0.9999999999999999
m1_p_dcrm,2019-06-01,2019-07-01,0.0005865802000556659,1.0
m1_p_dcrc,2019-06-01,2019-07-01,0.0004952839258601778,0.9999999999999999
m1_p_dcm,2019-06-01,2019-07-01,0.0033513291568004425,1.0
m1_p_dcc,2019-06-01,2019-07-01,0.01286060250274553,0.9555555555555554
m1_p_com,2019-06-01,2019-07-01,0.01057896023459278,1.0
m1_p_cocm,2019-06-01,2019-07-01,0.00032252751579372953,0.8181818181818182
m1_p_cocc,2019-06-01,2019-07-01,0.000973859140942327,0.9999999999999999
m1_p_coc,2019-06-01,2019-07-01,0.015195410262544989,0.9999999999999999
m1_p_cnom,2019-06-01,2019-07-01,0.00011158735033205383,1.0
m1_p_cnoc,2019-06-01,2019-07-01,7.651469089641973e-05,0.9999999999999999
m1_p_clm,2019-06-01,2019-07-01,0.00010881175369076096,1.0
m1_p_clc,2019-06-01,2019-07-01,8.419326039627904e-05,0.9999999999999999
m1_p_cissc,2019-06-01,2019-07-01,0.000913596962190842,1.0
m1_p_cisf,2019-06-01,2019-07-01,0.00023408271164315701,1.0
m1_p_cisbs,2019-06-01,2019-07-01,6.78064211934755e-05,1.0
m1_p_ccrm,2019-06-01,2019-07-01,0.00019152489975115394,0.9545454545454546
m1_p_ccrc,2019-06-01,2019-07-01,0.0001171779584494516,0.9999999999999999
m1_p_ccm,2019-06-01,2019-07-01,0.0003179106429363436,0.8181818181818182
m1_p_ccc,2019-06-01,2019-07-01,0.0009683277081107075,0.9999999999999999
m1_i_dsim,2019-06-01,2019-07-01,0.0005932316088931016,1.0
m1_i_dsic,2019-06-01,2019-07-01,0.003408220044805873,0.9999999999999999
m1_i_dim,2019-06-01,2019-07-01,0.0040571368820400775,0.9069767441860466
m1_i_dic,2019-06-01,2019-07-01,0.003083710265386833,0.9999999999999999
m1_i_crm,2019-06-01,2019-07-01,0.00035390382047510325,1.0
m1_i_crc,2019-06-01,2019-07-01,0.00038870652623474865,0.9999999999999999
m1_i_bm,2019-06-01,2019-07-01,0.0008035773924344267,1.0
m1_c_dc,2019-06-01,2019-07-01,0.005168907058949198,0.9999999999999999
m1_c_dbn,2019-06-01,2019-07-01,0.005159527188421058,1.0
m1_c_db,2019-06-01,2019-07-01,0.003088665157676614,1.0
m1_c_ctc,2019-06-01,2019-07-01,0.0003877046191128465,1.0
m1_c_cc,2019-06-01,2019-07-01,0.00010095248525473393,0.9999999999999999
m1_c_cbn,2019-06-01,2019-07-01,4.6812562960877905e-05,1.0
m12_p_dom,2019-06-01,2019-07-01,0.006241406544968612,0.9545454545454546
m12_p_docm,2019-06-01,2019-07-01,0.0071327869326468,1.0
m12_p_docc,2019-06-01,2019-07-01,0.013232806708271594,0.9999999999999999
m12_p_doc,2019-06-01,2019-07-01,0.008804206948822512,0.9555555555555554
m12_p_dnom,2019-06-01,2019-07-01,0.0024798051701284186,1.0
m12_p_dnoc,2019-06-01,2019-07-01,0.003562359369194829,0.9999999999999999
m12_p_dlrm,2019-06-01,2019-07-01,0.0006129290315455326,0.9545454545454546
m12_p_dlrc,2019-06-01,2019-07-01,0.0005934830668515394,0.9999999999999999
m12_p_dim,2019-06-01,2019-07-01,0.0015935703340150958,0.9545454545454546
m12_p_dic,2019-06-01,2019-07-01,0.002496395986510193,0.9999999999999999
m12_p_dcrm,2019-06-01,2019-07-01,0.003443981774394822,1.0
m12_p_dcrc,2019-06-01,2019-07-01,0.0047240569303591854,0.9999999999999999
m12_p_dcm,2019-06-01,2019-07-01,0.00732743867421971,1.0
m12_p_dcc,2019-06-01,2019-07-01,0.013790323964156265,0.9999999999999999
m12_p_com,2019-06-01,2019-07-01,0.0019123026680304715,0.8636363636363636
m12_p_cocm,2019-06-01,2019-07-01,0.002145508244067869,0.9545454545454546
m12_p_cocc,2019-06-01,2019-07-01,0.0023170366110632557,0.9999999999999999
m12_p_coc,2019-06-01,2019-07-01,0.00450252795290159,0.9999999999999999
m12_p_cnom,2019-06-01,2019-07-01,0.0006284354048842005,1.0
m12_p_cnoc,2019-06-01,2019-07-01,0.0007160460663823515,0.9999999999999999
m12_p_clm,2019-06-01,2019-07-01,0.0005703988362961156,1.0
m12_p_clc,2019-06-01,2019-07-01,0.0015557691295831077,0.9999999999999999
m12_p_cissc,2019-06-01,2019-07-01,0.00027677636876031184,1.0
m12_p_cisf,2019-06-01,2019-07-01,0.0018582302778399548,1.0
m12_p_cisbs,2019-06-01,2019-07-01,0.0004588526263327214,1.0
m12_p_ccrm,2019-06-01,2019-07-01,0.0002802719800007032,1.0
m12_p_ccrc,2019-06-01,2019-07-01,0.000311159698800771,0.9999999999999999
m12_p_ccm,2019-06-01,2019-07-01,0.0021214600007818467,0.9545454545454546
m12_p_ccc,2019-06-01,2019-07-01,0.0023300859543884805,0.9999999999999999
m12_i_dsim,2019-06-01,2019-07-01,0.005812022173537964,0.9545454545454546
m12_i_dsic,2019-06-01,2019-07-01,0.007437432821725314,0.9999999999999999
m12_i_dim,2019-06-01,2019-07-01,0.008027033809390599,0.8604651162790699
m12_i_dic,2019-06-01,2019-07-01,0.013098312236998986,0.9999999999999999
m12_i_crm,2019-06-01,2019-07-01,0.001986784158692453,1.0
m12_i_crc,2019-06-01,2019-07-01,0.006163605735962601,0.9999999999999999
m12_i_bm,2019-06-01,2019-07-01,0.0017885992736803337,0.9090909090909091
m12_c_dc,2019-06-01,2019-07-01,0.0014204903209854571,0.9999999999999999
m12_c_dbn,2019-06-01,2019-07-01,0.0012250195838314618,0.9523809523809522
m12_c_db,2019-06-01,2019-07-01,0.00021161720120714918,1.0
m12_c_ctc,2019-06-01,2019-07-01,0.0005891130163195315,1.0
m12_c_cc,2019-06-01,2019-07-01,0.0006459412829135615,0.9999999999999999
m12_c_cbn,2019-06-01,2019-07-01,0.0005717598247122127,1.0
h_c_dc,2019-06-01,2019-07-01,0.0014204903209854571,0.9999999999999999
h_c_dbn,2019-06-01,2019-07-01,0.0012250195838314618,0.9523809523809522
h_c_cc,2019-06-01,2019-07-01,0.0006459412829135615,0.9999999999999999
h_c_cbn,2019-06-01,2019-07-01,0.0005717598247122127,1.0
h_c_bc,2019-06-01,2019-07-01,0.0016427243720651696,1.0
m6_p_dom,2019-07-01,2019-08-01,0.0018026577381034504,0.9545454545454546
m6_p_docm,2019-07-01,2019-08-01,0.0026617904596104407,0.9545454545454546
m6_p_docc,2019-07-01,2019-08-01,0.004170585482084764,0.9555555555555554
m6_p_doc,2019-07-01,2019-08-01,0.0029160222031084657,0.9999999999999999
m6_p_dnom,2019-07-01,2019-08-01,0.0007258631672208446,1.0
m6_p_dnoc,2019-07-01,2019-08-01,0.0010152889954474448,0.9999999999999999
m6_p_dlrm,2019-07-01,2019-08-01,0.0001742633965178927,0.9545454545454546
m6_p_dlrc,2019-07-01,2019-08-01,0.0013719137874319241,0.9555555555555554
m6_p_dim,2019-07-01,2019-08-01,0.0002681510317838415,1.0
m6_p_dic,2019-07-01,2019-08-01,0.0004605248115990857,0.9999999999999999
m6_p_dcrm,2019-07-01,2019-08-01,0.001261353622149595,1.0
m6_p_dcrc,2019-07-01,2019-08-01,0.0016473105573029593,0.9999999999999999
m6_p_dcm,2019-07-01,2019-08-01,0.0027490244431392476,0.9545454545454546
m6_p_dcc,2019-07-01,2019-08-01,0.004356208773909915,0.9555555555555554
m6_p_com,2019-07-01,2019-08-01,0.0007519933031819839,1.0
m6_p_cocm,2019-07-01,2019-08-01,6.213180388662097e-05,1.0
m6_p_cocc,2019-07-01,2019-08-01,0.0006290753801166456,0.9999999999999999
m6_p_coc,2019-07-01,2019-08-01,0.04036736670375891,0.9555555555555554
m6_p_cnom,2019-07-01,2019-08-01,0.00020737933088791185,1.0
m6_p_cnoc,2019-07-01,2019-08-01,0.0002344162336945724,0.9999999999999999
m6_p_clm,2019-07-01,2019-08-01,3.040242273821612e-05,0.9487179487179487
m6_p_clc,2019-07-01,2019-08-01,0.00043826407278475766,0.9999999999999999
m6_p_cissc,2019-07-01,2019-08-01,0.00011301668842857388,1.0
m6_p_cisf,2019-07-01,2019-08-01,2.783042772825555e-06,1.0
m6_p_cisbs,2019-07-01,2019-08-01,6.911722409747689e-05,1.0
m6_p_ccrm,2019-07-01,2019-08-01,0.00015756211178247282,1.0
m6_p_ccrc,2019-07-01,2019-08-01,0.00013103993846701295,0.9999999999999999
m6_p_ccm,2019-07-01,2019-08-01,6.25342494958308e-05,1.0
m6_p_ccc,2019-07-01,2019-08-01,0.0006341495785522556,0.9999999999999999
m6_i_dsim,2019-07-01,2019-08-01,0.001789933994400368,0.9545454545454546
m6_i_dsic,2019-07-01,2019-08-01,0.010015574764305627,0.9999999999999999
m6_i_dim,2019-07-01,2019-08-01,0.002149086094308328,0.8604651162790699
m6_i_dic,2019-07-01,2019-08-01,0.005742227176033501,0.9555555555555554
m6_i_crm,2019-07-01,2019-08-01,0.0002563282329414397,1.0
m6_i_crc,2019-07-01,2019-08-01,0.002405432407778937,0.9555555555555554
m6_i_bm,2019-07-01,2019-08-01,0.00023860572575089257,0.9545454545454546
m6_c_dc,2019-07-01,2019-08-01,0.0007976878666285207,0.9999999999999999
m6_c_dbn,2019-07-01,2019-08-01,0.0007357449224451349,1.0
m6_c_db,2019-07-01,2019-08-01,0.0004248801262625327,1.0
m6_c_ctc,2019-07-01,2019-08-01,8.52771410046974e-05,1.0
m6_c_cc,2019-07-01,2019-08-01,6.257578553908823e-05,0.9999999999999999
m6_c_cbn,2019-07-01,2019-08-01,3.464219668409875e-05,1.0
m3_p_dom,2019-07-01,2019-08-01,0.003899670275481126,0.9545454545454546
m3_p_docm,2019-07-01,2019-08-01,0.0009402281007938814,1.0
m3_p_docc,2019-07-01,2019-08-01,0.0014869360164899423,0.9555555555555554
m3_p_doc,2019-07-01,2019-08-01,0.004912916978419873,0.9999999999999999
m3_p_dnom,2019-07-01,2019-08-01,0.0009623928553257165,0.9523809523809522
m3_p_dnoc,2019-07-01,2019-08-01,0.0011424098671675219,0.9999999999999999
m3_p_dlrm,2019-07-01,2019-08-01,8.825117078974019e-05,0.9090909090909091
m3_p_dlrc,2019-07-01,2019-08-01,0.00011048240378374307,0.9999999999999999
m3_p_dim,2019-07-01,2019-08-01,0.0006398470278030797,1.0
m3_p_dic,2019-07-01,2019-08-01,0.0011402824657421062,0.9999999999999999
m3_p_dcrm,2019-07-01,2019-08-01,0.0013745166789570402,0.9545454545454546
m3_p_dcrc,2019-07-01,2019-08-01,0.0020384399305916684,0.9999999999999999
m3_p_dcm,2019-07-01,2019-08-01,0.0010965477184219706,1.0
m3_p_dcc,2019-07-01,2019-08-01,0.0015677474122120765,0.9555555555555554
m3_p_com,2019-07-01,2019-08-01,0.00044710565222390937,1.0
m3_p_cocm,2019-07-01,2019-08-01,0.00046004528950656105,1.0
m3_p_cocc,2019-07-01,2019-08-01,0.0006527529028746591,0.9999999999999999
m3_p_coc,2019-07-01,2019-08-01,0.003403147889023286,0.9999999999999999
m3_p_cnom,2019-07-01,2019-08-01,0.00022289701464652456,1.0
m3_p_cnoc,2019-07-01,2019-08-01,0.00021480378412606468,0.9999999999999999
m3_p_clm,2019-07-01,2019-08-01,0.00022548152832810973,1.0
m3_p_clc,2019-07-01,2019-08-01,0.0006244688103875292,0.9999999999999999
m3_p_cissc,2019-07-01,2019-08-01,0.0001141803552993406,1.0
m3_p_cisf,2019-07-01,2019-08-01,0.00013445255185770617,1.0
m3_p_cisbs,2019-07-01,2019-08-01,0.0003568206934987563,1.0
m3_p_ccrm,2019-07-01,2019-08-01,8.873903577003675e-05,0.9545454545454546
m3_p_ccrc,2019-07-01,2019-08-01,0.00014444682703559626,0.9999999999999999
m3_p_ccm,2019-07-01,2019-08-01,0.00046930022498454984,1.0
m3_p_ccc,2019-07-01,2019-08-01,0.0006672176101515154,0.9999999999999999
m3_i_dsim,2019-07-01,2019-08-01,0.0003952187458871159,1.0
m3_i_dsic,2019-07-01,2019-08-01,0.0008678857597082453,0.9999999999999999
m3_i_dim,2019-07-01,2019-08-01,0.0006759502530961815,0.9534883720930234
m3_i_dic,2019-07-01,2019-08-01,0.003304273751189116,0.9999999999999999
m3_i_crm,2019-07-01,2019-08-01,0.0007316700978043416,0.9545454545454546
m3_i_crc,2019-07-01,2019-08-01,0.0016666979485357842,0.9555555555555554
m3_i_bm,2019-07-01,2019-08-01,0.0007148804477432164,1.0
m3_c_dc,2019-07-01,2019-08-01,0.005556482582023474,0.9999999999999999
m3_c_dbn,2019-07-01,2019-08-01,0.005554733417849971,1.0
m3_c_db,2019-07-01,2019-08-01,0.003058766470596228,1.0
m3_c_ctc,2019-07-01,2019-08-01,0.000419564458187606,1.0
m3_c_cc,2019-07-01,2019-08-01,0.0011699829651686464,0.9999999999999999
m3_c_cbn,2019-07-01,2019-08-01,0.001180053559642226,1.0
m1_p_dom,2019-07-01,2019-08-01,0.017230528476864897,1.0
m1_p_docm,2019-07-01,2019-08-01,0.003775683718348772,0.9545454545454546
m1_p_docc,2019-07-01,2019-08-01,0.0034017127728867605,0.9999999999999999
m1_p_doc,2019-07-01,2019-08-01,0.020519130657140776,0.9999999999999999
m1_p_dnom,2019-07-01,2019-08-01,0.005917430380230731,1.0
m1_p_dnoc,2019-07-01,2019-08-01,0.006981163088633182,0.9999999999999999
m1_p_dlrm,2019-07-01,2019-08-01,0.0014277225116052605,1.0
m1_p_dlrc,2019-07-01,2019-08-01,0.0014639823850875256,0.9999999999999999
m1_p_dim,2019-07-01,2019-08-01,0.00907730495994329,1.0
m1_p_dic,2019-07-01,2019-08-01,0.011934027889861682,0.9999999999999999
m1_p_dcrm,2019-07-01,2019-08-01,0.005321529487956155,1.0
m1_p_dcrc,2019-07-01,2019-08-01,0.007764997019936278,0.9999999999999999
m1_p_dcm,2019-07-01,2019-08-01,0.003954322324022365,0.9545454545454546
m1_p_dcc,2019-07-01,2019-08-01,0.0037946292604487,0.9999999999999999
m1_p_com,2019-07-01,2019-08-01,0.0021665632309885107,0.9545454545454546
m1_p_cocm,2019-07-01,2019-08-01,0.006387056944303026,0.7272727272727273
m1_p_cocc,2019-07-01,2019-08-01,0.006229574779911709,0.9999999999999999
m1_p_coc,2019-07-01,2019-08-01,0.010495129333709859,0.9999999999999999
m1_p_cnom,2019-07-01,2019-08-01,0.000956231089279414,1.0
m1_p_cnoc,2019-07-01,2019-08-01,0.0010546065736874192,0.9999999999999999
m1_p_clm,2019-07-01,2019-08-01,0.0030500985991792446,0.8974358974358975
m1_p_clc,2019-07-01,2019-08-01,0.003685283055748039,0.9999999999999999
m1_p_cissc,2019-07-01,2019-08-01,0.003766371157901041,1.0
m1_p_cisf,2019-07-01,2019-08-01,0.007940910957207706,1.0
m1_p_cisbs,2019-07-01,2019-08-01,0.002548196937284159,1.0
m1_p_ccrm,2019-07-01,2019-08-01,0.000673253209238346,0.9090909090909091
m1_p_ccrc,2019-07-01,2019-08-01,0.0006284819810200926,0.9555555555555554
m1_p_ccm,2019-07-01,2019-08-01,0.006399047802979006,0.7272727272727273
m1_p_ccc,2019-07-01,2019-08-01,0.006274371849186108,0.9999999999999999
m1_i_dsim,2019-07-01,2019-08-01,0.008148881151956403,1.0
m1_i_dsic,2019-07-01,2019-08-01,0.017856183921540418,0.9999999999999999
m1_i_dim,2019-07-01,2019-08-01,0.010486131895210997,0.9069767441860466
m1_i_dic,2019-07-01,2019-08-01,0.021689446540941744,0.9999999999999999
m1_i_crm,2019-07-01,2019-08-01,0.010467556363043067,0.9545454545454546
m1_i_crc,2019-07-01,2019-08-01,0.013161437612083958,0.9999999999999999
m1_i_bm,2019-07-01,2019-08-01,0.010212523712985793,0.9545454545454546
m1_c_dc,2019-07-01,2019-08-01,0.015464333165680237,0.9555555555555554
m1_c_dbn,2019-07-01,2019-08-01,0.014726808841366536,0.9142074905486914
m1_c_db,2019-07-01,2019-08-01,0.007921773347465003,1.0
m1_c_ctc,2019-07-01,2019-08-01,0.001090128432393477,1.0
m1_c_cc,2019-07-01,2019-08-01,0.009527101794555978,0.9999999999999999
m1_c_cbn,2019-07-01,2019-08-01,0.009258838136300783,1.0
m12_p_dom,2019-07-01,2019-08-01,0.0019284080979460475,1.0
m12_p_docm,2019-07-01,2019-08-01,0.0027476329011203934,1.0
m12_p_docc,2019-07-01,2019-08-01,0.004170585482084764,0.9555555555555554
m12_p_doc,2019-07-01,2019-08-01,0.0029160222031084657,0.9999999999999999
m12_p_dnom,2019-07-01,2019-08-01,0.0007391794541050073,1.0
m12_p_dnoc,2019-07-01,2019-08-01,0.0010152889954474448,0.9999999999999999
m12_p_dlrm,2019-07-01,2019-08-01,0.00018437473595875686,1.0
m12_p_dlrc,2019-07-01,2019-08-01,0.0013719137874319241,0.9555555555555554
m12_p_dim,2019-07-01,2019-08-01,0.0002832990622148216,1.0
m12_p_dic,2019-07-01,2019-08-01,0.0004605248115990857,0.9999999999999999
m12_p_dcrm,2019-07-01,2019-08-01,0.00130625443186038,1.0
m12_p_dcrc,2019-07-01,2019-08-01,0.0016473105573029593,0.9999999999999999
m12_p_dcm,2019-07-01,2019-08-01,0.002838697351143265,1.0
m12_p_dcc,2019-07-01,2019-08-01,0.004356208773909915,0.9555555555555554
m12_p_com,2019-07-01,2019-08-01,0.001205996545745428,1.0
m12_p_cocm,2019-07-01,2019-08-01,0.00021722006409870433,0.9090909090909091
m12_p_cocc,2019-07-01,2019-08-01,0.0006290753801166456,0.9999999999999999
m12_p_coc,2019-07-01,2019-08-01,0.04036736670375891,0.9555555555555554
m12_p_cnom,2019-07-01,2019-08-01,0.00020910488794940982,1.0
m12_p_cnoc,2019-07-01,2019-08-01,0.0002344162336945724,0.9999999999999999
m12_p_clm,2019-07-01,2019-08-01,0.00012214372859564772,0.8461538461538461
m12_p_clc,2019-07-01,2019-08-01,0.00043826407278475766,0.9999999999999999
m12_p_cissc,2019-07-01,2019-08-01,0.00011301668842857388,1.0
m12_p_cisf,2019-07-01,2019-08-01,2.783042772825555e-06,1.0
m12_p_cisbs,2019-07-01,2019-08-01,6.911722409747689e-05,1.0
m12_p_ccrm,2019-07-01,2019-08-01,0.00015819351901834056,1.0
m12_p_ccrc,2019-07-01,2019-08-01,0.00013103993846701295,0.9999999999999999
m12_p_ccm,2019-07-01,2019-08-01,0.00021810150740071704,0.9545454545454546
m12_p_ccc,2019-07-01,2019-08-01,0.0006341495785522556,0.9999999999999999
m12_i_dsim,2019-07-01,2019-08-01,0.0018952545798575345,0.9545454545454546
m12_i_dsic,2019-07-01,2019-08-01,0.010015574764305627,0.9999999999999999
m12_i_dim,2019-07-01,2019-08-01,0.0022019228924420424,0.9069767441860466
m12_i_dic,2019-07-01,2019-08-01,0.005742227176033501,0.9555555555555554
m12_i_crm,2019-07-01,2019-08-01,0.00043551000786836737,0.9090909090909091
m12_i_crc,2019-07-01,2019-08-01,0.002405432407778937,0.9555555555555554
m12_i_bm,2019-07-01,2019-08-01,0.00040188817871190875,0.9090909090909091
m12_c_dc,2019-07-01,2019-08-01,0.0007976878666285207,0.9999999999999999
m12_c_dbn,2019-07-01,2019-08-01,0.0007357449224451349,1.0
m12_c_db,2019-07-01,2019-08-01,0.0004337319340430836,1.0
m12_c_ctc,2019-07-01,2019-08-01,8.80819710835089e-05,1.0
m12_c_cc,2019-07-01,2019-08-01,6.257578553908823e-05,0.9999999999999999
m12_c_cbn,2019-07-01,2019-08-01,3.464219668409875e-05,1.0
h_c_dc,2019-07-01,2019-08-01,0.0007976878666285207,0.9999999999999999
h_c_dbn,2019-07-01,2019-08-01,0.0007357449224451349,1.0
h_c_cc,2019-07-01,2019-08-01,6.257578553908823e-05,0.9999999999999999
h_c_cbn,2019-07-01,2019-08-01,3.464219668409875e-05,1.0
h_c_bc,2019-07-01,2019-08-01,0.00032524065953751485,1.0
m6_p_dom,2019-08-01,2019-09-01,0.0012499978362652006,1.0
m6_p_docm,2019-08-01,2019-09-01,0.001422393271958576,0.9545454545454546
m6_p_docc,2019-08-01,2019-09-01,0.00255403278231023,0.9555555555555554
m6_p_doc,2019-08-01,2019-09-01,0.0018314804785051569,0.9555555555555554
m6_p_dnom,2019-08-01,2019-09-01,9.534322250651848e-05,1.0
m6_p_dnoc,2019-08-01,2019-09-01,0.00019768051364100816,0.9999999999999999
m6_p_dlrm,2019-08-01,2019-09-01,0.0002596383766758608,0.8636363636363636
m6_p_dlrc,2019-08-01,2019-09-01,0.001062373843399951,0.9999999999999999
m6_p_dim,2019-08-01,2019-09-01,0.00010951413936927839,1.0
m6_p_dic,2019-08-01,2019-09-01,0.00015342420367820406,0.9999999999999999
m6_p_dcrm,2019-08-01,2019-09-01,0.00011095025483188087,1.0
m6_p_dcrc,2019-08-01,2019-09-01,0.0002844478815848257,0.9999999999999999
m6_p_dcm,2019-08-01,2019-09-01,0.0014292422965812073,1.0
m6_p_dcc,2019-08-01,2019-09-01,0.002561808196538765,0.9999999999999999
m6_p_com,2019-08-01,2019-09-01,0.00020051930712528782,1.0
m6_p_cocm,2019-08-01,2019-09-01,0.0001307829586516687,1.0
m6_p_cocc,2019-08-01,2019-09-01,0.0002703279037445345,0.9999999999999999
m6_p_coc,2019-08-01,2019-09-01,0.001161482467915939,0.9999999999999999
m6_p_cnom,2019-08-01,2019-09-01,1.1207600545052761e-05,1.0
m6_p_cnoc,2019-08-01,2019-09-01,2.4566423188489315e-05,0.9999999999999999
m6_p_clm,2019-08-01,2019-09-01,2.876099112688021e-05,1.0
m6_p_clc,2019-08-01,2019-09-01,0.00012111261771987882,0.9999999999999999
m6_p_cissc,2019-08-01,2019-09-01,4.6931014607101065e-06,1.0
m6_p_cisf,2019-08-01,2019-09-01,3.954301739490492e-06,1.0
m6_p_cisbs,2019-08-01,2019-09-01,8.9905431133351e-06,1.0
m6_p_ccrm,2019-08-01,2019-09-01,0.0001453831876361964,1.0
m6_p_ccrc,2019-08-01,2019-09-01,8.807107387046617e-05,0.9999999999999999
m6_p_ccm,2019-08-01,2019-09-01,0.00013426672114598957,1.0
m6_p_ccc,2019-08-01,2019-09-01,0.00027506109033730236,0.9999999999999999
m6_i_dsim,2019-08-01,2019-09-01,0.0006244912429358567,0.9090909090909091
m6_i_dsic,2019-08-01,2019-09-01,0.0035580770349734198,0.9999999999999999
m6_i_dim,2019-08-01,2019-09-01,0.0008072634598541631,1.0
m6_i_dic,2019-08-01,2019-09-01,0.002110756087837673,0.9999999999999999
m6_i_crm,2019-08-01,2019-09-01,0.00037993120464089507,1.0
m6_i_crc,2019-08-01,2019-09-01,0.0007545612990157799,0.9999999999999999
m6_i_bm,2019-08-01,2019-09-01,0.00024292687785047124,1.0
m6_c_dc,2019-08-01,2019-09-01,0.0016202567596220578,0.9999999999999999
m6_c_dbn,2019-08-01,2019-09-01,0.0016274753760814093,1.0
m6_c_db,2019-08-01,2019-09-01,0.0011206489849898413,1.0
m6_c_ctc,2019-08-01,2019-09-01,6.794023672832748e-05,1.0
m6_c_cc,2019-08-01,2019-09-01,0.0003188164142131253,0.9999999999999999
m6_c_cbn,2019-08-01,2019-09-01,0.0003161088571404868,1.0
m3_p_dom,2019-08-01,2019-09-01,0.0018659431923418299,1.0
m3_p_docm,2019-08-01,2019-09-01,0.002227807344708054,0.9545454545454546
m3_p_docc,2019-08-01,2019-09-01,0.0031115352510378822,0.9555555555555554
m3_p_doc,2019-08-01,2019-09-01,0.0017029875950919672,0.9999999999999999
m3_p_dnom,2019-08-01,2019-09-01,0.00041581523187912575,1.0
m3_p_dnoc,2019-08-01,2019-09-01,0.00043823085484698797,0.9999999999999999
m3_p_dlrm,2019-08-01,2019-09-01,1.1437628758761195e-05,1.0
m3_p_dlrc,2019-08-01,2019-09-01,7.07799141709959e-05,0.9999999999999999
m3_p_dim,2019-08-01,2019-09-01,2.3630541721873274e-05,1.0
m3_p_dic,2019-08-01,2019-09-01,7.236002078469277e-05,0.9999999999999999
m3_p_dcrm,2019-08-01,2019-09-01,0.0002835855550950826,0.9545454545454546
m3_p_dcrc,2019-08-01,2019-09-01,0.0003790879780896621,0.9999999999999999
m3_p_dcm,2019-08-01,2019-09-01,0.0020832531936190147,1.0
m3_p_dcc,2019-08-01,2019-09-01,0.002988547147156251,0.9555555555555554
m3_p_com,2019-08-01,2019-09-01,0.0006319105030135779,1.0
m3_p_cocm,2019-08-01,2019-09-01,0.0008219559608286341,1.0
m3_p_cocc,2019-08-01,2019-09-01,0.0007462017039754836,0.9999999999999999
m3_p_coc,2019-08-01,2019-09-01,0.0007918693629767605,0.9999999999999999
m3_p_cnom,2019-08-01,2019-09-01,0.00014278994572456888,1.0
m3_p_cnoc,2019-08-01,2019-09-01,0.00011858643826377532,0.9999999999999999
m3_p_clm,2019-08-01,2019-09-01,1.391788031330081e-05,1.0
m3_p_clc,2019-08-01,2019-09-01,7.988891340043072e-06,0.9999999999999999
m3_p_cissc,2019-08-01,2019-09-01,0.0005687545518861615,1.0
m3_p_cisf,2019-08-01,2019-09-01,0.0007969795417625645,1.0
m3_p_cisbs,2019-08-01,2019-09-01,4.8186126691054724e-05,1.0
m3_p_ccrm,2019-08-01,2019-09-01,0.00015427964861738358,1.0
m3_p_ccrc,2019-08-01,2019-09-01,7.84939239686524e-05,0.9999999999999999
m3_p_ccm,2019-08-01,2019-09-01,0.0008206839862443284,1.0
m3_p_ccc,2019-08-01,2019-09-01,0.0007477599447578117,0.9999999999999999
m3_i_dsim,2019-08-01,2019-09-01,0.00019862970555697043,1.0
m3_i_dsic,2019-08-01,2019-09-01,0.0004977209455642315,0.9999999999999999
m3_i_dim,2019-08-01,2019-09-01,0.000195529602759679,1.0
m3_i_dic,2019-08-01,2019-09-01,0.0002548382387890858,0.9999999999999999
m3_i_crm,2019-08-01,2019-09-01,0.00019866828754707495,1.0
m3_i_crc,2019-08-01,2019-09-01,0.00034138911858122453,0.9999999999999999
m3_i_bm,2019-08-01,2019-09-01,0.0001544395224244985,0.9545454545454546
m3_c_dc,2019-08-01,2019-09-01,0.001712972139612451,0.9999999999999999
m3_c_dbn,2019-08-01,2019-09-01,0.00170915733730274,1.0
m3_c_db,2019-08-01,2019-09-01,0.0012305595652507481,1.0
m3_c_ctc,2019-08-01,2019-09-01,0.0002371526466824635,1.0
m3_c_cc,2019-08-01,2019-09-01,0.0006640372278769,0.9999999999999999
m3_c_cbn,2019-08-01,2019-09-01,0.0006594700228199281,1.0
m1_p_dom,2019-08-01,2019-09-01,0.007141335528895281,1.0
m1_p_docm,2019-08-01,2019-09-01,0.0048179134778647634,0.9545454545454546
m1_p_docc,2019-08-01,2019-09-01,0.005580705996676814,0.9999999999999999
m1_p_doc,2019-08-01,2019-09-01,0.009574073138992155,0.9999999999999999
m1_p_dnom,2019-08-01,2019-09-01,0.0021736096720530312,1.0
m1_p_dnoc,2019-08-01,2019-09-01,0.0020636842693133226,0.9999999999999999
m1_p_dlrm,2019-08-01,2019-09-01,0.00266535998232608,0.9545454545454546
m1_p_dlrc,2019-08-01,2019-09-01,0.0029786723782891725,0.9999999999999999
m1_p_dim,2019-08-01,2019-09-01,0.003925133878904151,1.0
m1_p_dic,2019-08-01,2019-09-01,0.005218845731617099,0.9999999999999999
m1_p_dcrm,2019-08-01,2019-09-01,0.0017994001643257035,0.9545454545454546
m1_p_dcrc,2019-08-01,2019-09-01,0.0027396230619105865,0.9999999999999999
m1_p_dcm,2019-08-01,2019-09-01,0.005073790703562973,0.9545454545454546
m1_p_dcc,2019-08-01,2019-09-01,0.00593118240791601,0.9999999999999999
m1_p_com,2019-08-01,2019-09-01,0.0026735939185581884,1.0
m1_p_cocm,2019-08-01,2019-09-01,0.0026795902004390004,0.8636363636363636
m1_p_cocc,2019-08-01,2019-09-01,0.0016884059447029739,0.9999999999999999
m1_p_coc,2019-08-01,2019-09-01,0.00235953745236517,0.9999999999999999
m1_p_cnom,2019-08-01,2019-09-01,0.00021016843673933008,1.0
m1_p_cnoc,2019-08-01,2019-09-01,0.00025891036355012354,0.9999999999999999
m1_p_clm,2019-08-01,2019-09-01,0.002029666382550816,0.8974358974358975
m1_p_clc,2019-08-01,2019-09-01,0.002260365406121766,0.9999999999999999
m1_p_cissc,2019-08-01,2019-09-01,0.0003421457262702747,1.0
m1_p_cisf,2019-08-01,2019-09-01,0.0002589170604140519,1.0
m1_p_cisbs,2019-08-01,2019-09-01,0.00046684696840473854,1.0
m1_p_ccrm,2019-08-01,2019-09-01,0.00027841307346471655,1.0
m1_p_ccrc,2019-08-01,2019-09-01,0.00019361662787920842,0.9999999999999999
m1_p_ccm,2019-08-01,2019-09-01,0.002681102967776276,0.8636363636363636
m1_p_ccc,2019-08-01,2019-09-01,0.0017037248850329811,0.9999999999999999
m1_i_dsim,2019-08-01,2019-09-01,0.0030157950336158292,1.0
m1_i_dsic,2019-08-01,2019-09-01,0.011427516767824716,0.9999999999999999
m1_i_dim,2019-08-01,2019-09-01,0.0027456674559465594,1.0
m1_i_dic,2019-08-01,2019-09-01,0.01721548342155126,0.9999999999999999
m1_i_crm,2019-08-01,2019-09-01,0.0030252285957143212,0.9545454545454546
m1_i_crc,2019-08-01,2019-09-01,0.003987609311436035,0.9999999999999999
m1_i_bm,2019-08-01,2019-09-01,0.0034056715829259843,0.9545454545454546
m1_c_dc,2019-08-01,2019-09-01,0.008289672185060512,0.9555555555555554
m1_c_dbn,2019-08-01,2019-09-01,0.007728061142331225,0.9142074905486914
m1_c_db,2019-08-01,2019-09-01,0.0029687712142923367,1.0
m1_c_ctc,2019-08-01,2019-09-01,0.0001424911269545929,1.0
m1_c_cc,2019-08-01,2019-09-01,0.0009546236375541832,0.9999999999999999
m1_c_cbn,2019-08-01,2019-09-01,0.0009131961119843829,1.0
m12_p_dom,2019-08-01,2019-09-01,0.002295920125880888,0.8636363636363636
m12_p_docm,2019-08-01,2019-09-01,0.002959997865171881,1.0
m12_p_docc,2019-08-01,2019-09-01,0.004416930232822065,0.9999999999999999
m12_p_doc,2019-08-01,2019-09-01,0.003920758487153867,0.911111111111111
m12_p_dnom,2019-08-01,2019-09-01,0.001049034158751251,1.0
m12_p_dnoc,2019-08-01,2019-09-01,0.0013899525808994835,0.9999999999999999
m12_p_dlrm,2019-08-01,2019-09-01,0.0005367891562698293,0.8636363636363636
m12_p_dlrc,2019-08-01,2019-09-01,0.0019928103318749895,0.9999999999999999
m12_p_dim,2019-08-01,2019-09-01,0.000602983107251687,1.0
m12_p_dic,2019-08-01,2019-09-01,0.0009873644076152952,0.9999999999999999
m12_p_dcrm,2019-08-01,2019-09-01,0.0014579232335975134,0.9090909090909091
m12_p_dcrc,2019-08-01,2019-09-01,0.002041325476154557,0.9999999999999999
m12_p_dcm,2019-08-01,2019-09-01,0.0030712159008339252,1.0
m12_p_dcc,2019-08-01,2019-09-01,0.004605143670586382,0.9999999999999999
m12_p_com,2019-08-01,2019-09-01,0.0009923089466700667,0.9090909090909091
m12_p_cocm,2019-08-01,2019-09-01,0.00029061029581539454,0.9545454545454546
m12_p_cocc,2019-08-01,2019-09-01,0.000876542970545573,0.9999999999999999
m12_p_coc,2019-08-01,2019-09-01,0.007215587433469719,0.9999999999999999
m12_p_cnom,2019-08-01,2019-09-01,0.00023071563086599753,1.0
m12_p_cnoc,2019-08-01,2019-09-01,0.00026988318260288036,0.9999999999999999
m12_p_clm,2019-08-01,2019-09-01,0.00016883635172170735,0.9487179487179487
m12_p_clc,2019-08-01,2019-09-01,0.0006719555194623027,0.9999999999999999
m12_p_cissc,2019-08-01,2019-09-01,0.0001496480681504709,1.0
m12_p_cisf,2019-08-01,2019-09-01,1.765508160186579e-05,1.0
m12_p_cisbs,2019-08-01,2019-09-01,0.0001118831923486238,1.0
m12_p_ccrm,2019-08-01,2019-09-01,0.0002772008441235021,1.0
m12_p_ccrc,2019-08-01,2019-09-01,0.0002186403239989926,0.9999999999999999
m12_p_ccm,2019-08-01,2019-09-01,0.00029105883419667416,0.9090909090909091
m12_p_ccc,2019-08-01,2019-09-01,0.0008828855957488374,0.9999999999999999
m12_i_dsim,2019-08-01,2019-09-01,0.001968900574009191,0.9545454545454546
m12_i_dsic,2019-08-01,2019-09-01,0.007443707908607944,0.9999999999999999
m12_i_dim,2019-08-01,2019-09-01,0.0030294846217764743,0.9534883720930234
m12_i_dic,2019-08-01,2019-09-01,0.007065849157669399,0.9999999999999999
m12_i_crm,2019-08-01,2019-09-01,0.0004799648393008253,0.9545454545454546
m12_i_crc,2019-08-01,2019-09-01,0.0030541769919076017,0.9999999999999999
m12_i_bm,2019-08-01,2019-09-01,0.0004453199579121282,1.0
m12_c_dc,2019-08-01,2019-09-01,0.001044619372255282,0.9999999999999999
m12_c_dbn,2019-08-01,2019-09-01,0.0009428118251892247,1.0
m12_c_db,2019-08-01,2019-09-01,0.00013270276724329974,1.0
m12_c_ctc,2019-08-01,2019-09-01,0.00012191508306441074,0.9545454545454546
m12_c_cc,2019-08-01,2019-09-01,6.280213974292863e-05,0.9999999999999999
m12_c_cbn,2019-08-01,2019-09-01,3.356184809760802e-05,1.0
h_c_dc,2019-08-01,2019-09-01,0.001044619372255282,0.9999999999999999
h_c_dbn,2019-08-01,2019-09-01,0.0009428118251892247,1.0
h_c_cc,2019-08-01,2019-09-01,6.280213974292863e-05,0.9999999999999999
h_c_cbn,2019-08-01,2019-09-01,3.356184809760802e-05,1.0
h_c_bc,2019-08-01,2019-09-01,0.0004113625527252773,1.0
m6_p_dom,2019-09-01,2019-10-01,0.00028722557032045644,1.0
m6_p_docm,2019-09-01,2019-10-01,0.002090473089115415,0.9545454545454546
m6_p_docc,2019-09-01,2019-10-01,0.0028674747769469894,0.9999999999999999
m6_p_doc,2019-09-01,2019-10-01,0.0002336149515547354,0.9555555555555554
m6_p_dnom,2019-09-01,2019-10-01,1.5609893948279194e-05,1.0
m6_p_dnoc,2019-09-01,2019-10-01,1.51342290673741e-05,0.9999999999999999
m6_p_dlrm,2019-09-01,2019-10-01,4.196479511232819e-05,0.9545454545454546
m6_p_dlrc,2019-09-01,2019-10-01,0.00017926721637224704,0.9999999999999999
m6_p_dim,2019-09-01,2019-10-01,0.00015077947436635723,1.0
m6_p_dic,2019-09-01,2019-10-01,0.00013152919516064922,0.9999999999999999
m6_p_dcrm,2019-09-01,2019-10-01,0.00011843905542794137,0.9545454545454546
m6_p_dcrc,2019-09-01,2019-10-01,0.00010163462758491242,0.9999999999999999
m6_p_dcm,2019-09-01,2019-10-01,0.001945235187957085,1.0
m6_p_dcc,2019-09-01,2019-10-01,0.0027910031763316995,0.9999999999999999
m6_p_com,2019-09-01,2019-10-01,0.00029682830470803795,1.0
m6_p_cocm,2019-09-01,2019-10-01,0.00010353862417147653,0.9545454545454546
m6_p_cocc,2019-09-01,2019-10-01,5.678466524663897e-05,0.9999999999999999
m6_p_coc,2019-09-01,2019-10-01,0.0004808194828074031,0.9999999999999999
m6_p_cnom,2019-09-01,2019-10-01,2.9142313110885863e-06,1.0
m6_p_cnoc,2019-09-01,2019-10-01,4.004797566991195e-06,0.9999999999999999
m6_p_clm,2019-09-01,2019-10-01,1.1567770572580672e-05,1.0
m6_p_clc,2019-09-01,2019-10-01,3.946314244283384e-05,0.9999999999999999
m6_p_cissc,2019-09-01,2019-10-01,7.244679559128896e-06,1.0
m6_p_cisf,2019-09-01,2019-10-01,1.7783973610466976e-05,1.0
m6_p_cisbs,2019-09-01,2019-10-01,7.161095313718089e-06,1.0
m6_p_ccrm,2019-09-01,2019-10-01,5.587162476003036e-05,1.0
m6_p_ccrc,2019-09-01,2019-10-01,4.205639532356272e-05,0.9999999999999999
m6_p_ccm,2019-09-01,2019-10-01,0.00010100478303229091,0.9545454545454546
m6_p_ccc,2019-09-01,2019-10-01,5.739934225784146e-05,0.9999999999999999
m6_i_dsim,2019-09-01,2019-10-01,9.002309510422197e-05,1.0
m6_i_dsic,2019-09-01,2019-10-01,0.0003540061478726538,0.9999999999999999
m6_i_dim,2019-09-01,2019-10-01,4.6037674032686646e-05,1.0
m6_i_dic,2019-09-01,2019-10-01,5.5516902046899824e-05,0.9999999999999999
m6_i_crm,2019-09-01,2019-10-01,0.0002734167568774975,1.0
m6_i_crc,2019-09-01,2019-10-01,0.0003373791640666863,0.9999999999999999
m6_i_bm,2019-09-01,2019-10-01,0.0005038049081650044,1.0
m6_c_dc,2019-09-01,2019-10-01,0.0005671254680191138,0.9999999999999999
m6_c_dbn,2019-09-01,2019-10-01,0.001182952895107432,1.0
m6_c_db,2019-09-01,2019-10-01,0.000450110130919736,1.0
m6_c_ctc,2019-09-01,2019-10-01,0.0001590589208561368,1.0
m6_c_cc,2019-09-01,2019-10-01,0.00016297827354536486,0.9999999999999999
m6_c_cbn,2019-09-01,2019-10-01,0.0001755981475847665,1.0
m3_p_dom,2019-09-01,2019-10-01,0.0004004686320265381,1.0
m3_p_docm,2019-09-01,2019-10-01,0.0029220368139594426,0.9545454545454546
m3_p_docc,2019-09-01,2019-10-01,0.002907328924951404,0.9999999999999999
m3_p_doc,2019-09-01,2019-10-01,0.0002099899883259528,0.9999999999999999
m3_p_dnom,2019-09-01,2019-10-01,0.00011100045664377587,1.0
m3_p_dnoc,2019-09-01,2019-10-01,0.00013178466155495876,0.9999999999999999
m3_p_dlrm,2019-09-01,2019-10-01,2.5618581917737004e-05,1.0
m3_p_dlrc,2019-09-01,2019-10-01,0.00016188951390287088,0.9999999999999999
m3_p_dim,2019-09-01,2019-10-01,0.0001365687901783288,1.0
m3_p_dic,2019-09-01,2019-10-01,0.00017023963488370576,0.9999999999999999
m3_p_dcrm,2019-09-01,2019-10-01,0.00018791472934957557,0.9545454545454546
m3_p_dcrc,2019-09-01,2019-10-01,0.00020172870670191883,0.9999999999999999
m3_p_dcm,2019-09-01,2019-10-01,0.0026535581457703787,1.0
m3_p_dcc,2019-09-01,2019-10-01,0.002728348680063117,0.9999999999999999
m3_p_com,2019-09-01,2019-10-01,0.0013690770427930985,0.9545454545454546
m3_p_cocm,2019-09-01,2019-10-01,0.0016495096290832757,1.0
m3_p_cocc,2019-09-01,2019-10-01,0.0002477870222629118,0.9999999999999999
m3_p_coc,2019-09-01,2019-10-01,0.0014805251442432167,0.9999999999999999
m3_p_cnom,2019-09-01,2019-10-01,5.603736940058416e-06,1.0
m3_p_cnoc,2019-09-01,2019-10-01,3.805074731994908e-06,0.9999999999999999
m3_p_clm,2019-09-01,2019-10-01,2.3640120697787245e-05,1.0
m3_p_clc,2019-09-01,2019-10-01,5.034087974654002e-05,0.9999999999999999
m3_p_cissc,2019-09-01,2019-10-01,0.0006664449563305673,1.0
m3_p_cisf,2019-09-01,2019-10-01,0.002589489987859143,1.0
m3_p_cisbs,2019-09-01,2019-10-01,0.00013834405708936008,1.0
m3_p_ccrm,2019-09-01,2019-10-01,0.00012976367067494497,1.0
m3_p_ccrc,2019-09-01,2019-10-01,6.279900348559413e-05,0.9999999999999999
m3_p_ccm,2019-09-01,2019-10-01,0.0016156360439122197,1.0
m3_p_ccc,2019-09-01,2019-10-01,0.00024138894831090743,0.9999999999999999
m3_i_dsim,2019-09-01,2019-10-01,0.0005743449390067054,1.0
m3_i_dsic,2019-09-01,2019-10-01,0.0008289251661009982,0.9999999999999999
m3_i_dim,2019-09-01,2019-10-01,0.00032842039089434137,1.0
m3_i_dic,2019-09-01,2019-10-01,7.966467584364079e-05,0.9999999999999999
m3_i_crm,2019-09-01,2019-10-01,0.0003293685212105183,0.9545454545454546
m3_i_crc,2019-09-01,2019-10-01,0.00040563434840893434,0.9999999999999999
m3_i_bm,2019-09-01,2019-10-01,0.0007095228526993603,0.9545454545454546
m3_c_dc,2019-09-01,2019-10-01,0.0005046575425942183,0.9999999999999999
m3_c_dbn,2019-09-01,2019-10-01,0.0011904477127061821,1.0
m3_c_db,2019-09-01,2019-10-01,0.00036172048990688584,1.0
m3_c_ctc,2019-09-01,2019-10-01,0.00020951532604505184,1.0
m3_c_cc,2019-09-01,2019-10-01,0.0009167706393823063,0.9999999999999999
m3_c_cbn,2019-09-01,2019-10-01,0.00103013430028899,1.0
m1_p_dom,2019-09-01,2019-10-01,0.0017810881930088484,1.0
m1_p_docm,2019-09-01,2019-10-01,0.005014002231287477,1.0
m1_p_docc,2019-09-01,2019-10-01,0.005578201520659384,0.9999999999999999
m1_p_doc,2019-09-01,2019-10-01,0.0033749801491491033,0.9999999999999999
m1_p_dnom,2019-09-01,2019-10-01,0.00038509853286357505,1.0
m1_p_dnoc,2019-09-01,2019-10-01,0.0003260646315045275,0.9999999999999999
m1_p_dlrm,2019-09-01,2019-10-01,0.0006487981533175823,0.9545454545454546
m1_p_dlrc,2019-09-01,2019-10-01,0.0006054451160575321,0.9999999999999999
m1_p_dim,2019-09-01,2019-10-01,0.00011138939109336374,1.0
m1_p_dic,2019-09-01,2019-10-01,0.00023367585633596706,0.9999999999999999
m1_p_dcrm,2019-09-01,2019-10-01,0.0001070564371744615,1.0
m1_p_dcrc,2019-09-01,2019-10-01,0.00013513578192205517,0.9999999999999999
m1_p_dcm,2019-09-01,2019-10-01,0.004921464915914258,1.0
m1_p_dcc,2019-09-01,2019-10-01,0.005625634797732897,0.9999999999999999
m1_p_com,2019-09-01,2019-10-01,0.0011095755414973023,0.9545454545454546
m1_p_cocm,2019-09-01,2019-10-01,0.0014841683319518342,0.9545454545454546
m1_p_cocc,2019-09-01,2019-10-01,0.0013363533943103125,0.9999999999999999
m1_p_coc,2019-09-01,2019-10-01,0.0044205125112265105,0.9999999999999999
m1_p_cnom,2019-09-01,2019-10-01,0.00014886566997638926,1.0
m1_p_cnoc,2019-09-01,2019-10-01,0.0001624069313663748,0.9999999999999999
m1_p_clm,2019-09-01,2019-10-01,0.0005260627731269079,1.0
m1_p_clc,2019-09-01,2019-10-01,0.0007206177784146199,0.9999999999999999
m1_p_cissc,2019-09-01,2019-10-01,1.2098849376163968e-07,1.0
m1_p_cisf,2019-09-01,2019-10-01,1.387884910599018e-06,1.0
m1_p_cisbs,2019-09-01,2019-10-01,2.6171050255421644e-06,1.0
m1_p_ccrm,2019-09-01,2019-10-01,0.00013361732691950033,1.0
m1_p_ccrc,2019-09-01,2019-10-01,0.00012548678405788924,0.9555555555555554
m1_p_ccm,2019-09-01,2019-10-01,0.0015264811376924311,0.9545454545454546
m1_p_ccc,2019-09-01,2019-10-01,0.0013793424054654195,0.9999999999999999
m1_i_dsim,2019-09-01,2019-10-01,0.00043697272167928143,1.0
m1_i_dsic,2019-09-01,2019-10-01,0.0025277857251306264,0.9999999999999999
m1_i_dim,2019-09-01,2019-10-01,0.0006192125060741182,1.0
m1_i_dic,2019-09-01,2019-10-01,0.0006157326495309986,0.9999999999999999
m1_i_crm,2019-09-01,2019-10-01,0.0002555899767068683,1.0
m1_i_crc,2019-09-01,2019-10-01,0.0005344056472805235,0.9999999999999999
m1_i_bm,2019-09-01,2019-10-01,0.0007296447772538602,1.0
m1_c_dc,2019-09-01,2019-10-01,0.0008644884433738407,0.9999999999999999
m1_c_dbn,2019-09-01,2019-10-01,0.0018079874689405087,1.0
m1_c_db,2019-09-01,2019-10-01,0.00010580936612434707,1.0
m1_c_ctc,2019-09-01,2019-10-01,0.000185042500627553,0.9090909090909091
m1_c_cc,2019-09-01,2019-10-01,0.0009024579897568658,0.9999999999999999
m1_c_cbn,2019-09-01,2019-10-01,0.0009310883060219819,1.0
m12_p_dom,2019-09-01,2019-10-01,0.002617714124852592,1.0
m12_p_docm,2019-09-01,2019-10-01,0.004940960306458455,0.9545454545454546
m12_p_docc,2019-09-01,2019-10-01,0.006073930748880005,0.9555555555555554
m12_p_doc,2019-09-01,2019-10-01,0.003954010696878903,0.911111111111111
m12_p_dnom,2019-09-01,2019-10-01,0.0008402076155563081,1.0
m12_p_dnoc,2019-09-01,2019-10-01,0.0011210133275730454,0.9999999999999999
m12_p_dlrm,2019-09-01,2019-10-01,0.00013487104766808845,1.0
m12_p_dlrc,2019-09-01,2019-10-01,0.000658587963622191,0.9555555555555554
m12_p_dim,2019-09-01,2019-10-01,0.0004186319439971887,1.0
m12_p_dic,2019-09-01,2019-10-01,0.0006956852022487397,0.9999999999999999
m12_p_dcrm,2019-09-01,2019-10-01,0.0010009060083818406,0.8181818181818182
m12_p_dcrc,2019-09-01,2019-10-01,0.0014061898079542896,0.9999999999999999
m12_p_dcm,2019-09-01,2019-10-01,0.004872839547290166,0.9545454545454546
m12_p_dcc,2019-09-01,2019-10-01,0.0061607539272078935,0.9999999999999999
m12_p_com,2019-09-01,2019-10-01,0.00037881791557704136,0.9090909090909091
m12_p_cocm,2019-09-01,2019-10-01,0.00028769479244279564,0.9545454545454546
m12_p_cocc,2019-09-01,2019-10-01,0.0007251075269806943,0.9555555555555554
m12_p_coc,2019-09-01,2019-10-01,0.0030735609185804846,0.9555555555555554
m12_p_cnom,2019-09-01,2019-10-01,0.00023387669930297726,1.0
m12_p_cnoc,2019-09-01,2019-10-01,0.00026224263700755466,0.9999999999999999
m12_p_clm,2019-09-01,2019-10-01,0.00012756531926837997,1.0
m12_p_clc,2019-09-01,2019-10-01,0.0006216010121050813,0.9999999999999999
m12_p_cissc,2019-09-01,2019-10-01,6.549130297771417e-05,1.0
m12_p_cisf,2019-09-01,2019-10-01,9.906381250778846e-06,1.0
m12_p_cisbs,2019-09-01,2019-10-01,4.6474491867524916e-05,1.0
m12_p_ccrm,2019-09-01,2019-10-01,7.75839704750563e-05,1.0
m12_p_ccrc,2019-09-01,2019-10-01,7.76335883450322e-05,0.9999999999999999
m12_p_ccm,2019-09-01,2019-10-01,0.00029268962229971214,0.9090909090909091
m12_p_ccc,2019-09-01,2019-10-01,0.0007358121302980062,0.911111111111111
m12_i_dsim,2019-09-01,2019-10-01,0.00100692630740108,0.9545454545454546
m12_i_dsic,2019-09-01,2019-10-01,0.0022132266997405307,0.9999999999999999
m12_i_dim,2019-09-01,2019-10-01,0.0012397988902692581,0.8139534883720931
m12_i_dic,2019-09-01,2019-10-01,0.003530970492428235,0.9999999999999999
m12_i_crm,2019-09-01,2019-10-01,0.00037036178330486773,1.0
m12_i_crc,2019-09-01,2019-10-01,0.0021348411536295225,0.9555555555555554
m12_i_bm,2019-09-01,2019-10-01,0.000655097145184616,0.9090909090909091
m12_c_dc,2019-09-01,2019-10-01,0.002893349933216527,0.9999999999999999
m12_c_dbn,2019-09-01,2019-10-01,0.0035427873456552925,1.0
m12_c_db,2019-09-01,2019-10-01,0.0002602975482251905,1.0
m12_c_ctc,2019-09-01,2019-10-01,5.7760893497606024e-05,1.0
m12_c_cc,2019-09-01,2019-10-01,0.00017613750027463865,0.9999999999999999
m12_c_cbn,2019-09-01,2019-10-01,0.00015319369973350913,1.0
h_c_dc,2019-09-01,2019-10-01,0.002893349933216527,0.9999999999999999
h_c_dbn,2019-09-01,2019-10-01,0.0035427873456552925,1.0
h_c_cc,2019-09-01,2019-10-01,0.00017613750027463865,0.9999999999999999
h_c_cbn,2019-09-01,2019-10-01,0.00015319369973350913,1.0
h_c_bc,2019-09-01,2019-10-01,0.0018298616171897196,1.0
