num,unique_num,channel,table_name,dt
9631764,8561853,1,gdl_jrs_msg_parse,2019-03-01
1872466,1476943,3,gdl_jrs_msg_parse,2019-03-01
2379644,1987262,2,gdl_jrs_msg_parse,2019-03-01
928683813,464864870,0,gdl_jrs_msg_parse,2019-03-01
9238693,8217682,1,gdl_jrs_msg_parse,2019-03-02
1561642,1192102,3,gdl_jrs_msg_parse,2019-03-02
2381403,2001235,2,gdl_jrs_msg_parse,2019-03-02
825572181,439876843,0,gdl_jrs_msg_parse,2019-03-02
8916068,7786787,1,gdl_jrs_msg_parse,2019-03-03
1504758,1127709,3,gdl_jrs_msg_parse,2019-03-03
2431495,2009721,2,gdl_jrs_msg_parse,2019-03-03
711135680,380043513,0,gdl_jrs_msg_parse,2019-03-03
8534461,7611307,1,gdl_jrs_msg_parse,2019-03-04
1549192,1199977,3,gdl_jrs_msg_parse,2019-03-04
2161495,1804747,2,gdl_jrs_msg_parse,2019-03-04
676758320,431798027,0,gdl_jrs_msg_parse,2019-03-04
8187569,7279937,1,gdl_jrs_msg_parse,2019-03-05
1572345,1214386,3,gdl_jrs_msg_parse,2019-03-05
2129612,1767967,2,gdl_jrs_msg_parse,2019-03-05
754907917,417036852,0,gdl_jrs_msg_parse,2019-03-05
7054962,6268340,1,gdl_jrs_msg_parse,2019-03-06
1315984,1006792,3,gdl_jrs_msg_parse,2019-03-06
1722491,1449439,2,gdl_jrs_msg_parse,2019-03-06
712051881,399602579,0,gdl_jrs_msg_parse,2019-03-06
2297731,2128746,1,gdl_jrs_msg_parse,2019-03-07
498825,435846,3,gdl_jrs_msg_parse,2019-03-07
400981,357117,2,gdl_jrs_msg_parse,2019-03-07
231265672,161526025,0,gdl_jrs_msg_parse,2019-03-07
4333697,4024685,1,gdl_jrs_msg_parse,2019-03-08
903691,776993,3,gdl_jrs_msg_parse,2019-03-08
1018837,917624,2,gdl_jrs_msg_parse,2019-03-08
434154607,317539052,0,gdl_jrs_msg_parse,2019-03-08
8564320,7516512,1,gdl_jrs_msg_parse,2019-03-09
1641081,1250602,3,gdl_jrs_msg_parse,2019-03-09
2323104,1951671,2,gdl_jrs_msg_parse,2019-03-09
611193473,394282519,0,gdl_jrs_msg_parse,2019-03-09
22157616,17103737,1,gdl_jrs_msg_parse,2019-03-10
4013159,2503923,3,gdl_jrs_msg_parse,2019-03-10
6023259,4386546,2,gdl_jrs_msg_parse,2019-03-10
1393838967,656652158,0,gdl_jrs_msg_parse,2019-03-10
23118382,17659242,1,gdl_jrs_msg_parse,2019-03-11
4399999,2710522,3,gdl_jrs_msg_parse,2019-03-11
5743647,4114588,2,gdl_jrs_msg_parse,2019-03-11
1687342119,775151869,0,gdl_jrs_msg_parse,2019-03-11
22043517,16868966,1,gdl_jrs_msg_parse,2019-03-12
4239089,2592737,3,gdl_jrs_msg_parse,2019-03-12
5581378,4008254,2,gdl_jrs_msg_parse,2019-03-12
1657862447,741666224,0,gdl_jrs_msg_parse,2019-03-12
23217293,17561865,1,gdl_jrs_msg_parse,2019-03-13
4949932,3265809,3,gdl_jrs_msg_parse,2019-03-13
5505413,3964215,2,gdl_jrs_msg_parse,2019-03-13
1661835356,745560612,0,gdl_jrs_msg_parse,2019-03-13
20953777,16224964,1,gdl_jrs_msg_parse,2019-03-14
3952180,2435322,3,gdl_jrs_msg_parse,2019-03-14
5062939,3670992,2,gdl_jrs_msg_parse,2019-03-14
1520656266,692713132,0,gdl_jrs_msg_parse,2019-03-14
23839033,17802801,1,gdl_jrs_msg_parse,2019-03-15
4429752,2789884,3,gdl_jrs_msg_parse,2019-03-15
6041116,4294758,2,gdl_jrs_msg_parse,2019-03-15
1851181902,834299384,0,gdl_jrs_msg_parse,2019-03-15
22607392,17226014,1,gdl_jrs_msg_parse,2019-03-16
3924197,2403737,3,gdl_jrs_msg_parse,2019-03-16
6193486,4503867,2,gdl_jrs_msg_parse,2019-03-16
1542400546,724856516,0,gdl_jrs_msg_parse,2019-03-16
20825848,16179030,1,gdl_jrs_msg_parse,2019-03-17
3764590,2319305,3,gdl_jrs_msg_parse,2019-03-17
5749736,4219727,2,gdl_jrs_msg_parse,2019-03-17
1334332500,635635183,0,gdl_jrs_msg_parse,2019-03-17
22545996,17401171,1,gdl_jrs_msg_parse,2019-03-18
4307508,2646252,3,gdl_jrs_msg_parse,2019-03-18
5576590,4039631,2,gdl_jrs_msg_parse,2019-03-18
1728232815,781831721,0,gdl_jrs_msg_parse,2019-03-18
22461297,17371302,1,gdl_jrs_msg_parse,2019-03-19
4484717,2742722,3,gdl_jrs_msg_parse,2019-03-19
5600928,4043464,2,gdl_jrs_msg_parse,2019-03-19
1696122436,752895661,0,gdl_jrs_msg_parse,2019-03-19
22233186,17100396,1,gdl_jrs_msg_parse,2019-03-20
4351704,2654412,3,gdl_jrs_msg_parse,2019-03-20
5305197,3843530,2,gdl_jrs_msg_parse,2019-03-20
1737347401,767219125,0,gdl_jrs_msg_parse,2019-03-20
7452413,6643116,1,gdl_jrs_msg_parse,2019-03-22
1362227,1036674,3,gdl_jrs_msg_parse,2019-03-22
1971677,1667466,2,gdl_jrs_msg_parse,2019-03-22
609621578,391682785,0,gdl_jrs_msg_parse,2019-03-22
10110064,8635246,1,gdl_jrs_msg_parse,2019-03-23
1684454,1201352,3,gdl_jrs_msg_parse,2019-03-23
2209532,1788564,2,gdl_jrs_msg_parse,2019-03-23
1041809835,567458362,0,gdl_jrs_msg_parse,2019-03-23
20064225,15711036,1,gdl_jrs_msg_parse,2019-03-24
3725432,2258261,3,gdl_jrs_msg_parse,2019-03-24
5603805,4156254,2,gdl_jrs_msg_parse,2019-03-24
1297519077,602844397,0,gdl_jrs_msg_parse,2019-03-24
21418853,16630936,1,gdl_jrs_msg_parse,2019-03-25
4252253,2568068,3,gdl_jrs_msg_parse,2019-03-25
5744316,4158536,2,gdl_jrs_msg_parse,2019-03-25
1760215114,770804108,0,gdl_jrs_msg_parse,2019-03-25
4835135,4444506,1,gdl_jrs_msg_parse,2019-03-27
828675,649606,3,gdl_jrs_msg_parse,2019-03-27
911022,791256,2,gdl_jrs_msg_parse,2019-03-27
371581710,267287351,0,gdl_jrs_msg_parse,2019-03-27
352857,328887,1,gdl_jrs_msg_parse,2019-03-28
94180,84844,3,gdl_jrs_msg_parse,2019-03-28
59350,53822,2,gdl_jrs_msg_parse,2019-03-28
23852298,19831693,0,gdl_jrs_msg_parse,2019-03-28
1123597,1079624,1,gdl_jrs_msg_parse,2019-03-31
218730,192779,3,gdl_jrs_msg_parse,2019-03-31
254395,239183,2,gdl_jrs_msg_parse,2019-03-31
117724453,96677330,0,gdl_jrs_msg_parse,2019-03-31
128923,125313,1,gdl_jrs_msg_parse,2019-04-01
35175,33739,3,gdl_jrs_msg_parse,2019-04-01
21937,20889,2,gdl_jrs_msg_parse,2019-04-01
13696239,12080993,0,gdl_jrs_msg_parse,2019-04-01
105406,103774,1,gdl_jrs_msg_parse,2019-04-02
24039,23478,3,gdl_jrs_msg_parse,2019-04-02
17334,16898,2,gdl_jrs_msg_parse,2019-04-02
11634910,10819314,0,gdl_jrs_msg_parse,2019-04-02
7639896,6930992,1,gdl_jrs_msg_parse,2019-04-03
1266303,989135,3,gdl_jrs_msg_parse,2019-04-03
1730227,1494489,2,gdl_jrs_msg_parse,2019-04-03
868665065,530487022,0,gdl_jrs_msg_parse,2019-04-03
17379386,14419223,1,gdl_jrs_msg_parse,2019-04-04
3451648,2507287,3,gdl_jrs_msg_parse,2019-04-04
4292627,3329291,2,gdl_jrs_msg_parse,2019-04-04
1809314973,856128781,0,gdl_jrs_msg_parse,2019-04-04
14605263,12198100,1,gdl_jrs_msg_parse,2019-04-06
2371530,1598865,3,gdl_jrs_msg_parse,2019-04-06
3781975,3014050,2,gdl_jrs_msg_parse,2019-04-06
1260842678,691951060,0,gdl_jrs_msg_parse,2019-04-06
13660418,11458129,1,gdl_jrs_msg_parse,2019-04-07
2376578,1632458,3,gdl_jrs_msg_parse,2019-04-07
3583083,2853269,2,gdl_jrs_msg_parse,2019-04-07
1078999403,594541203,0,gdl_jrs_msg_parse,2019-04-07
17196687,13999235,1,gdl_jrs_msg_parse,2019-04-08
3343532,2156075,3,gdl_jrs_msg_parse,2019-04-08
4295602,3299276,2,gdl_jrs_msg_parse,2019-04-08
1564802674,754145212,0,gdl_jrs_msg_parse,2019-04-08
16970692,13983913,1,gdl_jrs_msg_parse,2019-04-09
3257104,2208267,3,gdl_jrs_msg_parse,2019-04-09
3980658,3089013,2,gdl_jrs_msg_parse,2019-04-09
1558899742,759295285,0,gdl_jrs_msg_parse,2019-04-09
23312300,17931410,1,gdl_jrs_msg_parse,2019-04-10
5267314,3555358,3,gdl_jrs_msg_parse,2019-04-10
5536897,4074441,2,gdl_jrs_msg_parse,2019-04-10
1932426025,849056166,0,gdl_jrs_msg_parse,2019-04-10
22246321,17255898,1,gdl_jrs_msg_parse,2019-04-11
4300366,2657151,3,gdl_jrs_msg_parse,2019-04-11
5507204,4052237,2,gdl_jrs_msg_parse,2019-04-11
1915499487,859622235,0,gdl_jrs_msg_parse,2019-04-11
23912405,18421031,1,gdl_jrs_msg_parse,2019-04-12
5103599,3194915,3,gdl_jrs_msg_parse,2019-04-12
5765340,4240440,2,gdl_jrs_msg_parse,2019-04-12
1929950246,837180989,0,gdl_jrs_msg_parse,2019-04-12
22817974,17607898,1,gdl_jrs_msg_parse,2019-04-13
5159409,3205729,3,gdl_jrs_msg_parse,2019-04-13
5847244,4361174,2,gdl_jrs_msg_parse,2019-04-13
1593056979,746110065,0,gdl_jrs_msg_parse,2019-04-13
22091772,17141882,1,gdl_jrs_msg_parse,2019-04-14
4962053,3114305,3,gdl_jrs_msg_parse,2019-04-14
5768625,4298176,2,gdl_jrs_msg_parse,2019-04-14
1373167552,662396630,0,gdl_jrs_msg_parse,2019-04-14
24105533,18576018,1,gdl_jrs_msg_parse,2019-04-15
5105970,3201106,3,gdl_jrs_msg_parse,2019-04-15
6153927,4447400,2,gdl_jrs_msg_parse,2019-04-15
2061985863,917069722,0,gdl_jrs_msg_parse,2019-04-15
24823276,18927958,1,gdl_jrs_msg_parse,2019-04-16
4433471,2630953,3,gdl_jrs_msg_parse,2019-04-16
6244392,4546155,2,gdl_jrs_msg_parse,2019-04-16
1872917994,822487357,0,gdl_jrs_msg_parse,2019-04-16
3073822,2516750,1,gdl_jrs_msg_parse,2019-04-17
745161,530751,3,gdl_jrs_msg_parse,2019-04-17
556063,408038,2,gdl_jrs_msg_parse,2019-04-17
184332076,124160409,0,gdl_jrs_msg_parse,2019-04-17
23097810,17638959,1,gdl_jrs_msg_parse,2019-04-19
4477603,2621795,3,gdl_jrs_msg_parse,2019-04-19
5991860,4436497,2,gdl_jrs_msg_parse,2019-04-19
2048115499,853590981,0,gdl_jrs_msg_parse,2019-04-19
23831781,18397548,1,gdl_jrs_msg_parse,2019-04-20
4480802,2726415,3,gdl_jrs_msg_parse,2019-04-20
6307744,4696702,2,gdl_jrs_msg_parse,2019-04-20
1636616789,746200884,0,gdl_jrs_msg_parse,2019-04-20
22800887,17633014,1,gdl_jrs_msg_parse,2019-04-21
4085428,2432528,3,gdl_jrs_msg_parse,2019-04-21
6276112,4690361,2,gdl_jrs_msg_parse,2019-04-21
1514247665,698888537,0,gdl_jrs_msg_parse,2019-04-21
22146916,17097154,1,gdl_jrs_msg_parse,2019-04-22
4471823,2659669,3,gdl_jrs_msg_parse,2019-04-22
5960375,4392091,2,gdl_jrs_msg_parse,2019-04-22
1823559150,819389443,0,gdl_jrs_msg_parse,2019-04-22
21410334,16497703,1,gdl_jrs_msg_parse,2019-04-23
4537219,2724007,3,gdl_jrs_msg_parse,2019-04-23
5849379,4363882,2,gdl_jrs_msg_parse,2019-04-23
1785696775,787934117,0,gdl_jrs_msg_parse,2019-04-23
25970478,20700036,1,gdl_jrs_msg_parse,2019-04-24
4370033,2594933,3,gdl_jrs_msg_parse,2019-04-24
5991862,4426640,2,gdl_jrs_msg_parse,2019-04-24
1855582728,817609523,0,gdl_jrs_msg_parse,2019-04-24
21896716,16900214,1,gdl_jrs_msg_parse,2019-04-25
4374234,2631263,3,gdl_jrs_msg_parse,2019-04-25
6275233,4668243,2,gdl_jrs_msg_parse,2019-04-25
1945469489,830325548,0,gdl_jrs_msg_parse,2019-04-25
22199505,17131822,1,gdl_jrs_msg_parse,2019-04-26
4187501,2494860,3,gdl_jrs_msg_parse,2019-04-26
6547132,4886767,2,gdl_jrs_msg_parse,2019-04-26
1954526405,822601888,0,gdl_jrs_msg_parse,2019-04-26
22186508,17286967,1,gdl_jrs_msg_parse,2019-04-27
4101546,2433313,3,gdl_jrs_msg_parse,2019-04-27
6219973,4651317,2,gdl_jrs_msg_parse,2019-04-27
1506834933,696841552,0,gdl_jrs_msg_parse,2019-04-27
21678042,16723624,1,gdl_jrs_msg_parse,2019-04-28
4311151,2509804,3,gdl_jrs_msg_parse,2019-04-28
6267193,4571365,2,gdl_jrs_msg_parse,2019-04-28
1692565003,746800481,0,gdl_jrs_msg_parse,2019-04-28
21857230,16796329,1,gdl_jrs_msg_parse,2019-04-29
4206580,2459518,3,gdl_jrs_msg_parse,2019-04-29
6273853,4663982,2,gdl_jrs_msg_parse,2019-04-29
1860762307,832062468,0,gdl_jrs_msg_parse,2019-04-29
23692178,18450984,1,gdl_jrs_msg_parse,2019-04-30
4119928,2385994,3,gdl_jrs_msg_parse,2019-04-30
7859500,5765200,2,gdl_jrs_msg_parse,2019-04-30
2035591469,879164620,0,gdl_jrs_msg_parse,2019-04-30
27829217,21745961,1,gdl_jrs_msg_parse,2019-05-01
4030156,2395997,3,gdl_jrs_msg_parse,2019-05-01
8307968,6090700,2,gdl_jrs_msg_parse,2019-05-01
2023434841,832370827,0,gdl_jrs_msg_parse,2019-05-01
25833738,20373890,1,gdl_jrs_msg_parse,2019-05-02
3894247,2275156,3,gdl_jrs_msg_parse,2019-05-02
6995958,5242967,2,gdl_jrs_msg_parse,2019-05-02
1796602782,780024802,0,gdl_jrs_msg_parse,2019-05-02
24208877,19108101,1,gdl_jrs_msg_parse,2019-05-03
3968422,2310876,3,gdl_jrs_msg_parse,2019-05-03
6509572,4894983,2,gdl_jrs_msg_parse,2019-05-03
1608302067,718575356,0,gdl_jrs_msg_parse,2019-05-03
23244000,18342149,1,gdl_jrs_msg_parse,2019-05-04
4160687,2440361,3,gdl_jrs_msg_parse,2019-05-04
6245408,4666048,2,gdl_jrs_msg_parse,2019-05-04
1468580303,676750706,0,gdl_jrs_msg_parse,2019-05-04
22661983,17771010,1,gdl_jrs_msg_parse,2019-05-05
4448659,2619663,3,gdl_jrs_msg_parse,2019-05-05
6067286,4465796,2,gdl_jrs_msg_parse,2019-05-05
1678792952,746391453,0,gdl_jrs_msg_parse,2019-05-05
22371439,17628237,1,gdl_jrs_msg_parse,2019-05-06
4522240,2655243,3,gdl_jrs_msg_parse,2019-05-06
6215599,4588314,2,gdl_jrs_msg_parse,2019-05-06
1830845604,816467710,0,gdl_jrs_msg_parse,2019-05-06
21866513,17175795,1,gdl_jrs_msg_parse,2019-05-07
4672509,2757105,3,gdl_jrs_msg_parse,2019-05-07
5662666,4186765,2,gdl_jrs_msg_parse,2019-05-07
1783864240,796984323,0,gdl_jrs_msg_parse,2019-05-07
21312130,16492019,1,gdl_jrs_msg_parse,2019-05-08
4364275,2535218,3,gdl_jrs_msg_parse,2019-05-08
5880070,4291763,2,gdl_jrs_msg_parse,2019-05-08
1815145482,787901659,0,gdl_jrs_msg_parse,2019-05-08
21542010,16597893,1,gdl_jrs_msg_parse,2019-05-09
4383197,2588677,3,gdl_jrs_msg_parse,2019-05-09
5744813,4246916,2,gdl_jrs_msg_parse,2019-05-09
1806223280,777458582,0,gdl_jrs_msg_parse,2019-05-09
22513512,17363950,1,gdl_jrs_msg_parse,2019-05-10
4582920,2629871,3,gdl_jrs_msg_parse,2019-05-10
6237015,4525033,2,gdl_jrs_msg_parse,2019-05-10
1945131685,811757169,0,gdl_jrs_msg_parse,2019-05-10
18908511,14913657,1,gdl_jrs_msg_parse,2019-05-11
3555028,2143045,3,gdl_jrs_msg_parse,2019-05-11
5177757,3915142,2,gdl_jrs_msg_parse,2019-05-11
1413758406,668000068,0,gdl_jrs_msg_parse,2019-05-11
20509560,16273594,1,gdl_jrs_msg_parse,2019-05-12
3771452,2250320,3,gdl_jrs_msg_parse,2019-05-12
5632497,4249118,2,gdl_jrs_msg_parse,2019-05-12
1396462296,675651310,0,gdl_jrs_msg_parse,2019-05-12
20329052,15879081,1,gdl_jrs_msg_parse,2019-05-13
4223356,2493554,3,gdl_jrs_msg_parse,2019-05-13
5651708,4182634,2,gdl_jrs_msg_parse,2019-05-13
1586392362,735243014,0,gdl_jrs_msg_parse,2019-05-13
20204882,15720090,1,gdl_jrs_msg_parse,2019-05-14
4145663,2446460,3,gdl_jrs_msg_parse,2019-05-14
5597770,4154970,2,gdl_jrs_msg_parse,2019-05-14
1592805912,720128746,0,gdl_jrs_msg_parse,2019-05-14
20809414,16223824,1,gdl_jrs_msg_parse,2019-05-15
4490395,2672213,3,gdl_jrs_msg_parse,2019-05-15
6021205,4404121,2,gdl_jrs_msg_parse,2019-05-15
1791639862,812833844,0,gdl_jrs_msg_parse,2019-05-15
21271288,16590968,1,gdl_jrs_msg_parse,2019-05-16
4467473,2618384,3,gdl_jrs_msg_parse,2019-05-16
5984875,4400158,2,gdl_jrs_msg_parse,2019-05-16
1758536685,789700046,0,gdl_jrs_msg_parse,2019-05-16
21293034,16599011,1,gdl_jrs_msg_parse,2019-05-17
4310181,2542195,3,gdl_jrs_msg_parse,2019-05-17
6120780,4553756,2,gdl_jrs_msg_parse,2019-05-17
1774446749,778380832,0,gdl_jrs_msg_parse,2019-05-17
15868213,12160408,1,gdl_jrs_msg_parse,2019-05-18
3189508,1840528,3,gdl_jrs_msg_parse,2019-05-18
4194079,3027367,2,gdl_jrs_msg_parse,2019-05-18
1285598973,623594864,0,gdl_jrs_msg_parse,2019-05-18
22010293,17274219,1,gdl_jrs_msg_parse,2019-05-19
4114861,2430312,3,gdl_jrs_msg_parse,2019-05-19
5949869,4487390,2,gdl_jrs_msg_parse,2019-05-19
1460460103,696038470,0,gdl_jrs_msg_parse,2019-05-19
22782880,17756586,1,gdl_jrs_msg_parse,2019-05-20
4723747,2753476,3,gdl_jrs_msg_parse,2019-05-20
6622941,4814608,2,gdl_jrs_msg_parse,2019-05-20
1898229579,844914840,0,gdl_jrs_msg_parse,2019-05-20
21573819,16062168,1,gdl_jrs_msg_parse,2019-05-21
4570938,2610523,3,gdl_jrs_msg_parse,2019-05-21
6113987,4412021,2,gdl_jrs_msg_parse,2019-05-21
1755506696,766353636,0,gdl_jrs_msg_parse,2019-05-21
21029499,16677727,1,gdl_jrs_msg_parse,2019-05-22
4467399,2583351,3,gdl_jrs_msg_parse,2019-05-22
6754728,4385911,2,gdl_jrs_msg_parse,2019-05-22
1699508504,747326865,0,gdl_jrs_msg_parse,2019-05-22
21347037,16544470,1,gdl_jrs_msg_parse,2019-05-23
4454365,2597477,3,gdl_jrs_msg_parse,2019-05-23
6782157,4523275,2,gdl_jrs_msg_parse,2019-05-23
1641600228,736071345,0,gdl_jrs_msg_parse,2019-05-23
26595308,20992526,1,gdl_jrs_msg_parse,2019-05-24
5041066,2737044,3,gdl_jrs_msg_parse,2019-05-24
6540894,4790364,2,gdl_jrs_msg_parse,2019-05-24
1819612577,771171546,0,gdl_jrs_msg_parse,2019-05-24
21189957,16722294,1,gdl_jrs_msg_parse,2019-05-25
4332155,2636981,3,gdl_jrs_msg_parse,2019-05-25
5939151,4523480,2,gdl_jrs_msg_parse,2019-05-25
1540814687,721916034,0,gdl_jrs_msg_parse,2019-05-25
20920666,16544174,1,gdl_jrs_msg_parse,2019-05-26
4334677,2642643,3,gdl_jrs_msg_parse,2019-05-26
5819754,4425842,2,gdl_jrs_msg_parse,2019-05-26
1359874135,648967000,0,gdl_jrs_msg_parse,2019-05-26
21112948,16605018,1,gdl_jrs_msg_parse,2019-05-27
4684955,2861181,3,gdl_jrs_msg_parse,2019-05-27
5553628,4178914,2,gdl_jrs_msg_parse,2019-05-27
1641204692,761052646,0,gdl_jrs_msg_parse,2019-05-27
19963492,15728756,1,gdl_jrs_msg_parse,2019-05-28
5316505,3265489,3,gdl_jrs_msg_parse,2019-05-28
5443858,4100184,2,gdl_jrs_msg_parse,2019-05-28
1677385084,773852643,0,gdl_jrs_msg_parse,2019-05-28
43972805,39097512,1,gdl_jrs_msg_parse,2019-05-30
4747430,2970406,3,gdl_jrs_msg_parse,2019-05-30
5536340,4158648,2,gdl_jrs_msg_parse,2019-05-30
1574708498,702365107,0,gdl_jrs_msg_parse,2019-05-30
24566793,19527651,1,gdl_jrs_msg_parse,2019-06-01
8408722,5143857,3,gdl_jrs_msg_parse,2019-06-01
6814451,5158978,2,gdl_jrs_msg_parse,2019-06-01
1690060996,726238040,0,gdl_jrs_msg_parse,2019-06-01
24654557,19469588,1,gdl_jrs_msg_parse,2019-06-02
5485863,3340063,3,gdl_jrs_msg_parse,2019-06-02
6365133,4763781,2,gdl_jrs_msg_parse,2019-06-02
1520219803,686404880,0,gdl_jrs_msg_parse,2019-06-02
24376494,18961012,1,gdl_jrs_msg_parse,2019-06-03
5082510,3090121,3,gdl_jrs_msg_parse,2019-06-03
6529935,4819172,2,gdl_jrs_msg_parse,2019-06-03
1909196057,813469661,0,gdl_jrs_msg_parse,2019-06-03
23113524,17890278,1,gdl_jrs_msg_parse,2019-06-04
5256979,3180661,3,gdl_jrs_msg_parse,2019-06-04
6254293,4617745,2,gdl_jrs_msg_parse,2019-06-04
1773021831,767577356,0,gdl_jrs_msg_parse,2019-06-04
23981962,18659321,1,gdl_jrs_msg_parse,2019-06-05
5370671,3282699,3,gdl_jrs_msg_parse,2019-06-05
6450612,4782504,2,gdl_jrs_msg_parse,2019-06-05
1963236315,835987237,0,gdl_jrs_msg_parse,2019-06-05
23758301,18355156,1,gdl_jrs_msg_parse,2019-06-06
5312727,3219816,3,gdl_jrs_msg_parse,2019-06-06
7087969,5213611,2,gdl_jrs_msg_parse,2019-06-06
2094312947,871202853,0,gdl_jrs_msg_parse,2019-06-06
23626439,18406045,1,gdl_jrs_msg_parse,2019-06-07
4654364,2977954,3,gdl_jrs_msg_parse,2019-06-07
6903559,5169339,2,gdl_jrs_msg_parse,2019-06-07
1665749678,758944487,0,gdl_jrs_msg_parse,2019-06-07
23330405,17783648,1,gdl_jrs_msg_parse,2019-06-09
4772986,2894064,3,gdl_jrs_msg_parse,2019-06-09
6061838,4456584,2,gdl_jrs_msg_parse,2019-06-09
1486762724,699768114,0,gdl_jrs_msg_parse,2019-06-09
23604421,18294931,1,gdl_jrs_msg_parse,2019-06-10
5527793,3349349,3,gdl_jrs_msg_parse,2019-06-10
6266768,4607391,2,gdl_jrs_msg_parse,2019-06-10
1907105745,840379954,0,gdl_jrs_msg_parse,2019-06-10
22634240,17096720,1,gdl_jrs_msg_parse,2019-06-11
5561753,3315433,3,gdl_jrs_msg_parse,2019-06-11
6159995,4460923,2,gdl_jrs_msg_parse,2019-06-11
1854433877,818270171,0,gdl_jrs_msg_parse,2019-06-11
22037319,16953775,1,gdl_jrs_msg_parse,2019-06-12
5398485,3245730,3,gdl_jrs_msg_parse,2019-06-12
5802045,4313884,2,gdl_jrs_msg_parse,2019-06-12
1818694130,806627076,0,gdl_jrs_msg_parse,2019-06-12
20795420,16060239,1,gdl_jrs_msg_parse,2019-06-13
5554578,3332650,3,gdl_jrs_msg_parse,2019-06-13
5494311,4115892,2,gdl_jrs_msg_parse,2019-06-13
1694758158,743397492,0,gdl_jrs_msg_parse,2019-06-13
21924234,16890877,1,gdl_jrs_msg_parse,2019-06-15
5786215,3899305,3,gdl_jrs_msg_parse,2019-06-15
6297992,4707902,2,gdl_jrs_msg_parse,2019-06-15
1877655642,778015154,0,gdl_jrs_msg_parse,2019-06-15
22150491,17163119,1,gdl_jrs_msg_parse,2019-06-16
7108705,4503148,3,gdl_jrs_msg_parse,2019-06-16
6159946,4598906,2,gdl_jrs_msg_parse,2019-06-16
1558973283,708532493,0,gdl_jrs_msg_parse,2019-06-16
21025165,16181110,1,gdl_jrs_msg_parse,2019-06-17
6837018,4155550,3,gdl_jrs_msg_parse,2019-06-17
5837991,4291779,2,gdl_jrs_msg_parse,2019-06-17
1880392198,798211216,0,gdl_jrs_msg_parse,2019-06-17
21354596,16315927,1,gdl_jrs_msg_parse,2019-06-18
14407838,8212385,3,gdl_jrs_msg_parse,2019-06-18
5939332,4366408,2,gdl_jrs_msg_parse,2019-06-18
1967972174,783247848,0,gdl_jrs_msg_parse,2019-06-18
21260107,16266323,1,gdl_jrs_msg_parse,2019-06-19
6347461,3858199,3,gdl_jrs_msg_parse,2019-06-19
5676864,4221295,2,gdl_jrs_msg_parse,2019-06-19
1679339770,728628356,0,gdl_jrs_msg_parse,2019-06-19
21780759,16705208,1,gdl_jrs_msg_parse,2019-06-20
5852856,3512611,3,gdl_jrs_msg_parse,2019-06-20
6137974,4509850,2,gdl_jrs_msg_parse,2019-06-20
1839550351,793121530,0,gdl_jrs_msg_parse,2019-06-20
21789508,16613810,1,gdl_jrs_msg_parse,2019-06-21
4658374,2768246,3,gdl_jrs_msg_parse,2019-06-21
6254277,4609141,2,gdl_jrs_msg_parse,2019-06-21
1884766881,798317162,0,gdl_jrs_msg_parse,2019-06-21
35579312,30880837,1,gdl_jrs_msg_parse,2020-02-02
2430330,1718922,3,gdl_jrs_msg_parse,2020-02-02
4597788,3212264,2,gdl_jrs_msg_parse,2020-02-02
2564353311,925341293,0,gdl_jrs_msg_parse,2020-02-02
50081448,43746805,1,gdl_jrs_msg_parse,2020-02-03
2477476,1763997,3,gdl_jrs_msg_parse,2020-02-03
4396500,3085658,2,gdl_jrs_msg_parse,2020-02-03
2462776594,918342753,0,gdl_jrs_msg_parse,2020-02-03
25019966,21686671,1,gdl_jrs_msg_parse,2020-02-04
2310716,1632132,3,gdl_jrs_msg_parse,2020-02-04
4136700,2943393,2,gdl_jrs_msg_parse,2020-02-04
2417535726,904790519,0,gdl_jrs_msg_parse,2020-02-04
49839217,44471310,1,gdl_jrs_msg_parse,2020-02-05
1872832,1318199,3,gdl_jrs_msg_parse,2020-02-05
3710030,2638031,2,gdl_jrs_msg_parse,2020-02-05
2294697680,828265636,0,gdl_jrs_msg_parse,2020-02-05
38365662,33760128,1,gdl_jrs_msg_parse,2020-02-06
1965000,1395716,3,gdl_jrs_msg_parse,2020-02-06
3861317,2758949,2,gdl_jrs_msg_parse,2020-02-06
2393528390,884498587,0,gdl_jrs_msg_parse,2020-02-06
70616208,63522012,1,gdl_jrs_msg_parse,2020-02-07
2171286,1519106,3,gdl_jrs_msg_parse,2020-02-07
4374706,3113985,2,gdl_jrs_msg_parse,2020-02-07
2746173747,1013502081,0,gdl_jrs_msg_parse,2020-02-07
75364317,68029885,1,gdl_jrs_msg_parse,2020-02-08
2246269,1553344,3,gdl_jrs_msg_parse,2020-02-08
4401767,3130972,2,gdl_jrs_msg_parse,2020-02-08
2848242042,993614812,0,gdl_jrs_msg_parse,2020-02-08
64474972,58704874,1,gdl_jrs_msg_parse,2020-02-09
2281552,1601963,3,gdl_jrs_msg_parse,2020-02-09
4049039,2890810,2,gdl_jrs_msg_parse,2020-02-09
2724556184,977157751,0,gdl_jrs_msg_parse,2020-02-09
65482589,58256871,1,gdl_jrs_msg_parse,2020-02-10
2432328,1708409,3,gdl_jrs_msg_parse,2020-02-10
4085903,2898124,2,gdl_jrs_msg_parse,2020-02-10
2801964734,1054281227,0,gdl_jrs_msg_parse,2020-02-10
53138293,48791337,1,gdl_jrs_msg_parse,2020-02-11
2363339,1667150,3,gdl_jrs_msg_parse,2020-02-11
3728710,2664966,2,gdl_jrs_msg_parse,2020-02-11
2432157763,954514027,0,gdl_jrs_msg_parse,2020-02-11
67803355,61891973,1,gdl_jrs_msg_parse,2020-02-12
2381082,1682202,3,gdl_jrs_msg_parse,2020-02-12
3757824,2700186,2,gdl_jrs_msg_parse,2020-02-12
2241062555,903031799,0,gdl_jrs_msg_parse,2020-02-12
21574501,18324898,1,gdl_jrs_msg_parse,2020-02-13
2379595,1684006,3,gdl_jrs_msg_parse,2020-02-13
3713079,2669888,2,gdl_jrs_msg_parse,2020-02-13
2395431055,944749519,0,gdl_jrs_msg_parse,2020-02-13
27975358,22034925,1,gdl_jrs_msg_parse,2020-02-14
2413857,1712185,3,gdl_jrs_msg_parse,2020-02-14
4105135,2944810,2,gdl_jrs_msg_parse,2020-02-14
2681391908,1038771962,0,gdl_jrs_msg_parse,2020-02-14
23805966,20556921,1,gdl_jrs_msg_parse,2020-02-15
2284978,1585433,3,gdl_jrs_msg_parse,2020-02-15
3501564,2517564,2,gdl_jrs_msg_parse,2020-02-15
2354260080,955944868,0,gdl_jrs_msg_parse,2020-02-15
31258007,27456773,1,gdl_jrs_msg_parse,2020-02-16
2093768,1445243,3,gdl_jrs_msg_parse,2020-02-16
3505917,2554296,2,gdl_jrs_msg_parse,2020-02-16
2153792383,878586073,0,gdl_jrs_msg_parse,2020-02-16
30606937,26785867,1,gdl_jrs_msg_parse,2020-02-17
2134131,1489420,3,gdl_jrs_msg_parse,2020-02-17
3694124,2679090,2,gdl_jrs_msg_parse,2020-02-17
2287308990,926119128,0,gdl_jrs_msg_parse,2020-02-17
26026315,22579613,1,gdl_jrs_msg_parse,2020-02-18
2236017,1536116,3,gdl_jrs_msg_parse,2020-02-18
3699575,2684344,2,gdl_jrs_msg_parse,2020-02-18
2288598966,944070252,0,gdl_jrs_msg_parse,2020-02-18
28024831,24078495,1,gdl_jrs_msg_parse,2020-02-19
2434977,1675991,3,gdl_jrs_msg_parse,2020-02-19
3958833,2849710,2,gdl_jrs_msg_parse,2020-02-19
2150034965,869746494,0,gdl_jrs_msg_parse,2020-02-19
26859034,22918852,1,gdl_jrs_msg_parse,2020-02-20
2404282,1623847,3,gdl_jrs_msg_parse,2020-02-20
4245413,3014590,2,gdl_jrs_msg_parse,2020-02-20
2826274768,1127950892,0,gdl_jrs_msg_parse,2020-02-20
31310791,27171636,1,gdl_jrs_msg_parse,2020-02-21
2313056,1568672,3,gdl_jrs_msg_parse,2020-02-21
4066514,2935729,2,gdl_jrs_msg_parse,2020-02-21
2480939421,978226765,0,gdl_jrs_msg_parse,2020-02-21
27880420,24122865,1,gdl_jrs_msg_parse,2020-02-22
2326314,1559961,3,gdl_jrs_msg_parse,2020-02-22
4049416,2952499,2,gdl_jrs_msg_parse,2020-02-22
2218473846,905807676,0,gdl_jrs_msg_parse,2020-02-22
25653392,21831324,1,gdl_jrs_msg_parse,2020-02-23
2254425,1517580,3,gdl_jrs_msg_parse,2020-02-23
4047466,2957342,2,gdl_jrs_msg_parse,2020-02-23
1822493130,784096964,0,gdl_jrs_msg_parse,2020-02-23
29073412,24944834,1,gdl_jrs_msg_parse,2020-02-24
2443243,1576325,3,gdl_jrs_msg_parse,2020-02-24
4237427,3073218,2,gdl_jrs_msg_parse,2020-02-24
2304099756,929465881,0,gdl_jrs_msg_parse,2020-02-24
22384287,18491938,1,gdl_jrs_msg_parse,2020-02-25
2282420,1552739,3,gdl_jrs_msg_parse,2020-02-25
4294737,3117567,2,gdl_jrs_msg_parse,2020-02-25
2379521372,903312664,0,gdl_jrs_msg_parse,2020-02-25
25190676,20898827,1,gdl_jrs_msg_parse,2020-02-26
2296974,1570160,3,gdl_jrs_msg_parse,2020-02-26
4453131,3227926,2,gdl_jrs_msg_parse,2020-02-26
2471290895,916585682,0,gdl_jrs_msg_parse,2020-02-26
22448801,18268140,1,gdl_jrs_msg_parse,2020-02-27
2319632,1584876,3,gdl_jrs_msg_parse,2020-02-27
4533664,3274992,2,gdl_jrs_msg_parse,2020-02-27
2292570151,872786560,0,gdl_jrs_msg_parse,2020-02-27
23320962,18992690,1,gdl_jrs_msg_parse,2020-02-28
2459668,1674801,3,gdl_jrs_msg_parse,2020-02-28
4714806,3421785,2,gdl_jrs_msg_parse,2020-02-28
2384451319,875905665,0,gdl_jrs_msg_parse,2020-02-28
23504767,19130592,1,gdl_jrs_msg_parse,2020-02-29
2383276,1628790,3,gdl_jrs_msg_parse,2020-02-29
4718837,3432818,2,gdl_jrs_msg_parse,2020-02-29
2218710293,842890378,0,gdl_jrs_msg_parse,2020-02-29
61238352,55473508,1,gdl_jrs_msg_parse,2020-03-01
2503914,1722651,3,gdl_jrs_msg_parse,2020-03-01
5034998,3662332,2,gdl_jrs_msg_parse,2020-03-01
2298961153,858253516,0,gdl_jrs_msg_parse,2020-03-01
59388201,53540334,1,gdl_jrs_msg_parse,2020-03-02
2374721,1629932,3,gdl_jrs_msg_parse,2020-03-02
4840286,3518324,2,gdl_jrs_msg_parse,2020-03-02
2636038443,938727680,0,gdl_jrs_msg_parse,2020-03-02
68845944,61763100,1,gdl_jrs_msg_parse,2020-03-03
2361750,1620000,3,gdl_jrs_msg_parse,2020-03-03
4727529,3441368,2,gdl_jrs_msg_parse,2020-03-03
2380791441,892000372,0,gdl_jrs_msg_parse,2020-03-03
56032304,50175060,1,gdl_jrs_msg_parse,2020-03-04
2296934,1570140,3,gdl_jrs_msg_parse,2020-03-04
4659482,3369481,2,gdl_jrs_msg_parse,2020-03-04
2384169942,914521988,0,gdl_jrs_msg_parse,2020-03-04
70278741,63233133,1,gdl_jrs_msg_parse,2020-03-05
2464390,1681229,3,gdl_jrs_msg_parse,2020-03-05
4852143,3528698,2,gdl_jrs_msg_parse,2020-03-05
2451829692,917819115,0,gdl_jrs_msg_parse,2020-03-05
68376112,61217020,1,gdl_jrs_msg_parse,2020-03-06
2402598,1659210,3,gdl_jrs_msg_parse,2020-03-06
4726304,3450005,2,gdl_jrs_msg_parse,2020-03-06
2584145598,940908442,0,gdl_jrs_msg_parse,2020-03-06
56772970,50535549,1,gdl_jrs_msg_parse,2020-03-07
2365338,1633709,3,gdl_jrs_msg_parse,2020-03-07
4697969,3463878,2,gdl_jrs_msg_parse,2020-03-07
2332924984,933051125,0,gdl_jrs_msg_parse,2020-03-07
55311898,49465255,1,gdl_jrs_msg_parse,2020-03-08
2639978,1819488,3,gdl_jrs_msg_parse,2020-03-08
5001693,3666000,2,gdl_jrs_msg_parse,2020-03-08
2315060011,876778750,0,gdl_jrs_msg_parse,2020-03-08
44650434,39360172,1,gdl_jrs_msg_parse,2020-03-10
2228923,1571383,3,gdl_jrs_msg_parse,2020-03-10
3501368,2356284,2,gdl_jrs_msg_parse,2020-03-10
2324612981,876676980,0,gdl_jrs_msg_parse,2020-03-10
20800241,16106460,1,gdl_jrs_msg_parse,2019-06-23
4210448,2545729,3,gdl_jrs_msg_parse,2019-06-23
5872377,4442320,2,gdl_jrs_msg_parse,2019-06-23
1383335328,653698494,0,gdl_jrs_msg_parse,2019-06-23
21724302,16738437,1,gdl_jrs_msg_parse,2019-06-24
4506689,2745494,3,gdl_jrs_msg_parse,2019-06-24
5723614,4280269,2,gdl_jrs_msg_parse,2019-06-24
1706452305,765688999,0,gdl_jrs_msg_parse,2019-06-24
46889013,41617961,1,gdl_jrs_msg_parse,2020-03-11
2043487,1406255,3,gdl_jrs_msg_parse,2020-03-11
3316379,2233671,2,gdl_jrs_msg_parse,2020-03-11
2381452287,899176750,0,gdl_jrs_msg_parse,2020-03-11
25937503,20739563,1,gdl_jrs_msg_parse,2019-06-25
4458655,2724405,3,gdl_jrs_msg_parse,2019-06-25
6216690,4536672,2,gdl_jrs_msg_parse,2019-06-25
1841984000,801719648,0,gdl_jrs_msg_parse,2019-06-25
43787007,38698467,1,gdl_jrs_msg_parse,2020-03-12
1913970,1321619,3,gdl_jrs_msg_parse,2020-03-12
3212620,2169070,2,gdl_jrs_msg_parse,2020-03-12
2401668762,913042456,0,gdl_jrs_msg_parse,2020-03-12
25697622,20385657,1,gdl_jrs_msg_parse,2019-06-26
4616591,2821498,3,gdl_jrs_msg_parse,2019-06-26
5934402,4439396,2,gdl_jrs_msg_parse,2019-06-26
1957633884,834110447,0,gdl_jrs_msg_parse,2019-06-26
31239287,26401531,1,gdl_jrs_msg_parse,2020-03-13
1890622,1279944,3,gdl_jrs_msg_parse,2020-03-13
3252152,2182322,2,gdl_jrs_msg_parse,2020-03-13
2462292483,917961864,0,gdl_jrs_msg_parse,2020-03-13
41173536,36562688,1,gdl_jrs_msg_parse,2020-03-14
1807354,1217013,3,gdl_jrs_msg_parse,2020-03-14
3189172,2149161,2,gdl_jrs_msg_parse,2020-03-14
2060053591,808742035,0,gdl_jrs_msg_parse,2020-03-14
19878040,15523864,1,gdl_jrs_msg_parse,2020-03-15
1894286,1268567,3,gdl_jrs_msg_parse,2020-03-15
3388872,2272362,2,gdl_jrs_msg_parse,2020-03-15
2060154171,842481062,0,gdl_jrs_msg_parse,2020-03-15
55922702,49627955,1,gdl_jrs_msg_parse,2020-03-16
1836063,1222521,3,gdl_jrs_msg_parse,2020-03-16
3474961,2320692,2,gdl_jrs_msg_parse,2020-03-16
2282758503,866747118,0,gdl_jrs_msg_parse,2020-03-16
28777596,23992661,1,gdl_jrs_msg_parse,2020-03-17
1782491,1189011,3,gdl_jrs_msg_parse,2020-03-17
3236998,2159265,2,gdl_jrs_msg_parse,2020-03-17
2009456083,779237311,0,gdl_jrs_msg_parse,2020-03-17
30939736,26515041,1,gdl_jrs_msg_parse,2020-03-18
1881609,1268381,3,gdl_jrs_msg_parse,2020-03-18
3909849,2783788,2,gdl_jrs_msg_parse,2020-03-18
2103895766,825999643,0,gdl_jrs_msg_parse,2020-03-18
39201386,34287985,1,gdl_jrs_msg_parse,2020-03-19
1854499,1254756,3,gdl_jrs_msg_parse,2020-03-19
4618079,3385939,2,gdl_jrs_msg_parse,2020-03-19
2147198993,825446296,0,gdl_jrs_msg_parse,2020-03-19
27037020,22292918,1,gdl_jrs_msg_parse,2020-03-20
1872770,1277275,3,gdl_jrs_msg_parse,2020-03-20
4894391,3588772,2,gdl_jrs_msg_parse,2020-03-20
2337905278,875241548,0,gdl_jrs_msg_parse,2020-03-20
19362207,15287163,1,gdl_jrs_msg_parse,2020-03-21
1731487,1189418,3,gdl_jrs_msg_parse,2020-03-21
4553407,3389186,2,gdl_jrs_msg_parse,2020-03-21
1892875222,749591410,0,gdl_jrs_msg_parse,2020-03-21
19191983,15162450,1,gdl_jrs_msg_parse,2020-03-22
1679293,1145471,3,gdl_jrs_msg_parse,2020-03-22
4541382,3409479,2,gdl_jrs_msg_parse,2020-03-22
1708118076,701263340,0,gdl_jrs_msg_parse,2020-03-22
19201258,14691619,1,gdl_jrs_msg_parse,2020-03-23
1774756,1216787,3,gdl_jrs_msg_parse,2020-03-23
4726224,3506821,2,gdl_jrs_msg_parse,2020-03-23
2232757687,873769125,0,gdl_jrs_msg_parse,2020-03-23
19200890,14912858,1,gdl_jrs_msg_parse,2020-03-24
1880016,1280988,3,gdl_jrs_msg_parse,2020-03-24
4843958,3609230,2,gdl_jrs_msg_parse,2020-03-24
2138323641,855844306,0,gdl_jrs_msg_parse,2020-03-24
18746250,14506928,1,gdl_jrs_msg_parse,2020-03-25
1863731,1284502,3,gdl_jrs_msg_parse,2020-03-25
4499936,3333264,2,gdl_jrs_msg_parse,2020-03-25
2116304593,843356513,0,gdl_jrs_msg_parse,2020-03-25
23382299,18729866,1,gdl_jrs_msg_parse,2020-03-26
2147233,1449478,3,gdl_jrs_msg_parse,2020-03-26
4996733,3699781,2,gdl_jrs_msg_parse,2020-03-26
2590817357,941607616,0,gdl_jrs_msg_parse,2020-03-26
15270982,13144738,1,gdl_jrs_msg_parse,2020-09-12
1977904,1407725,3,gdl_jrs_msg_parse,2020-09-12
7728993,6056673,2,gdl_jrs_msg_parse,2020-09-12
2151679460,833640510,0,gdl_jrs_msg_parse,2020-09-12
16872473,14701775,1,gdl_jrs_msg_parse,2020-09-13
1703793,1200644,3,gdl_jrs_msg_parse,2020-09-13
7711169,6070127,2,gdl_jrs_msg_parse,2020-09-13
1879230696,753667536,0,gdl_jrs_msg_parse,2020-09-13
14797272,12957118,1,gdl_jrs_msg_parse,2020-09-14
2030271,1449785,3,gdl_jrs_msg_parse,2020-09-14
7436969,5787906,2,gdl_jrs_msg_parse,2020-09-14
2616110730,1004609768,0,gdl_jrs_msg_parse,2020-09-14
16650359,14301741,1,gdl_jrs_msg_parse,2020-09-15
2045581,1442503,3,gdl_jrs_msg_parse,2020-09-15
7864114,6042158,2,gdl_jrs_msg_parse,2020-09-15
2635508112,968299771,0,gdl_jrs_msg_parse,2020-09-15
13185505,11197498,1,gdl_jrs_msg_parse,2020-09-16
1974561,1383784,3,gdl_jrs_msg_parse,2020-09-16
7641463,5897178,2,gdl_jrs_msg_parse,2020-09-16
2632308655,991976045,0,gdl_jrs_msg_parse,2020-09-16
14440303,12526078,1,gdl_jrs_msg_parse,2020-09-17
1903714,1334693,3,gdl_jrs_msg_parse,2020-09-17
7282644,5657701,2,gdl_jrs_msg_parse,2020-09-17
2461926101,946644250,0,gdl_jrs_msg_parse,2020-09-17
13620757,11631451,1,gdl_jrs_msg_parse,2020-09-18
1884989,1320389,3,gdl_jrs_msg_parse,2020-09-18
7789833,6065586,2,gdl_jrs_msg_parse,2020-09-18
2578865616,964648627,0,gdl_jrs_msg_parse,2020-09-18
15848252,13644859,1,gdl_jrs_msg_parse,2020-09-19
1934492,1358316,3,gdl_jrs_msg_parse,2020-09-19
8201586,6423375,2,gdl_jrs_msg_parse,2020-09-19
2116264094,837879184,0,gdl_jrs_msg_parse,2020-09-19
15302033,13040708,1,gdl_jrs_msg_parse,2020-09-20
1908497,1339904,3,gdl_jrs_msg_parse,2020-09-20
8422179,6587146,2,gdl_jrs_msg_parse,2020-09-20
1902672634,754602086,0,gdl_jrs_msg_parse,2020-09-20
12871531,10993048,1,gdl_jrs_msg_parse,2020-09-21
1966722,1363283,3,gdl_jrs_msg_parse,2020-09-21
7532233,5845182,2,gdl_jrs_msg_parse,2020-09-21
2373976105,894022825,0,gdl_jrs_msg_parse,2020-09-21
8859290,7354180,1,gdl_jrs_msg_parse,2020-09-22
1954090,1347974,3,gdl_jrs_msg_parse,2020-09-22
7036087,5476738,2,gdl_jrs_msg_parse,2020-09-22
2189405386,833449505,0,gdl_jrs_msg_parse,2020-09-22
9115789,7588950,1,gdl_jrs_msg_parse,2020-09-23
1952183,1308740,3,gdl_jrs_msg_parse,2020-09-23
7206375,5613104,2,gdl_jrs_msg_parse,2020-09-23
2095450425,798004372,0,gdl_jrs_msg_parse,2020-09-23
8986467,7332514,1,gdl_jrs_msg_parse,2020-09-24
2013961,1299896,3,gdl_jrs_msg_parse,2020-09-24
7525390,5858873,2,gdl_jrs_msg_parse,2020-09-24
2261510662,837263737,0,gdl_jrs_msg_parse,2020-09-24
23468254,18048787,1,gdl_jrs_msg_parse,2019-06-28
4805042,2987240,3,gdl_jrs_msg_parse,2019-06-28
6484590,4858689,2,gdl_jrs_msg_parse,2019-06-28
1868976033,787759140,0,gdl_jrs_msg_parse,2019-06-28
23631344,17096899,1,gdl_jrs_msg_parse,2019-06-29
4687286,2730425,3,gdl_jrs_msg_parse,2019-06-29
6665930,4655217,2,gdl_jrs_msg_parse,2019-06-29
1563298045,685388953,0,gdl_jrs_msg_parse,2019-06-29
25092716,17322926,1,gdl_jrs_msg_parse,2019-06-30
4770110,2664636,3,gdl_jrs_msg_parse,2019-06-30
7475158,4923230,2,gdl_jrs_msg_parse,2019-06-30
1441522005,601142559,0,gdl_jrs_msg_parse,2019-06-30
34149934,25074419,1,gdl_jrs_msg_parse,2019-07-01
5150458,2976125,3,gdl_jrs_msg_parse,2019-07-01
7765140,5128576,2,gdl_jrs_msg_parse,2019-07-01
2057891980,705130931,0,gdl_jrs_msg_parse,2019-07-01
25721396,19862639,1,gdl_jrs_msg_parse,2019-07-02
4409307,2831092,3,gdl_jrs_msg_parse,2019-07-02
6525383,4833086,2,gdl_jrs_msg_parse,2019-07-02
1823137029,688406208,0,gdl_jrs_msg_parse,2019-07-02
25186882,19461205,1,gdl_jrs_msg_parse,2019-07-03
4220333,2704948,3,gdl_jrs_msg_parse,2019-07-03
6303829,4679519,2,gdl_jrs_msg_parse,2019-07-03
1743420870,650625398,0,gdl_jrs_msg_parse,2019-07-03
27659884,22035932,1,gdl_jrs_msg_parse,2019-07-04
4167016,2667180,3,gdl_jrs_msg_parse,2019-07-04
6377503,4753462,2,gdl_jrs_msg_parse,2019-07-04
1830420312,722803064,0,gdl_jrs_msg_parse,2019-07-04
24399141,18717318,1,gdl_jrs_msg_parse,2019-07-05
4498226,2982096,3,gdl_jrs_msg_parse,2019-07-05
6465560,4812060,2,gdl_jrs_msg_parse,2019-07-05
1889527807,724927232,0,gdl_jrs_msg_parse,2019-07-05
23757316,18400147,1,gdl_jrs_msg_parse,2019-07-06
3839111,2464930,3,gdl_jrs_msg_parse,2019-07-06
6358181,4763869,2,gdl_jrs_msg_parse,2019-07-06
1667463876,667132205,0,gdl_jrs_msg_parse,2019-07-06
22949186,17830725,1,gdl_jrs_msg_parse,2019-07-07
3755053,2409912,3,gdl_jrs_msg_parse,2019-07-07
6410602,4818445,2,gdl_jrs_msg_parse,2019-07-07
1546308408,613375629,0,gdl_jrs_msg_parse,2019-07-07
46102589,40082794,1,gdl_jrs_msg_parse,2019-07-08
4893125,3349409,3,gdl_jrs_msg_parse,2019-07-08
6438693,4792784,2,gdl_jrs_msg_parse,2019-07-08
1859594481,714568232,0,gdl_jrs_msg_parse,2019-07-08
23550909,17663352,1,gdl_jrs_msg_parse,2019-07-09
4363145,2706342,3,gdl_jrs_msg_parse,2019-07-09
6899224,5003119,2,gdl_jrs_msg_parse,2019-07-09
1968657635,755624439,0,gdl_jrs_msg_parse,2019-07-09
24128027,18642546,1,gdl_jrs_msg_parse,2019-07-10
4420560,2807150,3,gdl_jrs_msg_parse,2019-07-10
6788596,5054375,2,gdl_jrs_msg_parse,2019-07-10
1915594658,733694543,0,gdl_jrs_msg_parse,2019-07-10
23542618,3669,1,gdl_jrs_msg_parse,2019-07-11
4371338,5380,3,gdl_jrs_msg_parse,2019-07-11
6535849,1381,2,gdl_jrs_msg_parse,2019-07-11
1412562595,38761979,0,gdl_jrs_msg_parse,2019-07-11
24206639,18772351,1,gdl_jrs_msg_parse,2019-07-12
4428341,2797639,3,gdl_jrs_msg_parse,2019-07-12
6505608,4862121,2,gdl_jrs_msg_parse,2019-07-12
1882504280,723970017,0,gdl_jrs_msg_parse,2019-07-12
22123711,17105739,1,gdl_jrs_msg_parse,2019-07-13
4002790,2556651,3,gdl_jrs_msg_parse,2019-07-13
6184192,4663061,2,gdl_jrs_msg_parse,2019-07-13
1554506038,628107305,0,gdl_jrs_msg_parse,2019-07-13
21819927,16884274,1,gdl_jrs_msg_parse,2019-07-14
3766618,2424723,3,gdl_jrs_msg_parse,2019-07-14
6069832,4596169,2,gdl_jrs_msg_parse,2019-07-14
1347862994,559551394,0,gdl_jrs_msg_parse,2019-07-14
29907791,24061121,1,gdl_jrs_msg_parse,2019-07-15
4724187,3012679,3,gdl_jrs_msg_parse,2019-07-15
6945818,5121169,2,gdl_jrs_msg_parse,2019-07-15
1906832490,740087969,0,gdl_jrs_msg_parse,2019-07-15
26248607,20521814,1,gdl_jrs_msg_parse,2019-07-16
4578603,2868701,3,gdl_jrs_msg_parse,2019-07-16
6685337,4942100,2,gdl_jrs_msg_parse,2019-07-16
1803777990,694301791,0,gdl_jrs_msg_parse,2019-07-16
23339378,3135,1,gdl_jrs_msg_parse,2019-07-17
4501279,1473,3,gdl_jrs_msg_parse,2019-07-17
6523425,1438,2,gdl_jrs_msg_parse,2019-07-17
1430314337,37783670,0,gdl_jrs_msg_parse,2019-07-17
23573718,18075987,1,gdl_jrs_msg_parse,2019-07-18
4499186,2852579,3,gdl_jrs_msg_parse,2019-07-18
6619543,4926394,2,gdl_jrs_msg_parse,2019-07-18
2128977285,779445902,0,gdl_jrs_msg_parse,2019-07-18
26799313,21448799,1,gdl_jrs_msg_parse,2019-07-19
6956643,2779168,3,gdl_jrs_msg_parse,2019-07-19
7606697,4991927,2,gdl_jrs_msg_parse,2019-07-19
2030727114,754052110,0,gdl_jrs_msg_parse,2019-07-19
24442009,19471342,1,gdl_jrs_msg_parse,2019-07-20
4001553,2584335,3,gdl_jrs_msg_parse,2019-07-20
6587067,4973886,2,gdl_jrs_msg_parse,2019-07-20
1811887955,699460314,0,gdl_jrs_msg_parse,2019-07-20
22845758,17552338,1,gdl_jrs_msg_parse,2019-07-21
4101962,2602548,3,gdl_jrs_msg_parse,2019-07-21
6733779,5044824,2,gdl_jrs_msg_parse,2019-07-21
1543017026,610755828,0,gdl_jrs_msg_parse,2019-07-21
22708609,17439015,1,gdl_jrs_msg_parse,2019-07-22
4610499,2933419,3,gdl_jrs_msg_parse,2019-07-22
6559846,4891315,2,gdl_jrs_msg_parse,2019-07-22
1889179028,723360516,0,gdl_jrs_msg_parse,2019-07-22
21784966,16727091,1,gdl_jrs_msg_parse,2019-07-23
4469355,2809071,3,gdl_jrs_msg_parse,2019-07-23
6426496,4827010,2,gdl_jrs_msg_parse,2019-07-23
1758470274,686525184,0,gdl_jrs_msg_parse,2019-07-23
31520438,25839063,1,gdl_jrs_msg_parse,2019-07-24
4632548,2889095,3,gdl_jrs_msg_parse,2019-07-24
6696750,4997159,2,gdl_jrs_msg_parse,2019-07-24
1801669278,691100216,0,gdl_jrs_msg_parse,2019-07-24
23114552,17854087,1,gdl_jrs_msg_parse,2019-07-25
4736536,2982657,3,gdl_jrs_msg_parse,2019-07-25
6789442,5072418,2,gdl_jrs_msg_parse,2019-07-25
1779112702,704617355,0,gdl_jrs_msg_parse,2019-07-25
26345996,20844846,1,gdl_jrs_msg_parse,2019-07-26
4473540,2826543,3,gdl_jrs_msg_parse,2019-07-26
6846397,5137723,2,gdl_jrs_msg_parse,2019-07-26
1966610551,740524141,0,gdl_jrs_msg_parse,2019-07-26
25423361,20186183,1,gdl_jrs_msg_parse,2019-07-27
4514690,3017149,3,gdl_jrs_msg_parse,2019-07-27
6640947,5029081,2,gdl_jrs_msg_parse,2019-07-27
1580641370,633397489,0,gdl_jrs_msg_parse,2019-07-27
10905637,9095524,1,gdl_jrs_msg_parse,2020-09-25
1562458,1122155,3,gdl_jrs_msg_parse,2020-09-25
8231289,6379190,2,gdl_jrs_msg_parse,2020-09-25
2527428587,905570482,0,gdl_jrs_msg_parse,2020-09-25
25736355,20816965,1,gdl_jrs_msg_parse,2019-07-28
3943233,2554409,3,gdl_jrs_msg_parse,2019-07-28
6475423,4925843,2,gdl_jrs_msg_parse,2019-07-28
1349994848,568900187,0,gdl_jrs_msg_parse,2019-07-28
10090376,8311671,1,gdl_jrs_msg_parse,2020-09-26
1493319,1132598,3,gdl_jrs_msg_parse,2020-09-26
8187819,6389105,2,gdl_jrs_msg_parse,2020-09-26
2265509445,827481344,0,gdl_jrs_msg_parse,2020-09-26
32865558,27768247,1,gdl_jrs_msg_parse,2019-07-29
4350625,2840661,3,gdl_jrs_msg_parse,2019-07-29
6254762,4712377,2,gdl_jrs_msg_parse,2019-07-29
1718602388,684151939,0,gdl_jrs_msg_parse,2019-07-29
31279839,26093205,1,gdl_jrs_msg_parse,2019-07-30
4298208,2779089,3,gdl_jrs_msg_parse,2019-07-30
6694806,5020622,2,gdl_jrs_msg_parse,2019-07-30
1583861756,649937476,0,gdl_jrs_msg_parse,2019-07-30
39387925,33942054,1,gdl_jrs_msg_parse,2019-07-31
4317609,2776385,3,gdl_jrs_msg_parse,2019-07-31
6993419,5157973,2,gdl_jrs_msg_parse,2019-07-31
1559394147,625745721,0,gdl_jrs_msg_parse,2019-07-31
25567763,20556389,1,gdl_jrs_msg_parse,2019-08-01
3906365,2596078,3,gdl_jrs_msg_parse,2019-08-01
6158316,4661083,2,gdl_jrs_msg_parse,2019-08-01
1962318710,726824041,0,gdl_jrs_msg_parse,2019-08-01
20995478,17859580,1,gdl_jrs_msg_parse,2019-08-02
2711997,1941760,3,gdl_jrs_msg_parse,2019-08-02
4787387,3802951,2,gdl_jrs_msg_parse,2019-08-02
1569228977,667202421,0,gdl_jrs_msg_parse,2019-08-02
38176013,34914370,1,gdl_jrs_msg_parse,2020-09-27
1554560,1168438,3,gdl_jrs_msg_parse,2020-09-27
8021774,6226662,2,gdl_jrs_msg_parse,2020-09-27
2165082428,809374070,0,gdl_jrs_msg_parse,2020-09-27
18959080,16176504,1,gdl_jrs_msg_parse,2019-08-04
2438465,1748965,3,gdl_jrs_msg_parse,2019-08-04
4695095,3776341,2,gdl_jrs_msg_parse,2019-08-04
1199584762,548739726,0,gdl_jrs_msg_parse,2019-08-04
