var,0,1,2,3,4,5,6,7,8,9,dt
cc1l_wwwofcww_m1,84455965,10784,1569,633,24,20,12,1,0,0,2020-02-01
dogl_wwwlbkww_om4,79830126,4631989,6893,0,0,0,0,0,0,0,2020-02-01
dogl_wwwofcww_om4,84466415,2593,0,0,0,0,0,0,0,0,2020-02-01
cc1l_wwwwwwww_m3,28297839,29484152,10138400,5025788,3126626,2009477,3190331,3196313,81,1,2020-02-01
vlal_wwwwwwww_om4,80804844,2620807,154663,149728,169545,147295,152373,104035,35008,130710,2020-02-01
cc1l_wwwpfcww_m3,78699442,4650476,750616,257614,110452,138,261,8,1,0,2020-02-01
cc1l_wwwpdlww_m1,84262577,197770,6760,1814,15,55,13,1,1,2,2020-02-01
cc1l_wwwmlcww_m1,84461695,6631,615,25,21,17,4,0,0,0,2020-02-01
dogl_wwwpfcww_om2,83970066,498728,214,0,0,0,0,0,0,0,2020-02-01
llal_wwwwwwww_m3,28297839,39754033,2601861,2773049,2949349,4411728,1259230,2421900,19,0,2020-02-01
dogl_wwwmlcww_om4,84459790,9217,1,0,0,0,0,0,0,0,2020-02-01
dogl_wwwlbkww_om1,76561624,7901890,5494,0,0,0,0,0,0,0,2020-02-01
cc1l_wwwpdlww_m6,82227690,1952972,202038,51448,19687,15169,2,1,1,0,2020-02-01
dogl_wwwpfcww_om6,83567930,900757,321,0,0,0,0,0,0,0,2020-02-01
cc1l_wwwlncww_m3,79519989,2582738,1018842,502369,273323,263134,308593,12,8,0,2020-02-01
dogl_wwwlbkww_om6,74851923,9611589,5488,8,0,0,0,0,0,0,2020-02-01
dogl_wwwpdlww_om3,84412201,56747,60,0,0,0,0,0,0,0,2020-02-01
dogl_wwwpdlww_om2,84114604,353990,414,0,0,0,0,0,0,0,2020-02-01
mlal_wwwwwwww_m1,58910607,15261710,1232488,1616029,1411232,1399737,1441742,488537,1264764,1442162,2020-02-01
cc1l_wwwmlcww_m6,84415687,46184,4837,2220,26,21,26,7,0,0,2020-02-01
dogl_wwwlncww_om5,83124570,1301494,42938,6,0,0,0,0,0,0,2020-02-01
dotl_wwwwwwww_om4,76205232,7648466,587585,27725,0,0,0,0,0,0,2020-02-01
dogl_wwwccbww_om5,83859082,608757,1164,5,0,0,0,0,0,0,2020-02-01
dogl_wwwpfcww_om3,81421498,3045671,1839,0,0,0,0,0,0,0,2020-02-01
cc1l_wwwofcww_m3,84442783,18685,4508,1632,1313,61,13,10,3,0,2020-02-01
dogl_wwwwwwww_om2,70751752,13180677,499561,37011,7,0,0,0,0,0,2020-02-01
dogl_wwwpdlww_om4,84238462,230254,290,2,0,0,0,0,0,0,2020-02-01
dogl_wwwpdlww_om5,84051879,416600,511,18,0,0,0,0,0,0,2020-02-01
dogl_wwwlbkww_om3,77735786,6727310,5900,12,0,0,0,0,0,0,2020-02-01
cc1l_wwwlncww_m1,82004651,1600231,465535,174104,126443,98028,6,10,0,0,2020-02-01
cc1l_wwwlbkww_m3,53761820,14478858,6213240,3046305,1941809,1226859,1952260,1847813,44,0,2020-02-01
mlal_wwwwwwww_m6,0,52432083,3154465,4756003,4097375,4360384,4992335,3334785,4207607,3133971,2020-02-01
dotl_wwwwwwww_om3,73357232,10628443,483273,58,1,1,0,0,0,0,2020-02-01
cc1l_wwwpfcww_m6,73155607,8465302,1544080,662019,641995,5,0,0,0,0,2020-02-01
mlal_wwwwwwww_m3,28297839,29770291,6195016,3479766,3047587,2450060,4932297,1093532,2640710,2561910,2020-02-01
cc1l_wwwcfcww_m6,83314648,1001045,117219,20691,15402,3,0,0,0,0,2020-02-01
dogl_wwwwwwww_om5,72778812,11060791,564026,65379,0,0,0,0,0,0,2020-02-01
cc1l_wwwpfcww_m1,83856040,587742,16730,8221,228,31,14,1,1,0,2020-02-01
cc1l_wwwccbww_m1,83177409,1158812,104088,13384,15126,135,30,23,0,1,2020-02-01
llal_wwwwwwww_m1,58910607,15689828,2410511,990697,2059487,1326421,1013765,656056,1411636,0,2020-02-01
dogl_wwwccbww_om6,84127074,341651,281,2,0,0,0,0,0,0,2020-02-01
dogl_wwwlncww_om3,83456481,990200,22325,2,0,0,0,0,0,0,2020-02-01
dogl_wwwlncww_om4,83310653,1128133,30218,4,0,0,0,0,0,0,2020-02-01
dogl_wwwlncww_om6,83713549,730561,24891,7,0,0,0,0,0,0,2020-02-01
dogl_wwwlbkww_om2,76348125,8115234,5642,7,0,0,0,0,0,0,2020-02-01
cc1l_wwwwwwww_m1,58910607,14803317,5296835,2087225,1260277,1093439,1017232,67,9,0,2020-02-01
cc1l_wwwlbkww_m1,69207650,8086509,3666704,1326107,855707,704682,621487,154,8,0,2020-02-01
cc1l_wwwcfcww_m1,84010704,394241,54115,9931,15,1,1,0,0,0,2020-02-01
dogl_wwwwwwww_om3,68183063,15567716,718166,62,0,1,0,0,0,0,2020-02-01
dogl_wwwccbww_om3,84292119,176530,355,4,0,0,0,0,0,0,2020-02-01
llal_wwwwwwww_m6,0,61524258,3450145,4078476,3181284,6078003,2419352,3737490,0,0,2020-02-01
dogl_wwwofcww_om5,84465771,3236,1,0,0,0,0,0,0,0,2020-02-01
dogl_wwwlncww_om2,83588632,863648,16704,24,0,0,0,0,0,0,2020-02-01
dogl_wwwccbww_om1,84200887,267546,571,4,0,0,0,0,0,0,2020-02-01
dogl_wwwpfcww_om4,82436893,2030917,1197,1,0,0,0,0,0,0,2020-02-01
slal_wwwwwwww_m1,58910607,15256991,1069513,2022811,1095590,1307751,997225,994367,1286929,1527224,2020-02-01
cc1l_wwwlncww_m6,76299397,4037316,1557811,804618,489180,539867,341236,399583,0,0,2020-02-01
dogl_wwwpdlww_om6,84386064,79237,3044,548,115,0,0,0,0,0,2020-02-01
dotl_wwwwwwww_om1,73801465,10296962,352276,18300,5,0,0,0,0,0,2020-02-01
cc1l_wwwccbww_m3,81877034,2129200,342694,63009,56749,305,1,15,1,0,2020-02-01
dogl_wwwofcww_om6,84466714,2289,5,0,0,0,0,0,0,0,2020-02-01
dotl_wwwwwwww_om2,73543914,10544854,362836,17404,0,0,0,0,0,0,2020-02-01
cc1l_wwwpdlww_m3,83664728,716669,70927,15913,733,0,34,3,0,1,2020-02-01
slal_wwwwwwww_m3,28297839,29770291,6037278,3457849,2474458,3514778,3081550,2438556,2737263,2659146,2020-02-01
cc1l_wwwcfcww_m3,83540017,828070,82363,18548,10,0,0,0,0,0,2020-02-01
dogl_wwwccbww_om2,84167073,301337,598,0,0,0,0,0,0,0,2020-02-01
dogl_wwwpdlww_om1,84352878,116083,47,0,0,0,0,0,0,0,2020-02-01
cc1l_wwwccbww_m6,79713312,3533805,757084,238972,98818,126930,78,7,2,0,2020-02-01
dogl_wwwmlcww_om6,84464039,4947,20,2,0,0,0,0,0,0,2020-02-01
dogl_wwwlncww_om1,83372786,1071581,24638,3,0,0,0,0,0,0,2020-02-01
dogl_wwwwwwww_om6,69773560,14119200,575982,266,0,0,0,0,0,0,2020-02-01
dogl_wwwcfcww_om4,84403196,65797,15,0,0,0,0,0,0,0,2020-02-01
cc1l_pdlwwwww_m6,82213762,1962813,205066,52206,19936,15221,2,1,1,0,2020-02-01
dogl_wwwccbww_om4,84183260,285336,408,4,0,0,0,0,0,0,2020-02-01
dogl_wwwlbkww_om5,80673516,3789640,5835,17,0,0,0,0,0,0,2020-02-01
dogl_wwwwwwww_om1,70778741,13105197,539280,45790,0,0,0,0,0,0,2020-02-01
dogl_wwwwwwww_om4,72379125,11272197,752459,65227,0,0,0,0,0,0,2020-02-01
cc1l_wwwmlcww_m3,84440479,24889,2906,459,218,24,26,7,0,0,2020-02-01
vlal_wwwwwwww_om1,79628644,2660906,685606,369243,319254,267031,260200,278124,0,0,2020-02-01
vlal_wwwwwwww_om2,80401753,2660872,311346,106862,247008,188626,185252,202332,164957,0,2020-02-01
cc1l_wwwwwwww_m6,0,42829062,14008161,7104368,4585681,3130497,4027275,3310727,5473237,0,2020-02-01
cc1l_wwwlbkww_m6,40513934,20517556,7841209,4018080,2640430,1766911,2281313,2266109,2623466,0,2020-02-01
cc1l_wwwofcww_m6,84429145,29132,6210,2322,1008,467,400,299,25,0,2020-02-01
slal_wwwwwwww_m6,0,51583985,4526642,3830837,4747462,4942043,3808877,3605295,3477208,3946659,2020-02-01
dogl_wwwpfcww_om1,84177269,291643,96,0,0,0,0,0,0,0,2020-02-01
cc1l_wwwofcww_m1,80800897,10214,1225,488,13,20,2,0,0,0,2020-03-01
dogl_wwwlbkww_om4,74119805,6687483,5571,0,0,0,0,0,0,0,2020-03-01
dogl_wwwofcww_om4,80809315,3543,1,0,0,0,0,0,0,0,2020-03-01
cc1l_wwwwwwww_m3,29691985,26460354,9794220,4675257,2863749,1780863,2838324,2708035,72,0,2020-03-01
vlal_wwwwwwww_om4,76633960,2927124,198174,259183,190549,153514,163725,125706,38773,122151,2020-03-01
cc1l_wwwpfcww_m3,77402067,3069536,251279,65798,23774,146,251,6,2,0,2020-03-01
cc1l_wwwpdlww_m1,80723291,82096,5832,1538,23,66,11,2,0,0,2020-03-01
cc1l_wwwmlcww_m1,80801762,10505,567,4,7,7,7,0,0,0,2020-03-01
dogl_wwwpfcww_om2,80529270,283509,80,0,0,0,0,0,0,0,2020-03-01
llal_wwwwwwww_m3,29691985,36865679,2891700,2593441,3015291,2408762,1179773,2166208,20,0,2020-03-01
dogl_wwwmlcww_om4,80807609,5217,33,0,0,0,0,0,0,0,2020-03-01
dogl_wwwlbkww_om1,75940622,4868889,3348,0,0,0,0,0,0,0,2020-03-01
cc1l_wwwpdlww_m6,78928557,1665155,166048,37318,10250,5527,2,1,1,0,2020-03-01
dogl_wwwpfcww_om6,79571278,1241010,571,0,0,0,0,0,0,0,2020-03-01
cc1l_wwwlncww_m3,76099187,2452520,972791,483065,261115,250275,293890,14,2,0,2020-03-01
dogl_wwwlbkww_om6,76834263,3972504,6074,18,0,0,0,0,0,0,2020-03-01
dogl_wwwpdlww_om3,80454076,358380,403,0,0,0,0,0,0,0,2020-03-01
dogl_wwwpdlww_om2,80699596,113212,51,0,0,0,0,0,0,0,2020-03-01
mlal_wwwwwwww_m1,61140289,11904376,553299,1314596,1303460,1162019,1298243,360564,1009876,766137,2020-03-01
cc1l_wwwmlcww_m6,80757909,48829,4578,1474,12,24,25,8,0,0,2020-03-01
dogl_wwwlncww_om5,79650958,1130799,31102,0,0,0,0,0,0,0,2020-03-01
dotl_wwwwwwww_om4,69754941,10585615,455051,17251,1,0,0,0,0,0,2020-03-01
dogl_wwwccbww_om5,80527080,285347,427,5,0,0,0,0,0,0,2020-03-01
dogl_wwwpfcww_om3,80282409,530204,246,0,0,0,0,0,0,0,2020-03-01
cc1l_wwwofcww_m3,80784464,20028,4941,1809,1507,83,14,11,2,0,2020-03-01
dogl_wwwwwwww_om2,67528195,12745081,497884,41687,12,0,0,0,0,0,2020-03-01
dogl_wwwpdlww_om4,80755916,56876,64,3,0,0,0,0,0,0,2020-03-01
dogl_wwwpdlww_om5,80576732,235802,322,3,0,0,0,0,0,0,2020-03-01
dogl_wwwlbkww_om3,72350031,8456840,5984,4,0,0,0,0,0,0,2020-03-01
cc1l_wwwlncww_m1,78741864,1451847,348418,124075,82441,64197,9,8,0,0,2020-03-01
cc1l_wwwlbkww_m3,51650856,13987876,5971329,2751068,1818383,1100722,1810811,1721785,29,0,2020-03-01
mlal_wwwwwwww_m6,0,49140666,3183352,4832108,4149122,4437092,4523124,3392773,4117421,3037201,2020-03-01
dotl_wwwwwwww_om3,69513225,10894787,404760,87,0,0,0,0,0,0,2020-03-01
cc1l_wwwpfcww_m6,68760509,9645499,1369295,550486,487067,3,0,0,0,0,2020-03-01
mlal_wwwwwwww_m3,29691985,27792601,6021399,3098132,3081221,2421915,2820345,1040230,2563954,2281077,2020-03-01
cc1l_wwwcfcww_m6,79255503,1294974,215538,26156,20683,5,0,0,0,0,2020-03-01
dogl_wwwwwwww_om5,68492389,11472598,779521,68351,0,0,0,0,0,0,2020-03-01
cc1l_wwwpfcww_m1,79007298,1792428,8992,3954,164,17,4,2,0,0,2020-03-01
cc1l_wwwccbww_m1,79384409,1332850,76065,9952,9531,42,3,7,0,0,2020-03-01
llal_wwwwwwww_m1,61140289,12504314,1246092,692293,1756684,1240472,971855,447298,813562,0,2020-03-01
dogl_wwwccbww_om6,80172728,638944,1179,7,1,0,0,0,0,0,2020-03-01
dogl_wwwlncww_om3,79921561,874029,17268,1,0,0,0,0,0,0,2020-03-01
dogl_wwwlncww_om4,79844810,946744,21302,3,0,0,0,0,0,0,2020-03-01
dogl_wwwlncww_om6,79423415,1342979,46459,6,0,0,0,0,0,0,2020-03-01
dogl_wwwlbkww_om2,73173908,7633811,5137,3,0,0,0,0,0,0,2020-03-01
cc1l_wwwwwwww_m1,61140289,12371094,4004532,1317581,824260,629106,525966,22,9,0,2020-03-01
cc1l_wwwlbkww_m1,70516006,5342769,2807934,755725,603541,422538,364253,86,7,0,2020-03-01
cc1l_wwwcfcww_m1,80312903,403664,87818,8437,34,0,3,0,0,0,2020-03-01
dogl_wwwwwwww_om3,66628755,13618066,565980,58,0,0,0,0,0,0,2020-03-01
dogl_wwwccbww_om3,80508876,303370,604,9,0,0,0,0,0,0,2020-03-01
llal_wwwwwwww_m6,0,57877244,3799594,4334461,3024393,5818357,2363383,3595427,0,0,2020-03-01
dogl_wwwofcww_om5,80810287,2571,1,0,0,0,0,0,0,0,2020-03-01
dogl_wwwlncww_om2,79804250,986504,22039,65,1,0,0,0,0,0,2020-03-01
dogl_wwwccbww_om1,80636895,175448,503,13,0,0,0,0,0,0,2020-03-01
dogl_wwwpfcww_om4,77740490,3070506,1863,0,0,0,0,0,0,0,2020-03-01
slal_wwwwwwww_m1,61140289,11902858,523877,1555380,988211,1132091,822422,774803,1100535,872393,2020-03-01
cc1l_wwwlncww_m6,72650666,3946702,1534560,812376,502556,564974,367257,433768,0,0,2020-03-01
dogl_wwwpdlww_om6,80380205,431915,715,24,0,0,0,0,0,0,2020-03-01
dotl_wwwwwwww_om1,72199167,8380405,220457,12827,3,0,0,0,0,0,2020-03-01
cc1l_wwwccbww_m3,77406650,2661394,532310,138168,73974,346,1,15,1,0,2020-03-01
dogl_wwwofcww_om6,80809426,3433,0,0,0,0,0,0,0,0,2020-03-01
dotl_wwwwwwww_om2,70533947,9936603,325671,16638,0,0,0,0,0,0,2020-03-01
cc1l_wwwpdlww_m3,80023917,702184,71648,14880,200,0,25,4,0,1,2020-03-01
slal_wwwwwwww_m3,29691985,27792601,5916985,2985053,2400912,2711803,1713721,2356034,2708741,2535024,2020-03-01
cc1l_wwwcfcww_m3,79559201,1067160,158901,27577,19,1,0,0,0,0,2020-03-01
dogl_wwwccbww_om2,80556672,255632,555,0,0,0,0,0,0,0,2020-03-01
dogl_wwwpdlww_om1,80759805,53020,34,0,0,0,0,0,0,0,2020-03-01
cc1l_wwwccbww_m6,75823121,3647171,848266,269869,91693,132661,68,8,2,0,2020-03-01
dogl_wwwmlcww_om6,80810214,2644,1,0,0,0,0,0,0,0,2020-03-01
dogl_wwwlncww_om1,79980976,810672,21205,6,0,0,0,0,0,0,2020-03-01
dogl_wwwwwwww_om6,68648744,11481447,682644,24,0,0,0,0,0,0,2020-03-01
dogl_wwwcfcww_om4,80710561,102271,27,0,0,0,0,0,0,0,2020-03-01
cc1l_pdlwwwww_m6,78917209,1673934,168189,37631,10356,5536,2,1,1,0,2020-03-01
dogl_wwwccbww_om4,80637774,174725,357,3,0,0,0,0,0,0,2020-03-01
dogl_wwwlbkww_om5,76055382,4750470,6998,9,0,0,0,0,0,0,2020-03-01
dogl_wwwwwwww_om1,70603784,9681723,492722,34630,0,0,0,0,0,0,2020-03-01
dogl_wwwwwwww_om4,64572107,15542134,650850,47767,1,0,0,0,0,0,2020-03-01
cc1l_wwwmlcww_m3,80783856,25664,2714,397,181,19,22,6,0,0,2020-03-01
vlal_wwwwwwww_om1,77729970,1775549,266282,264128,229867,189872,191243,165948,0,0,2020-03-01
vlal_wwwwwwww_om2,76269354,2541419,587988,169743,335576,249687,232397,226411,200284,0,2020-03-01
cc1l_wwwwwwww_m6,0,39608839,13740575,6999431,4554731,3103338,4023062,3308497,5474386,0,2020-03-01
cc1l_wwwlbkww_m6,41360856,16411957,7555222,3852568,2619917,1729703,2279769,2296213,2706654,0,2020-03-01
cc1l_wwwofcww_m6,80769733,30614,6760,2823,1300,653,520,433,23,0,2020-03-01
slal_wwwwwwww_m6,0,48326038,4586285,3723133,4782936,4521885,3865003,3628986,3447603,3930990,2020-03-01
dogl_wwwpfcww_om1,79214689,1597957,213,0,0,0,0,0,0,0,2020-03-01
cc1l_wwwofcww_m1,79880736,9226,1074,467,18,22,7,1,0,0,2020-04-01
dogl_wwwlbkww_om4,71587563,8298489,5499,0,0,0,0,0,0,0,2020-04-01
dogl_wwwofcww_om4,79887660,3891,0,0,0,0,0,0,0,0,2020-04-01
cc1l_wwwwwwww_m3,32967261,24814325,9043708,4128892,2548345,1523528,2490243,2375199,50,0,2020-04-01
vlal_wwwwwwww_om4,75771158,3053095,104250,189542,184770,140239,148345,116465,56042,127645,2020-04-01
cc1l_wwwpfcww_m3,77386612,2444849,36160,9010,14530,200,180,8,2,0,2020-04-01
cc1l_wwwpdlww_m1,79652566,220546,7853,10397,33,119,31,3,2,1,2020-04-01
cc1l_wwwmlcww_m1,79862129,28169,1177,27,25,17,1,6,0,0,2020-04-01
dogl_wwwpfcww_om2,78321741,1569610,200,0,0,0,0,0,0,0,2020-04-01
llal_wwwwwwww_m3,32967261,31927368,2863287,2858579,3286586,2395779,963061,2629598,32,0,2020-04-01
dogl_wwwmlcww_om4,79885940,5607,4,0,0,0,0,0,0,0,2020-04-01
dogl_wwwlbkww_om1,75412157,4474934,4460,0,0,0,0,0,0,0,2020-04-01
cc1l_wwwpdlww_m6,78327563,1357806,149106,37585,13562,5924,3,1,1,0,2020-04-01
dogl_wwwpfcww_om6,77761558,2128688,1304,1,0,0,0,0,0,0,2020-04-01
cc1l_wwwlncww_m3,75222545,2594202,906337,442804,233790,220479,271375,13,6,0,2020-04-01
dogl_wwwlbkww_om6,75134976,4749778,6783,14,0,0,0,0,0,0,2020-04-01
dogl_wwwpdlww_om3,79774911,116592,48,0,0,0,0,0,0,0,2020-04-01
dogl_wwwpdlww_om2,79841222,50288,41,0,0,0,0,0,0,0,2020-04-01
mlal_wwwwwwww_m1,60508864,10638283,415314,1304394,1419664,1238610,1362537,365636,1103663,1534586,2020-04-01
cc1l_wwwmlcww_m6,79812978,71098,5834,1571,18,18,26,8,0,0,2020-04-01
dogl_wwwlncww_om5,78769045,1096335,26171,0,0,0,0,0,0,0,2020-04-01
dotl_wwwwwwww_om4,68762235,10736239,375126,17951,0,0,0,0,0,0,2020-04-01
dogl_wwwccbww_om5,79707295,183832,417,7,0,0,0,0,0,0,2020-04-01
dogl_wwwpfcww_om3,79595877,295573,101,0,0,0,0,0,0,0,2020-04-01
cc1l_wwwofcww_m3,79862278,21664,4373,1602,1510,99,11,13,1,0,2020-04-01
dogl_wwwwwwww_om2,70484129,8949122,428528,29759,13,0,0,0,0,0,2020-04-01
dogl_wwwpdlww_om4,79533156,357985,409,1,0,0,0,0,0,0,2020-04-01
dogl_wwwpdlww_om5,79828608,62857,82,4,0,0,0,0,0,0,2020-04-01
dogl_wwwlbkww_om3,71971896,7914346,5305,4,0,0,0,0,0,0,2020-04-01
cc1l_wwwlncww_m1,77910880,1404646,304501,116855,81842,72814,0,13,0,0,2020-04-01
cc1l_wwwlbkww_m3,54943216,11430760,5395015,2336327,1629370,921713,1639004,1596114,32,0,2020-04-01
mlal_wwwwwwww_m6,0,49072662,2711125,5044807,4117484,4508763,4241142,3397729,3432440,3365399,2020-04-01
dotl_wwwwwwww_om3,69234603,10292979,363885,84,0,0,0,0,0,0,2020-04-01
cc1l_wwwpfcww_m6,69101932,8972571,1122441,417499,277105,3,0,0,0,0,2020-04-01
mlal_wwwwwwww_m3,32967261,23801999,5532538,3234577,3120754,2444664,2771270,1067753,2169884,2780851,2020-04-01
cc1l_wwwcfcww_m6,77804136,1723386,310265,30403,23352,9,0,0,0,0,2020-04-01
dogl_wwwwwwww_om5,62217214,16819929,794269,60138,1,0,0,0,0,0,2020-04-01
cc1l_wwwpfcww_m1,79770347,101809,10785,8132,337,92,46,2,1,0,2020-04-01
cc1l_wwwccbww_m1,78517241,1227379,112946,16275,17562,122,12,13,1,0,2020-04-01
llal_wwwwwwww_m1,60508864,11471891,825774,653587,2058425,1294645,1032117,498440,1547808,0,2020-04-01
dogl_wwwccbww_om6,79605770,285356,423,2,0,0,0,0,0,0,2020-04-01
dogl_wwwlncww_om3,78835027,1032709,23813,2,0,0,0,0,0,0,2020-04-01
dogl_wwwlncww_om4,79023893,850938,16718,2,0,0,0,0,0,0,2020-04-01
dogl_wwwlncww_om6,78683236,1174751,33562,2,0,0,0,0,0,0,2020-04-01
dogl_wwwlbkww_om2,75511949,4376696,2904,2,0,0,0,0,0,0,2020-04-01
cc1l_wwwwwwww_m1,60508864,12232707,3908139,1264431,789789,627744,559846,23,8,0,2020-04-01
cc1l_wwwlbkww_m1,69997525,5330470,2475866,740240,552978,418867,375501,97,7,0,2020-04-01
cc1l_wwwcfcww_m1,79179534,667922,37753,6306,33,0,2,1,0,0,2020-04-01
dogl_wwwwwwww_om3,66119793,13202180,569498,80,0,0,0,0,0,0,2020-04-01
dogl_wwwccbww_om3,79633067,257919,559,6,0,0,0,0,0,0,2020-04-01
llal_wwwwwwww_m6,0,57674279,3549726,4546544,2886802,5570529,2017410,3646261,0,0,2020-04-01
dogl_wwwofcww_om5,79887517,4034,0,0,0,0,0,0,0,0,2020-04-01
dogl_wwwlncww_om2,79150076,722955,18474,42,4,0,0,0,0,0,2020-04-01
dogl_wwwccbww_om1,79608864,282005,673,9,0,0,0,0,0,0,2020-04-01
dogl_wwwpfcww_om4,79358888,532421,242,0,0,0,0,0,0,0,2020-04-01
slal_wwwwwwww_m1,60508864,10624827,409100,1640203,1046568,1236358,827672,820926,1182525,1594508,2020-04-01
cc1l_wwwlncww_m6,72237727,3645331,1444631,787727,487611,535247,344026,409251,0,0,2020-04-01
dogl_wwwpdlww_om6,79651121,240068,360,2,0,0,0,0,0,0,2020-04-01
dotl_wwwwwwww_om1,72651746,7041685,185310,12807,3,0,0,0,0,0,2020-04-01
cc1l_wwwccbww_m3,76456670,2681432,526828,149589,76620,396,1,14,1,0,2020-04-01
dogl_wwwofcww_om6,79888944,2607,0,0,0,0,0,0,0,0,2020-04-01
dotl_wwwwwwww_om2,71938185,7749079,193218,11069,0,0,0,0,0,0,2020-04-01
cc1l_wwwpdlww_m3,79377270,468946,28494,16538,260,3,34,5,0,1,2020-04-01
slal_wwwwwwww_m3,32967261,23801999,5492498,3039093,2428798,2716848,1640896,2018557,2759442,3026159,2020-04-01
cc1l_wwwcfcww_m3,78260287,1412106,188257,30849,50,2,0,0,0,0,2020-04-01
dogl_wwwccbww_om2,79728670,162438,443,0,0,0,0,0,0,0,2020-04-01
dogl_wwwpdlww_om1,79727775,163589,187,0,0,0,0,0,0,0,2020-04-01
cc1l_wwwccbww_m6,75174595,3509281,773927,225297,94958,113415,68,9,1,0,2020-04-01
dogl_wwwmlcww_om6,79881876,9675,0,0,0,0,0,0,0,0,2020-04-01
dogl_wwwlncww_om1,79049892,827007,14651,1,0,0,0,0,0,0,2020-04-01
dogl_wwwwwwww_om6,67327972,11687427,876137,15,0,0,0,0,0,0,2020-04-01
dogl_wwwcfcww_om4,79702408,189035,108,0,0,0,0,0,0,0,2020-04-01
cc1l_pdlwwwww_m6,78321968,1362836,149586,37653,13573,5930,3,1,1,0,2020-04-01
dogl_wwwccbww_om4,79579650,311250,644,7,0,0,0,0,0,0,2020-04-01
dogl_wwwlbkww_om5,72471243,7413689,6612,7,0,0,0,0,0,0,2020-04-01
dogl_wwwwwwww_om1,69954790,9453288,452495,30975,2,1,0,0,0,0,2020-04-01
dogl_wwwwwwww_om4,65846955,13496347,510503,37746,0,0,0,0,0,0,2020-04-01
cc1l_wwwmlcww_m3,79845457,42417,3027,430,178,20,13,9,0,0,2020-04-01
vlal_wwwwwwww_om1,76937054,1740012,164077,211552,233376,190181,185940,229359,0,0,2020-04-01
vlal_wwwwwwww_om2,77191979,1571660,215478,91929,235672,165969,159484,152975,106405,0,2020-04-01
cc1l_wwwwwwww_m6,0,39235237,13806477,6942893,4535462,3043958,3927443,3169782,5230299,0,2020-04-01
cc1l_wwwlbkww_m6,39675409,16930132,7736571,3885135,2641080,1723665,2275227,2295933,2728399,0,2020-04-01
cc1l_wwwofcww_m6,79847249,30183,7264,3247,1515,779,717,573,24,0,2020-04-01
slal_wwwwwwww_m6,0,48288717,4141453,3763422,4839794,4256268,3879890,3185376,3241608,4295023,2020-04-01
dogl_wwwpfcww_om1,79810891,80650,10,0,0,0,0,0,0,0,2020-04-01
cc1l_wwwofcww_m1,78201170,6210,844,417,17,26,3,0,0,0,2020-05-01
dogl_wwwlbkww_om4,70289719,7913779,5189,0,0,0,0,0,0,0,2020-05-01
dogl_wwwofcww_om4,78203341,5346,0,0,0,0,0,0,0,0,2020-05-01
cc1l_wwwwwwww_m3,36299794,23266354,8200269,3641031,2144087,1231812,1848537,1576762,41,0,2020-05-01
vlal_wwwwwwww_om4,73473139,3297411,170725,281768,252651,190137,193476,127478,48915,172987,2020-05-01
cc1l_wwwpfcww_m3,76235455,1926394,25251,7683,13420,191,270,19,4,0,2020-05-01
cc1l_wwwpdlww_m1,77864293,296840,37826,9628,16,68,11,3,1,1,2020-05-01
cc1l_wwwmlcww_m1,78162842,41581,3995,112,89,38,18,5,5,2,2020-05-01
dogl_wwwpfcww_om2,78128239,80438,10,0,0,0,0,0,0,0,2020-05-01
llal_wwwwwwww_m3,36299794,28812749,1864488,2414759,3178549,2238677,881844,2517793,34,0,2020-05-01
dogl_wwwmlcww_om4,78205043,3644,0,0,0,0,0,0,0,0,2020-05-01
dogl_wwwlbkww_om1,74512511,3692629,3547,0,0,0,0,0,0,0,2020-05-01
cc1l_wwwpdlww_m6,76928677,978002,241270,36877,15125,8730,2,3,1,0,2020-05-01
dogl_wwwpfcww_om6,74819520,3386771,2393,3,0,0,0,0,0,0,2020-05-01
cc1l_wwwlncww_m3,73875192,2493717,806478,404218,209148,189952,229964,16,2,0,2020-05-01
dogl_wwwlbkww_om6,70493378,7708480,6821,8,0,0,0,0,0,0,2020-05-01
dogl_wwwpdlww_om3,78156803,51832,52,0,0,0,0,0,0,0,2020-05-01
dogl_wwwpdlww_om2,78088600,119917,170,0,0,0,0,0,0,0,2020-05-01
mlal_wwwwwwww_m1,60257048,11423109,241446,1203021,1061354,878267,924282,249562,750861,1219737,2020-05-01
cc1l_wwwmlcww_m6,78099037,96798,10197,2572,21,27,27,4,4,0,2020-05-01
dogl_wwwlncww_om5,77311758,879455,17472,2,0,0,0,0,0,0,2020-05-01
dotl_wwwwwwww_om4,67619950,10228432,342213,18092,0,0,0,0,0,0,2020-05-01
dogl_wwwccbww_om5,77897683,310383,616,5,0,0,0,0,0,0,2020-05-01
dogl_wwwpfcww_om3,76624280,1584208,199,0,0,0,0,0,0,0,2020-05-01
cc1l_wwwofcww_m3,78183513,19049,3475,1290,1260,69,25,6,0,0,2020-05-01
dogl_wwwwwwww_om2,68427179,9302539,448187,30772,10,0,0,0,0,0,2020-05-01
dogl_wwwpdlww_om4,78091927,116715,45,0,0,0,0,0,0,0,2020-05-01
dogl_wwwpdlww_om5,77841584,366663,440,0,0,0,0,0,0,0,2020-05-01
dogl_wwwlbkww_om3,73621316,4584380,2990,1,0,0,0,0,0,0,2020-05-01
cc1l_wwwlncww_m1,76236614,1359812,347694,120067,80862,63634,1,3,0,0,2020-05-01
cc1l_wwwlbkww_m3,58047694,9960688,4372001,1823716,1209478,685540,1112875,996672,23,0,2020-05-01
mlal_wwwwwwww_m6,0,48763131,2576781,5123433,4005935,4303906,3406327,3205713,3278941,3544520,2020-05-01
dotl_wwwwwwww_om3,69990838,8003954,213835,60,0,0,0,0,0,0,2020-05-01
cc1l_wwwpfcww_m6,70538383,6483765,794476,264415,127642,6,0,0,0,0,2020-05-01
mlal_wwwwwwww_m3,36299794,22484284,3599624,2770993,2919079,2231901,2440975,964692,1850855,2646490,2020-05-01
cc1l_wwwcfcww_m6,75642875,2077653,423662,39239,25249,9,0,0,0,0,2020-05-01
dogl_wwwwwwww_om5,63668662,13956549,542984,40492,0,0,0,0,0,0,2020-05-01
cc1l_wwwpfcww_m1,78130860,64047,6927,6446,231,65,106,2,3,0,2020-05-01
cc1l_wwwccbww_m1,76860740,1196578,114210,19539,17423,158,28,9,1,1,2020-05-01
llal_wwwwwwww_m1,60257048,11817472,765933,384253,1667162,967441,749636,373042,1226700,0,2020-05-01
dogl_wwwccbww_om6,78023277,184973,432,5,0,0,0,0,0,0,2020-05-01
dogl_wwwlncww_om3,77433845,755009,19826,7,0,0,0,0,0,0,2020-05-01
dogl_wwwlncww_om4,77172266,1012784,23635,2,0,0,0,0,0,0,2020-05-01
dogl_wwwlncww_om6,77029577,1151045,28062,3,0,0,0,0,0,0,2020-05-01
dogl_wwwlbkww_om2,73715871,4488371,4436,9,0,0,0,0,0,0,2020-05-01
cc1l_wwwwwwww_m1,60257048,12543927,3298321,1066548,458389,320010,264391,42,10,1,2020-05-01
cc1l_wwwlbkww_m1,70630964,5335271,1371914,433686,182983,135253,118539,65,12,0,2020-05-01
cc1l_wwwcfcww_m1,77502677,681884,20239,3872,13,0,2,0,0,0,2020-05-01
dogl_wwwwwwww_om3,68469445,9263065,476108,69,0,0,0,0,0,0,2020-05-01
dogl_wwwccbww_om3,78044341,163863,474,9,0,0,0,0,0,0,2020-05-01
llal_wwwwwwww_m6,0,57207954,3262871,4601291,2753135,4703661,1939619,3740156,0,0,2020-05-01
dogl_wwwofcww_om5,78204597,4090,0,0,0,0,0,0,0,0,2020-05-01
dogl_wwwlncww_om2,77366996,827192,14461,38,0,0,0,0,0,0,2020-05-01
dogl_wwwccbww_om1,77823276,384719,679,13,0,0,0,0,0,0,2020-05-01
dogl_wwwpfcww_om4,77900005,308595,87,0,0,0,0,0,0,0,2020-05-01
slal_wwwwwwww_m1,60257048,11362182,293321,1589125,953499,971093,496950,491668,641583,1152218,2020-05-01
cc1l_wwwlncww_m6,71049583,3376370,1358426,755331,467059,508506,321454,371958,0,0,2020-05-01
dogl_wwwpdlww_om6,78143396,65187,100,4,0,0,0,0,0,0,2020-05-01
dotl_wwwwwwww_om1,71734938,6309088,153357,11298,6,0,0,0,0,0,2020-05-01
cc1l_wwwccbww_m3,74704800,2738747,536418,149725,78593,391,2,10,1,0,2020-05-01
dogl_wwwofcww_om6,78204540,4146,1,0,0,0,0,0,0,0,2020-05-01
dotl_wwwwwwww_om2,71099735,6912512,183669,12771,0,0,0,0,0,0,2020-05-01
cc1l_wwwpdlww_m3,77706869,295689,167944,37813,331,1,34,4,2,0,2020-05-01
slal_wwwwwwww_m3,36299794,22484284,3648075,2500109,2502129,2587474,1397011,1693578,2382103,2714130,2020-05-01
cc1l_wwwcfcww_m3,76327263,1699786,158549,23037,50,0,2,0,0,0,2020-05-01
dogl_wwwccbww_om2,77939975,268064,648,0,0,0,0,0,0,0,2020-05-01
dogl_wwwpdlww_om1,78017539,190769,378,1,0,0,0,0,0,0,2020-05-01
cc1l_wwwccbww_m6,72987943,3722744,934528,283899,134219,145275,69,9,1,0,2020-05-01
dogl_wwwmlcww_om6,78202445,6203,39,0,0,0,0,0,0,0,2020-05-01
dogl_wwwlncww_om1,77477031,716629,15027,0,0,0,0,0,0,0,2020-05-01
dogl_wwwwwwww_om6,59844189,17439362,925124,11,1,0,0,0,0,0,2020-05-01
dogl_wwwcfcww_om4,77943526,264931,230,0,0,0,0,0,0,0,2020-05-01
cc1l_pdlwwwww_m6,76928064,978581,241296,36880,15129,8731,2,3,1,0,2020-05-01
dogl_wwwccbww_om4,77956746,251389,547,5,0,0,0,0,0,0,2020-05-01
dogl_wwwlbkww_om5,69598436,8604481,5766,4,0,0,0,0,0,0,2020-05-01
dogl_wwwwwwww_om1,68968934,8828290,382919,28543,1,0,0,0,0,0,2020-05-01
dogl_wwwwwwww_om4,64419907,13223582,520768,44430,0,0,0,0,0,0,2020-05-01
cc1l_wwwmlcww_m3,78124981,75781,6623,863,350,55,22,6,6,0,2020-05-01
vlal_wwwwwwww_om1,75888402,1489423,137114,149069,139069,116619,115668,173323,0,0,2020-05-01
vlal_wwwwwwww_om2,75319195,1703470,143262,71594,238887,195201,186142,177120,173816,0,2020-05-01
cc1l_wwwwwwww_m6,0,38747712,13860654,6965140,4466368,2964428,3739780,2952090,4512515,0,2020-05-01
cc1l_wwwlbkww_m6,38204245,17712082,7691151,3835527,2520626,1652892,2138320,2115161,2338683,0,2020-05-01
cc1l_wwwofcww_m6,78164474,29507,7458,3253,1631,853,799,686,26,0,2020-05-01
slal_wwwwwwww_m6,0,48198779,3806202,3806248,4768939,3483018,3693692,3033902,3049496,4368411,2020-05-01
dogl_wwwpfcww_om1,78161520,47160,7,0,0,0,0,0,0,0,2020-05-01
cc1l_wwwofcww_m1,71470851,4933,677,344,8,15,4,0,0,0,2020-06-01
dogl_wwwlbkww_om4,66422792,5050769,3271,0,0,0,0,0,0,0,2020-06-01
dogl_wwwofcww_om4,71472199,4633,0,0,0,0,0,0,0,0,2020-06-01
cc1l_wwwwwwww_m3,33317927,21591808,7555154,3415754,1893325,1098860,1507746,1096204,53,1,2020-06-01
vlal_wwwwwwww_om4,68406858,2022393,97065,221005,193935,147152,156721,95979,33361,102363,2020-06-01
cc1l_wwwpfcww_m3,71240587,193059,21161,7829,13732,176,253,31,4,0,2020-06-01
cc1l_wwwpdlww_m1,71437416,31608,4937,2822,11,33,2,0,3,0,2020-06-01
cc1l_wwwmlcww_m1,71435999,35360,5130,155,96,70,9,11,2,0,2020-06-01
dogl_wwwpfcww_om2,71429167,47656,9,0,0,0,0,0,0,0,2020-06-01
llal_wwwwwwww_m3,33317927,25926751,1559919,1999223,2968153,2080554,824658,2799598,49,0,2020-06-01
dogl_wwwmlcww_om4,71471234,5598,0,0,0,0,0,0,0,0,2020-06-01
dogl_wwwlbkww_om1,68906572,2568783,1477,0,0,0,0,0,0,0,2020-06-01
cc1l_wwwpdlww_m6,70254709,926759,236021,36666,14961,7710,2,3,1,0,2020-06-01
dogl_wwwpfcww_om6,70813729,662780,323,0,0,0,0,0,0,0,2020-06-01
cc1l_wwwlncww_m3,67292724,2361301,772039,403575,218415,199327,229438,11,2,0,2020-06-01
dogl_wwwlbkww_om6,61962834,9507420,6576,2,0,0,0,0,0,0,2020-06-01
dogl_wwwpdlww_om3,71355537,121125,170,0,0,0,0,0,0,0,2020-06-01
dogl_wwwpdlww_om2,71282790,193674,368,0,0,0,0,0,0,0,2020-06-01
mlal_wwwwwwww_m1,57647511,8950013,276934,744435,812627,646514,680707,173275,548088,996728,2020-06-01
cc1l_wwwmlcww_m6,71338720,120062,14230,3690,48,54,19,4,5,0,2020-06-01
dogl_wwwlncww_om5,70240236,1205998,30594,4,0,0,0,0,0,0,2020-06-01
dotl_wwwwwwww_om4,62681402,8556565,225298,13567,0,0,0,0,0,0,2020-06-01
dogl_wwwccbww_om5,71209426,266765,638,3,0,0,0,0,0,0,2020-06-01
dogl_wwwpfcww_om3,71395994,80829,9,0,0,0,0,0,0,0,2020-06-01
cc1l_wwwofcww_m3,71456753,15022,2801,1084,1081,61,24,6,0,0,2020-06-01
dogl_wwwwwwww_om2,62267093,8791194,390070,28460,15,0,0,0,0,0,2020-06-01
dogl_wwwpdlww_om4,71422999,53774,58,1,0,0,0,0,0,0,2020-06-01
dogl_wwwpdlww_om5,71352314,124461,57,0,0,0,0,0,0,0,2020-06-01
dogl_wwwlbkww_om3,66920814,4551832,4178,8,0,0,0,0,0,0,2020-06-01
cc1l_wwwlncww_m1,69511029,1360079,342325,120632,83055,59708,1,3,0,0,2020-06-01
cc1l_wwwlbkww_m3,53995078,9474514,3715301,1561479,908661,518703,738832,564233,31,0,2020-06-01
mlal_wwwwwwww_m6,0,45639225,2032273,4883560,3877489,3576945,1762957,2962456,3146209,3595718,2020-06-01
dotl_wwwwwwww_om3,64346385,6941468,188911,67,1,0,0,0,0,0,2020-06-01
cc1l_wwwpfcww_m6,67876283,3218277,269317,72142,40806,7,0,0,0,0,2020-06-01
mlal_wwwwwwww_m3,33317927,20659174,2886459,2261998,2764216,2038481,2134379,863299,1630509,2920390,2020-06-01
cc1l_wwwcfcww_m6,68648432,2247580,498528,54156,28127,7,0,2,0,0,2020-06-01
dogl_wwwwwwww_om5,55521579,15235993,660162,59098,0,0,0,0,0,0,2020-06-01
cc1l_wwwpfcww_m1,71407198,59311,5802,4384,111,11,14,1,0,0,2020-06-01
cc1l_wwwccbww_m1,70170336,1069258,140394,55484,41146,184,21,9,0,0,2020-06-01
llal_wwwwwwww_m1,57647511,8990922,725515,351065,1146489,742753,574303,282710,1015564,0,2020-06-01
dogl_wwwccbww_om6,71160314,315828,683,7,0,0,0,0,0,0,2020-06-01
dogl_wwwlncww_om3,70650772,812273,13785,2,0,0,0,0,0,0,2020-06-01
dogl_wwwlncww_om4,70631953,822327,22549,3,0,0,0,0,0,0,2020-06-01
dogl_wwwlncww_om6,70487743,968550,20539,0,0,0,0,0,0,0,2020-06-01
dogl_wwwlbkww_om2,67740061,3733300,3467,4,0,0,0,0,0,0,2020-06-01
cc1l_wwwwwwww_m1,57647511,10013550,2265184,772974,331718,232314,213544,30,6,1,2020-06-01
cc1l_wwwlbkww_m1,66331313,3697750,868282,292897,120479,81005,85033,64,9,0,2020-06-01
cc1l_wwwcfcww_m1,70949466,499817,24401,3141,5,0,1,1,0,0,2020-06-01
dogl_wwwwwwww_om3,61649872,9357591,469285,84,0,0,0,0,0,0,2020-06-01
dogl_wwwccbww_om3,71213800,262415,600,17,0,0,0,0,0,0,2020-06-01
llal_wwwwwwww_m6,0,52804169,3438629,4269625,2707087,2654661,1829676,3772985,0,0,2020-06-01
dogl_wwwofcww_om5,71470437,6395,0,0,0,0,0,0,0,0,2020-06-01
dogl_wwwlncww_om2,70756037,705946,14807,36,6,0,0,0,0,0,2020-06-01
dogl_wwwccbww_om1,71154556,321856,419,1,0,0,0,0,0,0,2020-06-01
dogl_wwwpfcww_om4,69860248,1616349,235,0,0,0,0,0,0,0,2020-06-01
slal_wwwwwwww_m1,57647511,8938707,269749,1085955,751140,732081,337235,336444,452443,925567,2020-06-01
cc1l_wwwlncww_m6,64578708,3243626,1306026,726549,451201,496973,314414,359335,0,0,2020-06-01
dogl_wwwpdlww_om6,71088570,387752,509,0,1,0,0,0,0,0,2020-06-01
dotl_wwwwwwww_om1,66761974,4619124,90831,4903,0,0,0,0,0,0,2020-06-01
cc1l_wwwccbww_m3,68212614,2379735,526840,205013,152133,481,1,14,1,0,2020-06-01
dogl_wwwofcww_om6,71472340,4491,1,0,0,0,0,0,0,0,2020-06-01
dotl_wwwwwwww_om2,65081774,6232235,151560,11263,0,0,0,0,0,0,2020-06-01
cc1l_wwwpdlww_m3,71023599,249180,164017,39713,292,1,25,3,2,0,2020-06-01
slal_wwwwwwww_m3,33317927,20659174,2946941,2010474,2619653,2510542,1234962,1391185,2045011,2740963,2020-06-01
cc1l_wwwcfcww_m3,69578750,1769077,111290,17692,21,0,1,1,0,0,2020-06-01
dogl_wwwccbww_om2,71144094,332046,692,0,0,0,0,0,0,0,2020-06-01
dogl_wwwpdlww_om1,71450406,26423,3,0,0,0,0,0,0,0,2020-06-01
cc1l_wwwccbww_m6,65816882,3791207,1044520,403459,199417,221262,76,8,1,0,2020-06-01
dogl_wwwmlcww_om6,71470059,6768,5,0,0,0,0,0,0,0,2020-06-01
dogl_wwwlncww_om1,70757681,705264,13887,0,0,0,0,0,0,0,2020-06-01
dogl_wwwwwwww_om6,55462805,15323207,690810,10,0,0,0,0,0,0,2020-06-01
dogl_wwwcfcww_om4,71181717,294763,352,0,0,0,0,0,0,0,2020-06-01
cc1l_pdlwwwww_m6,70254091,927346,236043,36672,14963,7711,2,3,1,0,2020-06-01
dogl_wwwccbww_om4,71307243,169099,487,3,0,0,0,0,0,0,2020-06-01
dogl_wwwlbkww_om5,62146365,9323810,6652,5,0,0,0,0,0,0,2020-06-01
dogl_wwwwwwww_om1,64474537,6764762,221698,15835,0,0,0,0,0,0,2020-06-01
dogl_wwwwwwww_om4,61042721,9911978,486258,35875,0,0,0,0,0,0,2020-06-01
cc1l_wwwmlcww_m3,71364883,98658,10730,1735,609,150,54,7,6,0,2020-06-01
vlal_wwwwwwww_om1,69895804,1011627,93879,95492,98099,80660,78798,122473,0,0,2020-06-01
vlal_wwwwwwww_om2,69220510,1446476,130453,43560,166633,106124,116970,113132,132974,0,2020-06-01
cc1l_wwwwwwww_m6,0,35079208,13248719,6617957,4184594,2744092,3398833,2576178,3627251,0,2020-06-01
cc1l_wwwlbkww_m6,34038440,17364328,7263129,3529408,2282553,1466771,1876902,1801177,1854124,0,2020-06-01
cc1l_wwwofcww_m6,71434817,28076,7004,3088,1486,832,775,723,31,0,2020-06-01
slal_wwwwwwww_m6,0,45186462,3043014,3644572,4191721,1932008,3435359,2874443,2848926,4320327,2020-06-01
dogl_wwwpfcww_om1,71432537,44290,5,0,0,0,0,0,0,0,2020-06-01
cc1l_wwwofcww_m1,69301308,5762,659,310,10,12,8,7,0,0,2020-07-01
dogl_wwwlbkww_om4,64310647,4992737,4692,0,0,0,0,0,0,0,2020-07-01
dogl_wwwofcww_om4,69302706,5370,0,0,0,0,0,0,0,0,2020-07-01
cc1l_wwwwwwww_m3,30072510,23802580,7448780,3269380,1685523,947253,1260807,821167,75,1,2020-07-01
vlal_wwwwwwww_om4,66218115,1969677,70132,204004,217438,160351,166142,102441,38002,161774,2020-07-01
cc1l_wwwpfcww_m3,68971134,301080,17088,6637,11785,119,220,9,4,0,2020-07-01
cc1l_wwwpdlww_m1,69258070,42409,4384,3186,3,15,5,3,1,0,2020-07-01
cc1l_wwwmlcww_m1,69269232,33686,4818,134,82,66,29,20,7,2,2020-07-01
dogl_wwwpfcww_om2,69263971,44099,6,0,0,0,0,0,0,0,2020-07-01
llal_wwwwwwww_m3,30072510,27152668,1556145,2879071,2473767,1901748,729966,2542164,37,0,2020-07-01
dogl_wwwmlcww_om4,69292242,15834,0,0,0,0,0,0,0,0,2020-07-01
dogl_wwwlbkww_om1,63117776,6185596,4704,0,0,0,0,0,0,0,2020-07-01
cc1l_wwwpdlww_m6,68542699,524725,188088,30015,15157,7386,3,2,1,0,2020-07-01
dogl_wwwpfcww_om6,68920042,387889,145,0,0,0,0,0,0,0,2020-07-01
cc1l_wwwlncww_m3,64194030,2920346,920103,509875,263686,246765,253262,8,1,0,2020-07-01
dogl_wwwlbkww_om6,59581817,9719296,6959,4,0,0,0,0,0,0,2020-07-01
dogl_wwwpdlww_om3,69122527,185211,338,0,0,0,0,0,0,0,2020-07-01
dogl_wwwpdlww_om2,69283140,24935,1,0,0,0,0,0,0,0,2020-07-01
mlal_wwwwwwww_m1,49585099,12414191,441672,2253346,946859,755271,910579,198020,648453,1154586,2020-07-01
cc1l_wwwmlcww_m6,69146043,138818,18192,4792,75,88,53,9,6,0,2020-07-01
dogl_wwwlncww_om5,68404657,877986,25429,4,0,0,0,0,0,0,2020-07-01
dotl_wwwwwwww_om4,61689387,7407828,197061,13800,0,0,0,0,0,0,2020-07-01
dogl_wwwccbww_om5,69133960,173634,473,9,0,0,0,0,0,0,2020-07-01
dogl_wwwpfcww_om3,69261441,46632,3,0,0,0,0,0,0,0,2020-07-01
cc1l_wwwofcww_m3,69291697,12022,2383,934,956,49,24,10,1,0,2020-07-01
dogl_wwwwwwww_om2,62584526,6505244,204045,14258,3,0,0,0,0,0,2020-07-01
dogl_wwwpdlww_om4,69181687,126188,199,2,0,0,0,0,0,0,2020-07-01
dogl_wwwpdlww_om5,69252143,55863,66,4,0,0,0,0,0,0,2020-07-01
dogl_wwwlbkww_om3,65666999,3638116,2954,7,0,0,0,0,0,0,2020-07-01
cc1l_wwwlncww_m1,66050908,2312526,534855,221925,112001,75859,0,2,0,0,2020-07-01
cc1l_wwwlbkww_m3,51587777,11391154,3282987,1307759,628948,346649,446146,316624,32,0,2020-07-01
mlal_wwwwwwww_m6,0,43035981,2968781,5031879,3759078,3592013,1597397,2428216,3104329,3790402,2020-07-01
dotl_wwwwwwww_om3,63237500,5926193,144319,63,1,0,0,0,0,0,2020-07-01
cc1l_wwwpfcww_m6,66507827,2706299,51493,13756,28693,8,0,0,0,0,2020-07-01
mlal_wwwwwwww_m3,30072510,22431020,2935116,3345296,2320183,1673616,1838249,709150,1332152,2650784,2020-07-01
cc1l_wwwcfcww_m6,66390986,2241489,578080,66620,30892,7,0,2,0,0,2020-07-01
dogl_wwwwwwww_om5,58175479,10554281,536762,41554,0,0,0,0,0,0,2020-07-01
cc1l_wwwpfcww_m1,69089861,206682,6403,4930,167,19,14,0,0,0,2020-07-01
cc1l_wwwccbww_m1,67659573,1383306,188190,41238,35542,177,37,12,1,0,2020-07-01
llal_wwwwwwww_m1,49585099,12677296,839704,1580941,1517143,851288,776141,332292,1148172,0,2020-07-01
dogl_wwwccbww_om6,69043731,263708,633,4,0,0,0,0,0,0,2020-07-01
dogl_wwwlncww_om3,68663650,631763,12663,0,0,0,0,0,0,0,2020-07-01
dogl_wwwlncww_om4,68448318,844280,15476,2,0,0,0,0,0,0,2020-07-01
dogl_wwwlncww_om6,68063170,1213460,31444,2,0,0,0,0,0,0,2020-07-01
dogl_wwwlbkww_om2,66813186,2493540,1349,1,0,0,0,0,0,0,2020-07-01
cc1l_wwwwwwww_m1,49585099,14230868,3304055,1099771,474361,334274,279590,49,7,2,2020-07-01
cc1l_wwwlbkww_m1,60084229,6870223,1444502,466110,187301,138440,117197,69,5,0,2020-07-01
cc1l_wwwcfcww_m1,68804715,464327,36097,2929,7,0,1,0,0,0,2020-07-01
dogl_wwwwwwww_om3,60466602,8450742,390662,70,0,0,0,0,0,0,2020-07-01
dogl_wwwccbww_om3,69013410,294072,585,9,0,0,0,0,0,0,2020-07-01
llal_wwwwwwww_m6,0,49671222,3503905,5162095,2745419,2641961,1614751,3968723,0,0,2020-07-01
dogl_wwwofcww_om5,69302847,5229,0,0,0,0,0,0,0,0,2020-07-01
dogl_wwwlncww_om2,68650442,645093,12522,18,1,0,0,0,0,0,2020-07-01
dogl_wwwccbww_om1,68917312,389418,1336,10,0,0,0,0,0,0,2020-07-01
dogl_wwwpfcww_om4,69224510,83554,12,0,0,0,0,0,0,0,2020-07-01
slal_wwwwwwww_m1,49585099,12403488,419613,2638796,900136,829088,503409,423400,518929,1086118,2020-07-01
cc1l_wwwlncww_m6,61636457,3822384,1396327,779354,459895,522237,329178,362244,0,0,2020-07-01
dogl_wwwpdlww_om6,69180731,127280,65,0,0,0,0,0,0,0,2020-07-01
dotl_wwwwwwww_om1,59215666,9870999,209554,11855,2,0,0,0,0,0,2020-07-01
cc1l_wwwccbww_m3,65942936,2428472,507391,213355,215362,539,6,14,1,0,2020-07-01
dogl_wwwofcww_om6,69301413,6662,1,0,0,0,0,0,0,0,2020-07-01
dotl_wwwwwwww_om2,64817696,4402452,83540,4388,0,0,0,0,0,0,2020-07-01
cc1l_wwwpdlww_m3,68886846,355581,46678,18815,137,0,14,3,2,0,2020-07-01
slal_wwwwwwww_m3,30072510,22431020,3769870,2374998,2514518,2270054,961053,1002624,1556865,2354564,2020-07-01
cc1l_wwwcfcww_m3,67630799,1539623,122774,14866,12,0,2,0,0,0,2020-07-01
dogl_wwwccbww_om2,69026079,281614,383,0,0,0,0,0,0,0,2020-07-01
dogl_wwwpdlww_om1,69273325,34742,8,1,0,0,0,0,0,0,2020-07-01
cc1l_wwwccbww_m6,63587218,3770917,1034999,404224,217254,293369,86,8,1,0,2020-07-01
dogl_wwwmlcww_om6,69303852,4224,0,0,0,0,0,0,0,0,2020-07-01
dogl_wwwlncww_om1,67530440,1739076,38558,2,0,0,0,0,0,0,2020-07-01
dogl_wwwwwwww_om6,52637417,15919780,750867,12,0,0,0,0,0,0,2020-07-01
dogl_wwwcfcww_om4,68900447,406976,653,0,0,0,0,0,0,0,2020-07-01
cc1l_pdlwwwww_m6,68542066,525340,188101,30019,15157,7387,3,2,1,0,2020-07-01
dogl_wwwccbww_om4,69036976,270427,661,12,0,0,0,0,0,0,2020-07-01
dogl_wwwlbkww_om5,63758465,5545726,3884,1,0,0,0,0,0,0,2020-07-01
dogl_wwwwwwww_om1,56860416,12067103,348448,32106,3,0,0,0,0,0,2020-07-01
dogl_wwwwwwww_om4,58923897,9867595,483052,33532,0,0,0,0,0,0,2020-07-01
cc1l_wwwmlcww_m3,69188255,102186,13976,2500,880,132,116,20,11,0,2020-07-01
vlal_wwwwwwww_om1,66331136,1862030,266398,257792,152883,125894,122930,189013,0,0,2020-07-01
vlal_wwwwwwww_om2,67876169,921592,78216,20111,110820,64552,76313,70834,89469,0,2020-07-01
cc1l_wwwwwwww_m6,0,35023353,12960294,6342922,3940491,2556981,3161352,2323040,2999643,0,2020-07-01
cc1l_wwwlbkww_m6,34191845,16846458,6977740,3277709,2084165,1300978,1657873,1522604,1448704,0,2020-07-01
cc1l_wwwofcww_m6,69268234,27478,6183,2607,1321,713,770,736,34,0,2020-07-01
slal_wwwwwwww_m6,0,42665889,3899010,3806515,4303082,1828670,3020766,2674800,2714297,4395047,2020-07-01
dogl_wwwpfcww_om1,69133854,174193,29,0,0,0,0,0,0,0,2020-07-01
cc1l_wwwofcww_m1,64891942,12187,624,269,13,13,13,1,0,0,2020-08-01
dogl_wwwlbkww_om4,60714208,4187147,3707,0,0,0,0,0,0,0,2020-08-01
dogl_wwwofcww_om4,64902168,2894,0,0,0,0,0,0,0,0,2020-08-01
cc1l_wwwwwwww_m3,26991052,23578766,7037135,3009620,1539158,850754,1110987,787521,68,1,2020-08-01
vlal_wwwwwwww_om4,62491248,1681723,43355,140213,132913,92682,107097,63188,26999,125644,2020-08-01
cc1l_wwwpfcww_m3,64436512,434488,16748,6267,10801,112,123,11,0,0,2020-08-01
cc1l_wwwpdlww_m1,64848702,47904,5211,3221,7,11,2,2,2,0,2020-08-01
cc1l_wwwmlcww_m1,64863117,36499,4992,127,160,107,37,18,4,1,2020-08-01
dogl_wwwpfcww_om2,64729317,175716,29,0,0,0,0,0,0,0,2020-08-01
llal_wwwwwwww_m3,26991052,25723751,1541304,3023127,2512258,1867247,715007,2531287,29,0,2020-08-01
dogl_wwwmlcww_om4,64881863,23198,1,0,0,0,0,0,0,0,2020-08-01
dogl_wwwlbkww_om1,60912687,3989402,2973,0,0,0,0,0,0,0,2020-08-01
cc1l_wwwpdlww_m6,64283265,386352,181875,30124,16167,7274,2,3,0,0,2020-08-01
dogl_wwwpfcww_om6,63263712,1641091,259,0,0,0,0,0,0,0,2020-08-01
cc1l_wwwlncww_m3,59755054,2908155,951098,523750,255384,240241,271370,9,1,0,2020-08-01
dogl_wwwlbkww_om6,58625429,6275219,4410,4,0,0,0,0,0,0,2020-08-01
dogl_wwwpdlww_om3,64879393,25668,1,0,0,0,0,0,0,0,2020-08-01
dogl_wwwpdlww_om2,64872041,33009,12,0,0,0,0,0,0,0,2020-08-01
mlal_wwwwwwww_m1,49389135,9409710,307919,1113426,1013331,747108,838865,207245,689615,1188708,2020-08-01
cc1l_wwwmlcww_m6,64711591,164140,22952,6093,65,105,96,13,7,0,2020-08-01
dogl_wwwlncww_om5,63978782,909085,17193,2,0,0,0,0,0,0,2020-08-01
dotl_wwwwwwww_om4,58048644,6676142,167557,12719,0,0,0,0,0,0,2020-08-01
dogl_wwwccbww_om5,64627277,277087,689,9,0,0,0,0,0,0,2020-08-01
dogl_wwwpfcww_om3,64859243,45811,8,0,0,0,0,0,0,0,2020-08-01
cc1l_wwwofcww_m3,64882617,18570,2140,819,833,53,16,13,1,0,2020-08-01
dogl_wwwwwwww_om2,52896001,11658938,320533,29577,13,0,0,0,0,0,2020-08-01
dogl_wwwpdlww_om4,64705167,199497,397,1,0,0,0,0,0,0,2020-08-01
dogl_wwwpdlww_om5,64776563,128288,210,1,0,0,0,0,0,0,2020-08-01
dogl_wwwlbkww_om3,62178563,2724971,1527,1,0,0,0,0,0,0,2020-08-01
cc1l_wwwlncww_m1,62936921,1283767,361901,138862,104661,78946,2,2,0,0,2020-08-01
cc1l_wwwlbkww_m3,47968097,11233390,2983160,1172310,558741,307349,390239,291749,27,0,2020-08-01
mlal_wwwwwwww_m6,0,40229112,2643306,4983408,3503754,3365714,1391626,2163541,2946073,3678528,2020-08-01
dotl_wwwwwwww_om3,60058600,4743694,102755,13,0,0,0,0,0,0,2020-08-01
cc1l_wwwpfcww_m6,62501275,2324449,40735,12113,26483,7,0,0,0,0,2020-08-01
mlal_wwwwwwww_m3,26991052,21706406,2828057,3178010,2340735,1542387,1727711,690022,1271254,2629428,2020-08-01
cc1l_wwwcfcww_m6,62048330,2149236,615099,63854,28535,6,0,2,0,0,2020-08-01
dogl_wwwwwwww_om5,53638524,10682333,545654,38551,0,0,0,0,0,0,2020-08-01
cc1l_wwwpfcww_m1,64697661,195342,6883,4992,149,19,14,2,0,0,2020-08-01
cc1l_wwwccbww_m1,63619453,1168527,84173,14348,18364,150,33,14,0,0,2020-08-01
llal_wwwwwwww_m1,49389135,9618092,567837,494539,1629456,904538,740598,360457,1200410,0,2020-08-01
dogl_wwwccbww_om6,64727262,177310,482,8,0,0,0,0,0,0,2020-08-01
dogl_wwwlncww_om3,64180356,709870,14835,1,0,0,0,0,0,0,2020-08-01
dogl_wwwlncww_om4,64142550,746138,16371,3,0,0,0,0,0,0,2020-08-01
dogl_wwwlncww_om6,63916382,959940,28731,9,0,0,0,0,0,0,2020-08-01
dogl_wwwlbkww_om2,58758542,6142124,4391,5,0,0,0,0,0,0,2020-08-01
cc1l_wwwwwwww_m1,49389135,11316652,2514396,775085,379701,275803,254263,18,9,0,2020-08-01
cc1l_wwwlbkww_m1,58618648,4662006,982064,308146,133841,102970,97325,60,2,0,2020-08-01
cc1l_wwwcfcww_m1,64462552,394388,44574,3536,11,0,1,0,0,0,2020-08-01
dogl_wwwwwwww_om3,57754070,6903355,247601,36,0,0,0,0,0,0,2020-08-01
dogl_wwwccbww_om3,64610773,293870,416,3,0,0,0,0,0,0,2020-08-01
llal_wwwwwwww_m6,0,46277370,2754539,5052232,2855778,2540577,1545467,3879099,0,0,2020-08-01
dogl_wwwofcww_om5,64899193,5869,0,0,0,0,0,0,0,0,2020-08-01
dogl_wwwlncww_om2,63211939,1657309,35707,103,4,0,0,0,0,0,2020-08-01
dogl_wwwccbww_om1,64621470,282822,759,11,0,0,0,0,0,0,2020-08-01
dogl_wwwpfcww_om4,64854996,50060,6,0,0,0,0,0,0,0,2020-08-01
slal_wwwwwwww_m1,49389135,9405777,289569,1505075,924404,841546,443559,438683,547204,1120110,2020-08-01
cc1l_wwwlncww_m6,57535343,3728144,1307467,734505,433835,497011,315002,353755,0,0,2020-08-01
dogl_wwwpdlww_om6,64843353,61620,86,3,0,0,0,0,0,0,2020-08-01
dotl_wwwwwwww_om1,58438965,6335000,123623,7472,2,0,0,0,0,0,2020-08-01
cc1l_wwwccbww_m3,61478772,2495957,535624,206376,187737,578,5,13,0,0,2020-08-01
dogl_wwwofcww_om6,64899268,5794,0,0,0,0,0,0,0,0,2020-08-01
dotl_wwwwwwww_om2,55106045,9593444,194461,11112,0,0,0,0,0,0,2020-08-01
cc1l_wwwpdlww_m3,64769338,109124,14559,11975,54,2,5,3,2,0,2020-08-01
slal_wwwwwwww_m3,26991052,21706406,3651929,2245676,2528770,2107113,898665,942893,1509641,2322917,2020-08-01
cc1l_wwwcfcww_m3,63492903,1250228,145916,15998,15,2,0,0,0,0,2020-08-01
dogl_wwwccbww_om2,64555968,347978,1116,0,0,0,0,0,0,0,2020-08-01
dogl_wwwpdlww_om1,64869094,35960,8,0,0,0,0,0,0,0,2020-08-01
cc1l_wwwccbww_m6,59216606,3758099,1017700,393724,206664,312185,74,9,1,0,2020-08-01
dogl_wwwmlcww_om6,64898737,6325,0,0,0,0,0,0,0,0,2020-08-01
dogl_wwwlncww_om1,64088058,803758,13246,0,0,0,0,0,0,0,2020-08-01
dogl_wwwwwwww_om6,52658004,11590511,656536,11,0,0,0,0,0,0,2020-08-01
dogl_wwwcfcww_om4,64492863,411951,248,0,0,0,0,0,0,0,2020-08-01
cc1l_pdlwwwww_m6,64282630,386972,181885,30128,16167,7275,2,3,0,0,2020-08-01
dogl_wwwccbww_om4,64587929,316434,690,9,0,0,0,0,0,0,2020-08-01
dogl_wwwlbkww_om5,59232723,5666889,5445,5,0,0,0,0,0,0,2020-08-01
dogl_wwwwwwww_om1,55623771,9020418,240215,20658,0,0,0,0,0,0,2020-08-01
dogl_wwwwwwww_om4,55008900,9395369,468898,31895,0,0,0,0,0,0,2020-08-01
cc1l_wwwmlcww_m3,64789456,96892,14695,2716,973,162,116,40,10,2,2020-08-01
vlal_wwwwwwww_om1,62817193,1288243,119689,149731,140552,109664,107622,172368,0,0,2020-08-01
vlal_wwwwwwww_om2,62119262,1749497,237372,98414,230183,106950,115893,110206,137285,0,2020-08-01
cc1l_wwwwwwww_m6,0,34488115,12171483,5765301,3478589,2208683,2655093,1888213,2249585,0,2020-08-01
cc1l_wwwlbkww_m6,33619990,16301174,6165885,2797345,1699505,1029341,1256078,1087850,947894,0,2020-08-01
cc1l_wwwofcww_m6,64862821,31962,5017,2139,1136,645,644,667,31,0,2020-08-01
slal_wwwwwwww_m6,0,40037505,3252443,3996095,4251569,1645280,2718994,2409499,2452724,4140953,2020-08-01
dogl_wwwpfcww_om1,64731494,173552,16,0,0,0,0,0,0,0,2020-08-01
cc1l_wwwofcww_m1,62402760,3761,647,246,13,13,8,1,0,0,2020-09-01
dogl_wwwlbkww_om4,59825668,2580524,1257,0,0,0,0,0,0,0,2020-09-01
dogl_wwwofcww_om4,62405331,2118,0,0,0,0,0,0,0,0,2020-09-01
cc1l_wwwwwwww_m3,23983169,24058247,7160063,3036965,1498637,804155,1070946,795209,56,2,2020-09-01
vlal_wwwwwwww_om4,61029101,973792,18649,81816,70996,48185,59497,33350,15457,76606,2020-09-01
cc1l_wwwpfcww_m3,61937196,432002,18960,7298,11749,119,116,9,0,0,2020-09-01
cc1l_wwwpdlww_m1,62357330,41110,5655,3315,7,24,4,3,1,0,2020-09-01
cc1l_wwwmlcww_m1,62368673,33719,4745,145,85,60,15,6,1,0,2020-09-01
dogl_wwwpfcww_om2,62237019,170416,14,0,0,0,0,0,0,0,2020-09-01
llal_wwwwwwww_m3,23983169,25637414,1703695,3301953,2602161,1914528,733976,2530521,32,0,2020-09-01
dogl_wwwmlcww_om4,62390648,16801,0,0,0,0,0,0,0,0,2020-09-01
dogl_wwwlbkww_om1,58419724,3985848,1877,0,0,0,0,0,0,0,2020-09-01
cc1l_wwwpdlww_m6,61825371,345683,179942,31501,17720,7226,2,4,0,0,2020-09-01
dogl_wwwpfcww_om6,62313916,93520,13,0,0,0,0,0,0,0,2020-09-01
cc1l_wwwlncww_m3,57123217,2956036,993029,535358,265926,250535,283342,5,1,0,2020-09-01
dogl_wwwlbkww_om6,55539144,6861047,7251,7,0,0,0,0,0,0,2020-09-01
dogl_wwwpdlww_om3,62372364,35076,9,0,0,0,0,0,0,0,2020-09-01
dogl_wwwpdlww_om2,62374345,33098,6,0,0,0,0,0,0,0,2020-09-01
mlal_wwwwwwww_m1,48443654,8650229,132320,1192313,896459,640165,707906,160551,608475,975377,2020-09-01
cc1l_wwwmlcww_m6,62190845,180798,27526,7948,78,101,123,21,9,0,2020-09-01
dogl_wwwlncww_om5,61592285,796921,18239,4,0,0,0,0,0,0,2020-09-01
dotl_wwwwwwww_om4,57898222,4422255,82599,4373,0,0,0,0,0,0,2020-09-01
dogl_wwwccbww_om5,62078066,328677,697,9,0,0,0,0,0,0,2020-09-01
dogl_wwwpfcww_om3,62225210,182207,32,0,0,0,0,0,0,0,2020-09-01
cc1l_wwwofcww_m3,62385982,17828,2078,702,784,46,14,13,2,0,2020-09-01
dogl_wwwwwwww_om2,53814497,8374724,201655,16569,4,0,0,0,0,0,2020-09-01
dogl_wwwpdlww_om4,62383048,24400,1,0,0,0,0,0,0,0,2020-09-01
dogl_wwwpdlww_om5,62207567,199460,422,0,0,0,0,0,0,0,2020-09-01
dogl_wwwlbkww_om3,55814977,6587260,5208,4,0,0,0,0,0,0,2020-09-01
cc1l_wwwlncww_m1,60232609,1475126,396686,141397,96632,64997,0,1,1,0,2020-09-01
cc1l_wwwlbkww_m3,44310899,12198537,3138224,1208480,562084,301647,384875,302680,23,0,2020-09-01
mlal_wwwwwwww_m6,0,38384581,2527920,5003663,3300610,3138646,1244850,2007522,2889764,3909893,2020-09-01
dotl_wwwwwwww_om3,51819486,10339979,247922,62,0,0,0,0,0,0,2020-09-01
cc1l_wwwpfcww_m6,61735587,595037,35859,13089,27869,8,0,0,0,0,2020-09-01
mlal_wwwwwwww_m3,23983169,21617520,2883518,3588377,2470857,1516682,1732029,738283,1265576,2611438,2020-09-01
cc1l_wwwcfcww_m6,59717071,2039901,560771,64905,24794,5,0,2,0,0,2020-09-01
dogl_wwwwwwww_om5,51973603,9875203,523043,35600,0,0,0,0,0,0,2020-09-01
cc1l_wwwpfcww_m1,62335275,58558,7524,5909,159,15,8,1,0,0,2020-09-01
cc1l_wwwccbww_m1,61359474,959388,60072,15874,12489,109,33,9,1,0,2020-09-01
llal_wwwwwwww_m1,48443654,8386519,945086,186432,1763971,734909,624121,311784,1010973,0,2020-09-01
dogl_wwwccbww_om6,62099527,307036,871,15,0,0,0,0,0,0,2020-09-01
dogl_wwwlncww_om3,60541060,1822600,43783,6,0,0,0,0,0,0,2020-09-01
dogl_wwwlncww_om4,61785922,609583,11944,0,0,0,0,0,0,0,2020-09-01
dogl_wwwlncww_om6,61283845,1099789,23812,3,0,0,0,0,0,0,2020-09-01
dogl_wwwlbkww_om2,58658692,3746221,2536,0,0,0,0,0,0,0,2020-09-01
cc1l_wwwwwwww_m1,48443654,10059641,2371265,742949,330902,246509,212506,16,6,1,2020-09-01
cc1l_wwwlbkww_m1,56103751,4666996,1010963,310479,130641,99628,84946,43,2,0,2020-09-01
cc1l_wwwcfcww_m1,62106334,234267,63511,3333,4,0,0,0,0,0,2020-09-01
dogl_wwwwwwww_om3,49541673,12453177,412494,105,0,0,0,0,0,0,2020-09-01
dogl_wwwccbww_om3,62026891,379223,1324,11,0,0,0,0,0,0,2020-09-01
llal_wwwwwwww_m6,0,43842378,2626379,4971886,2804525,2489866,1541905,4130510,0,0,2020-09-01
dogl_wwwofcww_om5,62404212,3237,0,0,0,0,0,0,0,0,2020-09-01
dogl_wwwlncww_om2,61714183,682353,10897,14,2,0,0,0,0,0,2020-09-01
dogl_wwwccbww_om1,62200417,206712,315,5,0,0,0,0,0,0,2020-09-01
dogl_wwwpfcww_om4,62363485,43955,9,0,0,0,0,0,0,0,2020-09-01
slal_wwwwwwww_m1,48443654,8584323,191249,1525285,780936,761701,349035,378182,477117,915967,2020-09-01
cc1l_wwwlncww_m6,55114207,3630193,1284045,731705,439047,513177,329130,365945,0,0,2020-09-01
dogl_wwwpdlww_om6,62263025,144153,271,0,0,0,0,0,0,0,2020-09-01
dotl_wwwwwwww_om1,56265544,6043524,94136,4243,2,0,0,0,0,0,2020-09-01
cc1l_wwwccbww_m3,59091576,2481318,547825,187916,98212,584,5,13,0,0,2020-09-01
dogl_wwwofcww_om6,62400569,6880,0,0,0,0,0,0,0,0,2020-09-01
dotl_wwwwwwww_om2,56439205,5859954,102387,5903,0,0,0,0,0,0,2020-09-01
cc1l_wwwpdlww_m3,62262407,116032,16380,12564,55,0,6,3,2,0,2020-09-01
slal_wwwwwwww_m3,23983169,21617520,3692027,2675877,2648799,2074488,908830,951930,1533352,2321457,2020-09-01
cc1l_wwwcfcww_m3,61182209,1060300,150769,14153,18,0,0,0,0,0,2020-09-01
dogl_wwwccbww_om2,62152473,254347,629,0,0,0,0,0,0,0,2020-09-01
dogl_wwwpdlww_om1,62377355,30086,8,0,0,0,0,0,0,0,2020-09-01
cc1l_wwwccbww_m6,56980243,3582869,942381,396821,198490,306523,113,8,1,0,2020-09-01
dogl_wwwmlcww_om6,62387567,19882,0,0,0,0,0,0,0,0,2020-09-01
dogl_wwwlncww_om1,61583806,807242,16401,0,0,0,0,0,0,0,2020-09-01
dogl_wwwwwwww_om6,49357418,12295813,754202,16,0,0,0,0,0,0,2020-09-01
dogl_wwwcfcww_om4,62112078,295291,80,0,0,0,0,0,0,0,2020-09-01
cc1l_pdlwwwww_m6,61824736,346300,179956,31504,17720,7227,2,4,0,0,2020-09-01
dogl_wwwccbww_om4,62143470,263623,355,1,0,0,0,0,0,0,2020-09-01
dogl_wwwlbkww_om5,57906139,4497330,3973,7,0,0,0,0,0,0,2020-09-01
dogl_wwwwwwww_om1,54467066,7741147,185330,13906,0,0,0,0,0,0,2020-09-01
dogl_wwwwwwww_om4,55685960,6508165,199403,13921,0,0,0,0,0,0,2020-09-01
cc1l_wwwmlcww_m3,62294430,94276,14681,2821,912,144,137,34,13,1,2020-09-01
vlal_wwwwwwww_om1,60584775,1137109,127158,154151,119817,80166,83470,120803,0,0,2020-09-01
vlal_wwwwwwww_om2,60593734,1150141,87048,28901,163552,85334,91545,92332,114862,0,2020-09-01
cc1l_wwwwwwww_m6,0,33838786,11767959,5583538,3271715,2037248,2399890,1650566,1857747,0,2020-09-01
cc1l_wwwlbkww_m6,32173210,17022447,5837582,2586782,1451887,871050,999671,805800,659020,0,2020-09-01
cc1l_wwwofcww_m6,62370466,28147,4341,1792,928,584,566,592,33,0,2020-09-01
slal_wwwwwwww_m6,0,38226246,2947321,4292291,4253482,1533150,2493473,2171790,2262194,4227502,2020-09-01
dogl_wwwpfcww_om1,62361349,46066,34,0,0,0,0,0,0,0,2020-09-01
