num,unique_num,loan_properties,table_name,dt
115797,113646,1,gdl_jrs_msg_parse,2019-03-01
1582479,1370390,3,gdl_jrs_msg_parse,2019-03-01
8440212,7778739,4,gdl_jrs_msg_parse,2019-03-01
1586312,1481630,2,gdl_jrs_msg_parse,2019-03-01
34286834,24888657,0,gdl_jrs_msg_parse,2019-03-01
35446,34392,1,gdl_jrs_msg_parse,2019-03-02
1421056,1219608,3,gdl_jrs_msg_parse,2019-03-02
5468716,4972602,4,gdl_jrs_msg_parse,2019-03-02
441027,376516,2,gdl_jrs_msg_parse,2019-03-02
26181028,18842178,0,gdl_jrs_msg_parse,2019-03-02
23126,22144,1,gdl_jrs_msg_parse,2019-03-03
1242633,1042521,3,gdl_jrs_msg_parse,2019-03-03
4088663,3517360,4,gdl_jrs_msg_parse,2019-03-03
393192,329600,2,gdl_jrs_msg_parse,2019-03-03
21818393,14461331,0,gdl_jrs_msg_parse,2019-03-03
161697,151759,1,gdl_jrs_msg_parse,2019-03-04
1037227,875974,3,gdl_jrs_msg_parse,2019-03-04
4561588,4047624,4,gdl_jrs_msg_parse,2019-03-04
1194122,1109774,2,gdl_jrs_msg_parse,2019-03-04
18290108,13013700,0,gdl_jrs_msg_parse,2019-03-04
95347,93654,1,gdl_jrs_msg_parse,2019-03-05
1068435,906120,3,gdl_jrs_msg_parse,2019-03-05
5800788,5244128,4,gdl_jrs_msg_parse,2019-03-05
1254661,1165601,2,gdl_jrs_msg_parse,2019-03-05
24823238,18426351,0,gdl_jrs_msg_parse,2019-03-05
77358,74291,1,gdl_jrs_msg_parse,2019-03-06
1245052,1071496,3,gdl_jrs_msg_parse,2019-03-06
6225779,5651520,4,gdl_jrs_msg_parse,2019-03-06
832009,751276,2,gdl_jrs_msg_parse,2019-03-06
22113140,16269854,0,gdl_jrs_msg_parse,2019-03-06
22477,21622,1,gdl_jrs_msg_parse,2019-03-07
390231,361173,3,gdl_jrs_msg_parse,2019-03-07
2304121,2219986,4,gdl_jrs_msg_parse,2019-03-07
276946,262580,2,gdl_jrs_msg_parse,2019-03-07
8896438,7521378,0,gdl_jrs_msg_parse,2019-03-07
30423,29462,1,gdl_jrs_msg_parse,2019-03-08
716566,657173,3,gdl_jrs_msg_parse,2019-03-08
3653094,3452546,4,gdl_jrs_msg_parse,2019-03-08
307498,286348,2,gdl_jrs_msg_parse,2019-03-08
11824971,9647271,0,gdl_jrs_msg_parse,2019-03-08
24252,22954,1,gdl_jrs_msg_parse,2019-03-09
1078724,909445,3,gdl_jrs_msg_parse,2019-03-09
5648576,5095253,4,gdl_jrs_msg_parse,2019-03-09
451557,389833,2,gdl_jrs_msg_parse,2019-03-09
17536011,12777054,0,gdl_jrs_msg_parse,2019-03-09
63691,56207,1,gdl_jrs_msg_parse,2019-03-10
2848534,2055852,3,gdl_jrs_msg_parse,2019-03-10
15238644,12312329,4,gdl_jrs_msg_parse,2019-03-10
1512659,1135147,2,gdl_jrs_msg_parse,2019-03-10
37677204,22068888,0,gdl_jrs_msg_parse,2019-03-10
174951,161194,1,gdl_jrs_msg_parse,2019-03-11
2859975,2001175,3,gdl_jrs_msg_parse,2019-03-11
17394041,13721285,4,gdl_jrs_msg_parse,2019-03-11
2047610,1487922,2,gdl_jrs_msg_parse,2019-03-11
46289114,28130702,0,gdl_jrs_msg_parse,2019-03-11
332671,263336,1,gdl_jrs_msg_parse,2019-03-12
3259927,2406973,3,gdl_jrs_msg_parse,2019-03-12
19084303,15834285,4,gdl_jrs_msg_parse,2019-03-12
1933219,1507355,2,gdl_jrs_msg_parse,2019-03-12
52488076,34903089,0,gdl_jrs_msg_parse,2019-03-12
128877,110166,1,gdl_jrs_msg_parse,2019-03-13
3010899,2116209,3,gdl_jrs_msg_parse,2019-03-13
11031878,8709355,4,gdl_jrs_msg_parse,2019-03-13
2869095,2338121,2,gdl_jrs_msg_parse,2019-03-13
45785853,29455128,0,gdl_jrs_msg_parse,2019-03-13
498838,476409,1,gdl_jrs_msg_parse,2019-03-14
3022831,2249700,3,gdl_jrs_msg_parse,2019-03-14
13524329,11114834,4,gdl_jrs_msg_parse,2019-03-14
3162496,2476421,2,gdl_jrs_msg_parse,2019-03-14
45118107,28468032,0,gdl_jrs_msg_parse,2019-03-14
295235,264027,1,gdl_jrs_msg_parse,2019-03-15
3273294,2292698,3,gdl_jrs_msg_parse,2019-03-15
10436424,8358595,4,gdl_jrs_msg_parse,2019-03-15
4385191,3694716,2,gdl_jrs_msg_parse,2019-03-15
44284302,28369092,0,gdl_jrs_msg_parse,2019-03-15
74074,68062,1,gdl_jrs_msg_parse,2019-03-16
2860023,2015464,3,gdl_jrs_msg_parse,2019-03-16
6332381,4702798,4,gdl_jrs_msg_parse,2019-03-16
1966376,1545718,2,gdl_jrs_msg_parse,2019-03-16
32432283,19555247,0,gdl_jrs_msg_parse,2019-03-16
71387,66122,1,gdl_jrs_msg_parse,2019-03-17
2616684,1858749,3,gdl_jrs_msg_parse,2019-03-17
9509627,7562416,4,gdl_jrs_msg_parse,2019-03-17
2013220,1613462,2,gdl_jrs_msg_parse,2019-03-17
30126988,19373234,0,gdl_jrs_msg_parse,2019-03-17
455977,437503,1,gdl_jrs_msg_parse,2019-03-18
2570849,1823077,3,gdl_jrs_msg_parse,2019-03-18
10712755,8313114,4,gdl_jrs_msg_parse,2019-03-18
2866363,2284301,2,gdl_jrs_msg_parse,2019-03-18
48438829,32942503,0,gdl_jrs_msg_parse,2019-03-18
326994,300272,1,gdl_jrs_msg_parse,2019-03-19
3364482,2587209,3,gdl_jrs_msg_parse,2019-03-19
13417983,11047207,4,gdl_jrs_msg_parse,2019-03-19
2562153,2029596,2,gdl_jrs_msg_parse,2019-03-19
42574931,29023513,0,gdl_jrs_msg_parse,2019-03-19
205971,190819,1,gdl_jrs_msg_parse,2019-03-20
5152629,4220074,3,gdl_jrs_msg_parse,2019-03-20
16198274,13462091,4,gdl_jrs_msg_parse,2019-03-20
3362613,2729846,2,gdl_jrs_msg_parse,2019-03-20
46770811,33048020,0,gdl_jrs_msg_parse,2019-03-20
80690,78628,1,gdl_jrs_msg_parse,2019-03-22
1151298,1002002,3,gdl_jrs_msg_parse,2019-03-22
6213902,5694589,4,gdl_jrs_msg_parse,2019-03-22
974401,816013,2,gdl_jrs_msg_parse,2019-03-22
15046989,12284805,0,gdl_jrs_msg_parse,2019-03-22
127336,121660,1,gdl_jrs_msg_parse,2019-03-23
2034772,1671515,3,gdl_jrs_msg_parse,2019-03-23
5522415,4717151,4,gdl_jrs_msg_parse,2019-03-23
933665,713611,2,gdl_jrs_msg_parse,2019-03-23
19633074,14231955,0,gdl_jrs_msg_parse,2019-03-23
66184,61568,1,gdl_jrs_msg_parse,2019-03-24
3075766,2300080,3,gdl_jrs_msg_parse,2019-03-24
11587071,9281479,4,gdl_jrs_msg_parse,2019-03-24
1070524,775112,2,gdl_jrs_msg_parse,2019-03-24
32195489,22089784,0,gdl_jrs_msg_parse,2019-03-24
284030,215767,1,gdl_jrs_msg_parse,2019-03-25
3647041,2673360,3,gdl_jrs_msg_parse,2019-03-25
19423239,16130121,4,gdl_jrs_msg_parse,2019-03-25
1831807,1399343,2,gdl_jrs_msg_parse,2019-03-25
46449856,32292789,0,gdl_jrs_msg_parse,2019-03-25
94014,92289,1,gdl_jrs_msg_parse,2019-03-27
1004639,909721,3,gdl_jrs_msg_parse,2019-03-27
6212783,5858844,4,gdl_jrs_msg_parse,2019-03-27
559904,515019,2,gdl_jrs_msg_parse,2019-03-27
11441993,9943032,0,gdl_jrs_msg_parse,2019-03-27
1554,1539,1,gdl_jrs_msg_parse,2019-03-28
44265,41846,3,gdl_jrs_msg_parse,2019-03-28
148429,140290,4,gdl_jrs_msg_parse,2019-03-28
19250,17452,2,gdl_jrs_msg_parse,2019-03-28
398591,346597,0,gdl_jrs_msg_parse,2019-03-28
3477,3415,1,gdl_jrs_msg_parse,2019-03-31
178942,171648,3,gdl_jrs_msg_parse,2019-03-31
1052562,1031981,4,gdl_jrs_msg_parse,2019-03-31
35023,33791,2,gdl_jrs_msg_parse,2019-03-31
1980317,1842436,0,gdl_jrs_msg_parse,2019-03-31
172,172,1,gdl_jrs_msg_parse,2019-04-01
12312,11873,3,gdl_jrs_msg_parse,2019-04-01
32535,31271,4,gdl_jrs_msg_parse,2019-04-01
3176,3074,2,gdl_jrs_msg_parse,2019-04-01
82151,73778,0,gdl_jrs_msg_parse,2019-04-01
270,270,1,gdl_jrs_msg_parse,2019-04-02
17644,17447,3,gdl_jrs_msg_parse,2019-04-02
20135,19629,4,gdl_jrs_msg_parse,2019-04-02
3427,3381,2,gdl_jrs_msg_parse,2019-04-02
111581,107437,0,gdl_jrs_msg_parse,2019-04-02
64212,62467,1,gdl_jrs_msg_parse,2019-04-03
1312929,1172017,3,gdl_jrs_msg_parse,2019-04-03
4638213,4285289,4,gdl_jrs_msg_parse,2019-04-03
890136,852728,2,gdl_jrs_msg_parse,2019-04-03
17520570,14643030,0,gdl_jrs_msg_parse,2019-04-03
176209,167395,1,gdl_jrs_msg_parse,2019-04-04
2527726,2027325,3,gdl_jrs_msg_parse,2019-04-04
11739334,10332080,4,gdl_jrs_msg_parse,2019-04-04
1422183,1224150,2,gdl_jrs_msg_parse,2019-04-04
42141473,31911348,0,gdl_jrs_msg_parse,2019-04-04
35415,33164,1,gdl_jrs_msg_parse,2019-04-06
3076726,2577104,3,gdl_jrs_msg_parse,2019-04-06
10562179,9485670,4,gdl_jrs_msg_parse,2019-04-06
609572,504381,2,gdl_jrs_msg_parse,2019-04-06
24412140,18563907,0,gdl_jrs_msg_parse,2019-04-06
34739,32911,1,gdl_jrs_msg_parse,2019-04-07
2347192,1911071,3,gdl_jrs_msg_parse,2019-04-07
9275469,8235700,4,gdl_jrs_msg_parse,2019-04-07
624373,531312,2,gdl_jrs_msg_parse,2019-04-07
22136992,16680422,0,gdl_jrs_msg_parse,2019-04-07
100199,92517,1,gdl_jrs_msg_parse,2019-04-08
3275100,2496047,3,gdl_jrs_msg_parse,2019-04-08
18434865,16099843,4,gdl_jrs_msg_parse,2019-04-08
1148811,916470,2,gdl_jrs_msg_parse,2019-04-08
40797476,30448498,0,gdl_jrs_msg_parse,2019-04-08
140474,133809,1,gdl_jrs_msg_parse,2019-04-09
2703321,2142418,3,gdl_jrs_msg_parse,2019-04-09
19585959,17400798,4,gdl_jrs_msg_parse,2019-04-09
1430480,1233671,2,gdl_jrs_msg_parse,2019-04-09
38925374,28872983,0,gdl_jrs_msg_parse,2019-04-09
194378,183277,1,gdl_jrs_msg_parse,2019-04-10
4811652,3847863,3,gdl_jrs_msg_parse,2019-04-10
39196974,34802736,4,gdl_jrs_msg_parse,2019-04-10
2622809,2147356,2,gdl_jrs_msg_parse,2019-04-10
52453667,37217590,0,gdl_jrs_msg_parse,2019-04-10
294281,279461,1,gdl_jrs_msg_parse,2019-04-11
4256845,3364080,3,gdl_jrs_msg_parse,2019-04-11
32492552,28296826,4,gdl_jrs_msg_parse,2019-04-11
2056685,1591790,2,gdl_jrs_msg_parse,2019-04-11
55285953,38414398,0,gdl_jrs_msg_parse,2019-04-11
158647,145877,1,gdl_jrs_msg_parse,2019-04-12
4224008,3271323,3,gdl_jrs_msg_parse,2019-04-12
27987169,23786698,4,gdl_jrs_msg_parse,2019-04-12
2348181,1926239,2,gdl_jrs_msg_parse,2019-04-12
63501662,46429949,0,gdl_jrs_msg_parse,2019-04-12
128689,113509,1,gdl_jrs_msg_parse,2019-04-13
3959290,3089728,3,gdl_jrs_msg_parse,2019-04-13
25009939,22099328,4,gdl_jrs_msg_parse,2019-04-13
1397955,1079430,2,gdl_jrs_msg_parse,2019-04-13
47291637,34511714,0,gdl_jrs_msg_parse,2019-04-13
60489,56100,1,gdl_jrs_msg_parse,2019-04-14
3411466,2598046,3,gdl_jrs_msg_parse,2019-04-14
21544754,18465393,4,gdl_jrs_msg_parse,2019-04-14
1524160,1210495,2,gdl_jrs_msg_parse,2019-04-14
41604615,30575819,0,gdl_jrs_msg_parse,2019-04-14
349874,330124,1,gdl_jrs_msg_parse,2019-04-15
4672298,3489867,3,gdl_jrs_msg_parse,2019-04-15
29678563,25729974,4,gdl_jrs_msg_parse,2019-04-15
3007920,2333734,2,gdl_jrs_msg_parse,2019-04-15
52129036,37468139,0,gdl_jrs_msg_parse,2019-04-15
269116,254411,1,gdl_jrs_msg_parse,2019-04-16
3691423,2711752,3,gdl_jrs_msg_parse,2019-04-16
31895834,28030220,4,gdl_jrs_msg_parse,2019-04-16
2526368,1968716,2,gdl_jrs_msg_parse,2019-04-16
71393278,53513170,0,gdl_jrs_msg_parse,2019-04-16
17811,12848,1,gdl_jrs_msg_parse,2019-04-17
482006,414507,3,gdl_jrs_msg_parse,2019-04-17
1541636,1381742,4,gdl_jrs_msg_parse,2019-04-17
433163,380443,2,gdl_jrs_msg_parse,2019-04-17
6629727,5469118,0,gdl_jrs_msg_parse,2019-04-17
234785,211871,1,gdl_jrs_msg_parse,2019-04-19
3895864,2966207,3,gdl_jrs_msg_parse,2019-04-19
18628701,15030748,4,gdl_jrs_msg_parse,2019-04-19
3143821,2648030,2,gdl_jrs_msg_parse,2019-04-19
58721060,39813194,0,gdl_jrs_msg_parse,2019-04-19
98471,92842,1,gdl_jrs_msg_parse,2019-04-20
3325781,2482761,3,gdl_jrs_msg_parse,2019-04-20
11666574,9593729,4,gdl_jrs_msg_parse,2019-04-20
3039553,2518549,2,gdl_jrs_msg_parse,2019-04-20
41525691,28158338,0,gdl_jrs_msg_parse,2019-04-20
119766,114725,1,gdl_jrs_msg_parse,2019-04-21
3539931,2654016,3,gdl_jrs_msg_parse,2019-04-21
12861353,10373521,4,gdl_jrs_msg_parse,2019-04-21
4312680,3092532,2,gdl_jrs_msg_parse,2019-04-21
43505174,29113072,0,gdl_jrs_msg_parse,2019-04-21
328188,307895,1,gdl_jrs_msg_parse,2019-04-22
3621233,2702953,3,gdl_jrs_msg_parse,2019-04-22
17722612,14611631,4,gdl_jrs_msg_parse,2019-04-22
2603957,2013956,2,gdl_jrs_msg_parse,2019-04-22
49411927,32717353,0,gdl_jrs_msg_parse,2019-04-22
338403,327359,1,gdl_jrs_msg_parse,2019-04-23
3496853,2598302,3,gdl_jrs_msg_parse,2019-04-23
15691695,13051424,4,gdl_jrs_msg_parse,2019-04-23
2317181,1878116,2,gdl_jrs_msg_parse,2019-04-23
56386254,39130014,0,gdl_jrs_msg_parse,2019-04-23
411050,383941,1,gdl_jrs_msg_parse,2019-04-24
3513825,2510849,3,gdl_jrs_msg_parse,2019-04-24
13509520,10938499,4,gdl_jrs_msg_parse,2019-04-24
2086262,1613438,2,gdl_jrs_msg_parse,2019-04-24
70660971,53797499,0,gdl_jrs_msg_parse,2019-04-24
271421,256532,1,gdl_jrs_msg_parse,2019-04-25
3392510,2478437,3,gdl_jrs_msg_parse,2019-04-25
12769581,10180107,4,gdl_jrs_msg_parse,2019-04-25
2749345,2277001,2,gdl_jrs_msg_parse,2019-04-25
52474896,36733955,0,gdl_jrs_msg_parse,2019-04-25
252563,240341,1,gdl_jrs_msg_parse,2019-04-26
2977922,2060547,3,gdl_jrs_msg_parse,2019-04-26
13514789,10952488,4,gdl_jrs_msg_parse,2019-04-26
2156846,1646076,2,gdl_jrs_msg_parse,2019-04-26
53691710,37591624,0,gdl_jrs_msg_parse,2019-04-26
265880,260527,1,gdl_jrs_msg_parse,2019-04-27
2758378,1898906,3,gdl_jrs_msg_parse,2019-04-27
11009168,9087858,4,gdl_jrs_msg_parse,2019-04-27
1216306,907661,2,gdl_jrs_msg_parse,2019-04-27
42128718,27879912,0,gdl_jrs_msg_parse,2019-04-27
383704,338415,1,gdl_jrs_msg_parse,2019-04-28
3119406,2223763,3,gdl_jrs_msg_parse,2019-04-28
13358737,10751506,4,gdl_jrs_msg_parse,2019-04-28
3032586,2543206,2,gdl_jrs_msg_parse,2019-04-28
53082873,34331700,0,gdl_jrs_msg_parse,2019-04-28
390404,374245,1,gdl_jrs_msg_parse,2019-04-29
3226013,2314193,3,gdl_jrs_msg_parse,2019-04-29
11004315,9102251,4,gdl_jrs_msg_parse,2019-04-29
2170094,1796114,2,gdl_jrs_msg_parse,2019-04-29
53414994,36766330,0,gdl_jrs_msg_parse,2019-04-29
303145,239606,1,gdl_jrs_msg_parse,2019-04-30
2942404,1984812,3,gdl_jrs_msg_parse,2019-04-30
11261482,8985586,4,gdl_jrs_msg_parse,2019-04-30
1831470,1456531,2,gdl_jrs_msg_parse,2019-04-30
47975715,30892675,0,gdl_jrs_msg_parse,2019-04-30
69205,64945,1,gdl_jrs_msg_parse,2019-05-01
3434218,2469699,3,gdl_jrs_msg_parse,2019-05-01
11489672,9610338,4,gdl_jrs_msg_parse,2019-05-01
1366449,998195,2,gdl_jrs_msg_parse,2019-05-01
42812385,25792731,0,gdl_jrs_msg_parse,2019-05-01
200943,196095,1,gdl_jrs_msg_parse,2019-05-02
3026365,2133221,3,gdl_jrs_msg_parse,2019-05-02
14515195,11882331,4,gdl_jrs_msg_parse,2019-05-02
1078410,793785,2,gdl_jrs_msg_parse,2019-05-02
53765650,32387848,0,gdl_jrs_msg_parse,2019-05-02
101715,97354,1,gdl_jrs_msg_parse,2019-05-03
2770050,1907369,3,gdl_jrs_msg_parse,2019-05-03
15082849,12751631,4,gdl_jrs_msg_parse,2019-05-03
998529,722610,2,gdl_jrs_msg_parse,2019-05-03
51348765,31462451,0,gdl_jrs_msg_parse,2019-05-03
53703,48731,1,gdl_jrs_msg_parse,2019-05-04
2608327,1816850,3,gdl_jrs_msg_parse,2019-05-04
13755935,11639566,4,gdl_jrs_msg_parse,2019-05-04
1056993,778094,2,gdl_jrs_msg_parse,2019-05-04
55133665,33401241,0,gdl_jrs_msg_parse,2019-05-04
276211,265691,1,gdl_jrs_msg_parse,2019-05-05
3241888,2331839,3,gdl_jrs_msg_parse,2019-05-05
13168013,10685965,4,gdl_jrs_msg_parse,2019-05-05
1697777,1247438,2,gdl_jrs_msg_parse,2019-05-05
50896508,31660927,0,gdl_jrs_msg_parse,2019-05-05
291728,277547,1,gdl_jrs_msg_parse,2019-05-06
4108766,2967607,3,gdl_jrs_msg_parse,2019-05-06
13057785,10717081,4,gdl_jrs_msg_parse,2019-05-06
2067434,1645757,2,gdl_jrs_msg_parse,2019-05-06
48537710,29608028,0,gdl_jrs_msg_parse,2019-05-06
148038,137214,1,gdl_jrs_msg_parse,2019-05-07
3608620,2542720,3,gdl_jrs_msg_parse,2019-05-07
18145802,15425611,4,gdl_jrs_msg_parse,2019-05-07
2068881,1660538,2,gdl_jrs_msg_parse,2019-05-07
48005733,29282824,0,gdl_jrs_msg_parse,2019-05-07
204371,190207,1,gdl_jrs_msg_parse,2019-05-08
3161125,2071967,3,gdl_jrs_msg_parse,2019-05-08
14267273,11712601,4,gdl_jrs_msg_parse,2019-05-08
1608424,1183892,2,gdl_jrs_msg_parse,2019-05-08
49202702,31864358,0,gdl_jrs_msg_parse,2019-05-08
257089,239056,1,gdl_jrs_msg_parse,2019-05-09
3890596,2898434,3,gdl_jrs_msg_parse,2019-05-09
14874387,12150893,4,gdl_jrs_msg_parse,2019-05-09
2934033,2514243,2,gdl_jrs_msg_parse,2019-05-09
40817110,26371508,0,gdl_jrs_msg_parse,2019-05-09
234408,221742,1,gdl_jrs_msg_parse,2019-05-10
2854574,1802286,3,gdl_jrs_msg_parse,2019-05-10
13952925,11583486,4,gdl_jrs_msg_parse,2019-05-10
2865175,2306695,2,gdl_jrs_msg_parse,2019-05-10
33658140,21397738,0,gdl_jrs_msg_parse,2019-05-10
52806,47973,1,gdl_jrs_msg_parse,2019-05-11
2168731,1479775,3,gdl_jrs_msg_parse,2019-05-11
10395122,8605424,4,gdl_jrs_msg_parse,2019-05-11
1324110,1031446,2,gdl_jrs_msg_parse,2019-05-11
24522558,14981202,0,gdl_jrs_msg_parse,2019-05-11
80803,75657,1,gdl_jrs_msg_parse,2019-05-12
2707438,1761980,3,gdl_jrs_msg_parse,2019-05-12
9025773,7389408,4,gdl_jrs_msg_parse,2019-05-12
1025453,770315,2,gdl_jrs_msg_parse,2019-05-12
22659764,14084584,0,gdl_jrs_msg_parse,2019-05-12
158657,145875,1,gdl_jrs_msg_parse,2019-05-13
2806416,1887641,3,gdl_jrs_msg_parse,2019-05-13
12734367,10259322,4,gdl_jrs_msg_parse,2019-05-13
1798845,1395994,2,gdl_jrs_msg_parse,2019-05-13
45327350,33968782,0,gdl_jrs_msg_parse,2019-05-13
258883,248040,1,gdl_jrs_msg_parse,2019-05-14
2722557,1830210,3,gdl_jrs_msg_parse,2019-05-14
9298615,6946647,4,gdl_jrs_msg_parse,2019-05-14
2245636,1810000,2,gdl_jrs_msg_parse,2019-05-14
31551811,20397812,0,gdl_jrs_msg_parse,2019-05-14
357525,339595,1,gdl_jrs_msg_parse,2019-05-15
3745529,2568301,3,gdl_jrs_msg_parse,2019-05-15
12985286,10314208,4,gdl_jrs_msg_parse,2019-05-15
3111916,2451318,2,gdl_jrs_msg_parse,2019-05-15
31257056,19278732,0,gdl_jrs_msg_parse,2019-05-15
271579,258576,1,gdl_jrs_msg_parse,2019-05-16
3088080,2096101,3,gdl_jrs_msg_parse,2019-05-16
11971458,9790082,4,gdl_jrs_msg_parse,2019-05-16
2466712,1916503,2,gdl_jrs_msg_parse,2019-05-16
34710567,22692466,0,gdl_jrs_msg_parse,2019-05-16
144643,134692,1,gdl_jrs_msg_parse,2019-05-17
2960916,2029068,3,gdl_jrs_msg_parse,2019-05-17
11360887,9407095,4,gdl_jrs_msg_parse,2019-05-17
2269660,1790833,2,gdl_jrs_msg_parse,2019-05-17
33125446,22092901,0,gdl_jrs_msg_parse,2019-05-17
209309,199580,1,gdl_jrs_msg_parse,2019-05-18
2749557,1957775,3,gdl_jrs_msg_parse,2019-05-18
7231230,5238959,4,gdl_jrs_msg_parse,2019-05-18
1858932,1511904,2,gdl_jrs_msg_parse,2019-05-18
25963939,15813295,0,gdl_jrs_msg_parse,2019-05-18
71768,66080,1,gdl_jrs_msg_parse,2019-05-19
2367764,1588366,3,gdl_jrs_msg_parse,2019-05-19
7246674,5538100,4,gdl_jrs_msg_parse,2019-05-19
1752741,1391986,2,gdl_jrs_msg_parse,2019-05-19
24243261,14731558,0,gdl_jrs_msg_parse,2019-05-19
570201,555937,1,gdl_jrs_msg_parse,2019-05-20
3319507,2367673,3,gdl_jrs_msg_parse,2019-05-20
12173446,9832382,4,gdl_jrs_msg_parse,2019-05-20
2698114,2045187,2,gdl_jrs_msg_parse,2019-05-20
48143126,36680253,0,gdl_jrs_msg_parse,2019-05-20
440265,429059,1,gdl_jrs_msg_parse,2019-05-21
2920568,1973524,3,gdl_jrs_msg_parse,2019-05-21
10651326,7683197,4,gdl_jrs_msg_parse,2019-05-21
5158435,3296630,2,gdl_jrs_msg_parse,2019-05-21
33141543,20327770,0,gdl_jrs_msg_parse,2019-05-21
493075,479120,1,gdl_jrs_msg_parse,2019-05-22
3332151,2414810,3,gdl_jrs_msg_parse,2019-05-22
9031155,6992245,4,gdl_jrs_msg_parse,2019-05-22
2801935,2139351,2,gdl_jrs_msg_parse,2019-05-22
30343065,19230955,0,gdl_jrs_msg_parse,2019-05-22
472770,457974,1,gdl_jrs_msg_parse,2019-05-23
2500254,1588178,3,gdl_jrs_msg_parse,2019-05-23
7987477,5950442,4,gdl_jrs_msg_parse,2019-05-23
2015053,1569544,2,gdl_jrs_msg_parse,2019-05-23
28373851,18222608,0,gdl_jrs_msg_parse,2019-05-23
375114,358600,1,gdl_jrs_msg_parse,2019-05-24
2428708,1545163,3,gdl_jrs_msg_parse,2019-05-24
8726368,6232365,4,gdl_jrs_msg_parse,2019-05-24
1675535,1257221,2,gdl_jrs_msg_parse,2019-05-24
29955183,18333475,0,gdl_jrs_msg_parse,2019-05-24
86666,82975,1,gdl_jrs_msg_parse,2019-05-25
2142517,1425183,3,gdl_jrs_msg_parse,2019-05-25
6466997,4968568,4,gdl_jrs_msg_parse,2019-05-25
1008738,739413,2,gdl_jrs_msg_parse,2019-05-25
26612740,16646072,0,gdl_jrs_msg_parse,2019-05-25
71513,66647,1,gdl_jrs_msg_parse,2019-05-26
2306216,1541673,3,gdl_jrs_msg_parse,2019-05-26
7149889,5436669,4,gdl_jrs_msg_parse,2019-05-26
1047579,764367,2,gdl_jrs_msg_parse,2019-05-26
23493308,14100315,0,gdl_jrs_msg_parse,2019-05-26
1109259,1075723,1,gdl_jrs_msg_parse,2019-05-27
2409531,1537943,3,gdl_jrs_msg_parse,2019-05-27
9482440,7306296,4,gdl_jrs_msg_parse,2019-05-27
1495345,1114548,2,gdl_jrs_msg_parse,2019-05-27
27245248,17236484,0,gdl_jrs_msg_parse,2019-05-27
471546,459842,1,gdl_jrs_msg_parse,2019-05-28
2328015,1465778,3,gdl_jrs_msg_parse,2019-05-28
10834931,8671092,4,gdl_jrs_msg_parse,2019-05-28
2201936,1712907,2,gdl_jrs_msg_parse,2019-05-28
26986421,16573473,0,gdl_jrs_msg_parse,2019-05-28
435684,420179,1,gdl_jrs_msg_parse,2019-05-30
1931556,1159534,3,gdl_jrs_msg_parse,2019-05-30
5879554,4597403,4,gdl_jrs_msg_parse,2019-05-30
1713745,1380717,2,gdl_jrs_msg_parse,2019-05-30
27102412,17785805,0,gdl_jrs_msg_parse,2019-05-30
65560,61469,1,gdl_jrs_msg_parse,2019-06-01
2296766,1615572,3,gdl_jrs_msg_parse,2019-06-01
5824961,4488845,4,gdl_jrs_msg_parse,2019-06-01
1823181,1413469,2,gdl_jrs_msg_parse,2019-06-01
22942062,14315461,0,gdl_jrs_msg_parse,2019-06-01
75281,70508,1,gdl_jrs_msg_parse,2019-06-02
2161066,1443253,3,gdl_jrs_msg_parse,2019-06-02
4834085,3391243,4,gdl_jrs_msg_parse,2019-06-02
1919253,1531030,2,gdl_jrs_msg_parse,2019-06-02
19873473,11816369,0,gdl_jrs_msg_parse,2019-06-02
514516,504588,1,gdl_jrs_msg_parse,2019-06-03
2237046,1453555,3,gdl_jrs_msg_parse,2019-06-03
5834164,4095306,4,gdl_jrs_msg_parse,2019-06-03
2109406,1628172,2,gdl_jrs_msg_parse,2019-06-03
26511683,16714049,0,gdl_jrs_msg_parse,2019-06-03
425593,413464,1,gdl_jrs_msg_parse,2019-06-04
2223334,1501187,3,gdl_jrs_msg_parse,2019-06-04
10038855,8277346,4,gdl_jrs_msg_parse,2019-06-04
2289590,1796452,2,gdl_jrs_msg_parse,2019-06-04
25852550,16245482,0,gdl_jrs_msg_parse,2019-06-04
423518,411910,1,gdl_jrs_msg_parse,2019-06-05
2278624,1513291,3,gdl_jrs_msg_parse,2019-06-05
8118409,6213733,4,gdl_jrs_msg_parse,2019-06-05
3059598,2450670,2,gdl_jrs_msg_parse,2019-06-05
30040503,19503057,0,gdl_jrs_msg_parse,2019-06-05
668670,620619,1,gdl_jrs_msg_parse,2019-06-06
2411862,1565342,3,gdl_jrs_msg_parse,2019-06-06
10458445,8505331,4,gdl_jrs_msg_parse,2019-06-06
3365524,2879083,2,gdl_jrs_msg_parse,2019-06-06
33959778,23056253,0,gdl_jrs_msg_parse,2019-06-06
59898,55002,1,gdl_jrs_msg_parse,2019-06-07
2246340,1468608,3,gdl_jrs_msg_parse,2019-06-07
5951257,4553029,4,gdl_jrs_msg_parse,2019-06-07
1819928,1469932,2,gdl_jrs_msg_parse,2019-06-07
25672086,16990165,0,gdl_jrs_msg_parse,2019-06-07
415511,410648,1,gdl_jrs_msg_parse,2019-06-09
2248775,1463053,3,gdl_jrs_msg_parse,2019-06-09
6652487,4964201,4,gdl_jrs_msg_parse,2019-06-09
1628281,1252314,2,gdl_jrs_msg_parse,2019-06-09
21532528,12373354,0,gdl_jrs_msg_parse,2019-06-09
993143,901823,1,gdl_jrs_msg_parse,2019-06-10
2406632,1555126,3,gdl_jrs_msg_parse,2019-06-10
7684195,5835426,4,gdl_jrs_msg_parse,2019-06-10
2672489,2061656,2,gdl_jrs_msg_parse,2019-06-10
29412370,18422907,0,gdl_jrs_msg_parse,2019-06-10
1215178,1088225,1,gdl_jrs_msg_parse,2019-06-11
2351118,1465172,3,gdl_jrs_msg_parse,2019-06-11
8678906,6715890,4,gdl_jrs_msg_parse,2019-06-11
2965310,2373691,2,gdl_jrs_msg_parse,2019-06-11
29270785,17896804,0,gdl_jrs_msg_parse,2019-06-11
1602962,1427723,1,gdl_jrs_msg_parse,2019-06-12
2777188,1680107,3,gdl_jrs_msg_parse,2019-06-12
6964352,5239747,4,gdl_jrs_msg_parse,2019-06-12
3161848,2665259,2,gdl_jrs_msg_parse,2019-06-12
62536685,52012966,0,gdl_jrs_msg_parse,2019-06-12
1692156,1569377,1,gdl_jrs_msg_parse,2019-06-13
2157384,1362424,3,gdl_jrs_msg_parse,2019-06-13
6503000,4779533,4,gdl_jrs_msg_parse,2019-06-13
2717278,2240585,2,gdl_jrs_msg_parse,2019-06-13
30165193,19869230,0,gdl_jrs_msg_parse,2019-06-13
181586,172785,1,gdl_jrs_msg_parse,2019-06-15
2702977,1732485,3,gdl_jrs_msg_parse,2019-06-15
6667832,5000705,4,gdl_jrs_msg_parse,2019-06-15
2907592,2300552,2,gdl_jrs_msg_parse,2019-06-15
26090782,16743509,0,gdl_jrs_msg_parse,2019-06-15
62719,57986,1,gdl_jrs_msg_parse,2019-06-16
2313320,1489595,3,gdl_jrs_msg_parse,2019-06-16
5641437,4225605,4,gdl_jrs_msg_parse,2019-06-16
2342640,1854959,2,gdl_jrs_msg_parse,2019-06-16
24943773,15600574,0,gdl_jrs_msg_parse,2019-06-16
1799747,1727645,1,gdl_jrs_msg_parse,2019-06-17
2804301,1912876,3,gdl_jrs_msg_parse,2019-06-17
8136717,6192892,4,gdl_jrs_msg_parse,2019-06-17
3945139,3294853,2,gdl_jrs_msg_parse,2019-06-17
35147057,23377254,0,gdl_jrs_msg_parse,2019-06-17
719982,689718,1,gdl_jrs_msg_parse,2019-06-18
2207551,1403757,3,gdl_jrs_msg_parse,2019-06-18
9175871,7139978,4,gdl_jrs_msg_parse,2019-06-18
4258631,3590885,2,gdl_jrs_msg_parse,2019-06-18
37840671,24550445,0,gdl_jrs_msg_parse,2019-06-18
527665,516304,1,gdl_jrs_msg_parse,2019-06-19
2308771,1555731,3,gdl_jrs_msg_parse,2019-06-19
10593089,8345562,4,gdl_jrs_msg_parse,2019-06-19
4100332,3472223,2,gdl_jrs_msg_parse,2019-06-19
32008625,20459176,0,gdl_jrs_msg_parse,2019-06-19
639915,618310,1,gdl_jrs_msg_parse,2019-06-20
2471096,1689738,3,gdl_jrs_msg_parse,2019-06-20
13105055,10680235,4,gdl_jrs_msg_parse,2019-06-20
3914088,3179293,2,gdl_jrs_msg_parse,2019-06-20
34199386,21883476,0,gdl_jrs_msg_parse,2019-06-20
511978,494240,1,gdl_jrs_msg_parse,2019-06-21
2357556,1589887,3,gdl_jrs_msg_parse,2019-06-21
12944723,10640881,4,gdl_jrs_msg_parse,2019-06-21
5979880,4536729,2,gdl_jrs_msg_parse,2019-06-21
43444035,26933228,0,gdl_jrs_msg_parse,2019-06-21
204731,192166,1,gdl_jrs_msg_parse,2020-02-02
2614769,1896447,3,gdl_jrs_msg_parse,2020-02-02
12625967,9414040,4,gdl_jrs_msg_parse,2020-02-02
2543777,1811889,2,gdl_jrs_msg_parse,2020-02-02
40269525,27368392,0,gdl_jrs_msg_parse,2020-02-02
216811,202404,1,gdl_jrs_msg_parse,2020-02-03
2664365,1890736,3,gdl_jrs_msg_parse,2020-02-03
12190188,8887386,4,gdl_jrs_msg_parse,2020-02-03
2845185,2054097,2,gdl_jrs_msg_parse,2020-02-03
45339591,30836687,0,gdl_jrs_msg_parse,2020-02-03
588443,576075,1,gdl_jrs_msg_parse,2020-02-04
3156726,2399523,3,gdl_jrs_msg_parse,2020-02-04
11630087,8536166,4,gdl_jrs_msg_parse,2020-02-04
3558367,2832020,2,gdl_jrs_msg_parse,2020-02-04
48886941,34161141,0,gdl_jrs_msg_parse,2020-02-04
208227,195778,1,gdl_jrs_msg_parse,2020-02-05
2750818,2000524,3,gdl_jrs_msg_parse,2020-02-05
11108108,8325514,4,gdl_jrs_msg_parse,2020-02-05
2533756,1834094,2,gdl_jrs_msg_parse,2020-02-05
40959194,28709813,0,gdl_jrs_msg_parse,2020-02-05
229662,216690,1,gdl_jrs_msg_parse,2020-02-06
3178250,2308271,3,gdl_jrs_msg_parse,2020-02-06
10538485,7824281,4,gdl_jrs_msg_parse,2020-02-06
2394769,1754133,2,gdl_jrs_msg_parse,2020-02-06
43030048,29696890,0,gdl_jrs_msg_parse,2020-02-06
241800,228906,1,gdl_jrs_msg_parse,2020-02-07
3597135,2559155,3,gdl_jrs_msg_parse,2020-02-07
12113964,9087487,4,gdl_jrs_msg_parse,2020-02-07
2959012,2234950,2,gdl_jrs_msg_parse,2020-02-07
56312194,40086381,0,gdl_jrs_msg_parse,2020-02-07
752629,734957,1,gdl_jrs_msg_parse,2020-02-08
3109737,2127208,3,gdl_jrs_msg_parse,2020-02-08
11639014,8576530,4,gdl_jrs_msg_parse,2020-02-08
3496906,2732762,2,gdl_jrs_msg_parse,2020-02-08
44184645,31079990,0,gdl_jrs_msg_parse,2020-02-08
199351,187764,1,gdl_jrs_msg_parse,2020-02-09
3444385,2424721,3,gdl_jrs_msg_parse,2020-02-09
12814703,9729481,4,gdl_jrs_msg_parse,2020-02-09
3639671,2824312,2,gdl_jrs_msg_parse,2020-02-09
43814458,29936249,0,gdl_jrs_msg_parse,2020-02-09
274820,255558,1,gdl_jrs_msg_parse,2020-02-10
3653204,2618408,3,gdl_jrs_msg_parse,2020-02-10
12614458,9418476,4,gdl_jrs_msg_parse,2020-02-10
4640957,3638722,2,gdl_jrs_msg_parse,2020-02-10
54242255,38532339,0,gdl_jrs_msg_parse,2020-02-10
235908,217719,1,gdl_jrs_msg_parse,2020-02-11
3544564,2515917,3,gdl_jrs_msg_parse,2020-02-11
10639531,7735635,4,gdl_jrs_msg_parse,2020-02-11
4481998,3618360,2,gdl_jrs_msg_parse,2020-02-11
53417873,37153601,0,gdl_jrs_msg_parse,2020-02-11
190911,173675,1,gdl_jrs_msg_parse,2020-02-12
4484565,3294997,3,gdl_jrs_msg_parse,2020-02-12
13591444,10450860,4,gdl_jrs_msg_parse,2020-02-12
4529908,3650584,2,gdl_jrs_msg_parse,2020-02-12
52700950,36113541,0,gdl_jrs_msg_parse,2020-02-12
336613,317921,1,gdl_jrs_msg_parse,2020-02-13
3498253,2485824,3,gdl_jrs_msg_parse,2020-02-13
11590901,8634815,4,gdl_jrs_msg_parse,2020-02-13
5068874,4149497,2,gdl_jrs_msg_parse,2020-02-13
55812356,38683345,0,gdl_jrs_msg_parse,2020-02-13
445427,409037,1,gdl_jrs_msg_parse,2020-02-14
3331232,2350729,3,gdl_jrs_msg_parse,2020-02-14
11544855,8504606,4,gdl_jrs_msg_parse,2020-02-14
6339498,5448729,2,gdl_jrs_msg_parse,2020-02-14
59214063,43514194,0,gdl_jrs_msg_parse,2020-02-14
244344,233265,1,gdl_jrs_msg_parse,2020-02-15
3389561,2420641,3,gdl_jrs_msg_parse,2020-02-15
9858978,7063774,4,gdl_jrs_msg_parse,2020-02-15
4511015,3283845,2,gdl_jrs_msg_parse,2020-02-15
43857293,29427149,0,gdl_jrs_msg_parse,2020-02-15
165440,152828,1,gdl_jrs_msg_parse,2020-02-16
3409921,2395738,3,gdl_jrs_msg_parse,2020-02-16
9444419,6646882,4,gdl_jrs_msg_parse,2020-02-16
4921609,3758023,2,gdl_jrs_msg_parse,2020-02-16
41057008,26385404,0,gdl_jrs_msg_parse,2020-02-16
622842,575613,1,gdl_jrs_msg_parse,2020-02-17
3732100,2680556,3,gdl_jrs_msg_parse,2020-02-17
9022592,6171946,4,gdl_jrs_msg_parse,2020-02-17
5047869,3940731,2,gdl_jrs_msg_parse,2020-02-17
52194320,35621155,0,gdl_jrs_msg_parse,2020-02-17
460298,429027,1,gdl_jrs_msg_parse,2020-02-18
3575341,2528912,3,gdl_jrs_msg_parse,2020-02-18
8590826,6000836,4,gdl_jrs_msg_parse,2020-02-18
6762100,5140834,2,gdl_jrs_msg_parse,2020-02-18
55075272,37765745,0,gdl_jrs_msg_parse,2020-02-18
451852,428494,1,gdl_jrs_msg_parse,2020-02-19
4581129,3427252,3,gdl_jrs_msg_parse,2020-02-19
9658153,6895307,4,gdl_jrs_msg_parse,2020-02-19
4717007,3656353,2,gdl_jrs_msg_parse,2020-02-19
57569705,39198220,0,gdl_jrs_msg_parse,2020-02-19
508258,466682,1,gdl_jrs_msg_parse,2020-02-20
3347168,2341930,3,gdl_jrs_msg_parse,2020-02-20
10363923,7384030,4,gdl_jrs_msg_parse,2020-02-20
5537948,4083743,2,gdl_jrs_msg_parse,2020-02-20
57208095,39247405,0,gdl_jrs_msg_parse,2020-02-20
502122,479508,1,gdl_jrs_msg_parse,2020-02-21
3359959,2386423,3,gdl_jrs_msg_parse,2020-02-21
9766941,6486891,4,gdl_jrs_msg_parse,2020-02-21
7201953,5132778,2,gdl_jrs_msg_parse,2020-02-21
67124113,45494782,0,gdl_jrs_msg_parse,2020-02-21
483910,457373,1,gdl_jrs_msg_parse,2020-02-22
3018224,2149702,3,gdl_jrs_msg_parse,2020-02-22
8612668,5658588,4,gdl_jrs_msg_parse,2020-02-22
4148868,2949457,2,gdl_jrs_msg_parse,2020-02-22
42760418,28612884,0,gdl_jrs_msg_parse,2020-02-22
387705,371572,1,gdl_jrs_msg_parse,2020-02-23
3017965,2120519,3,gdl_jrs_msg_parse,2020-02-23
12905386,9813224,4,gdl_jrs_msg_parse,2020-02-23
3616968,2729784,2,gdl_jrs_msg_parse,2020-02-23
38077951,25124290,0,gdl_jrs_msg_parse,2020-02-23
1599277,1565767,1,gdl_jrs_msg_parse,2020-02-24
3487532,2453701,3,gdl_jrs_msg_parse,2020-02-24
9238592,6217502,4,gdl_jrs_msg_parse,2020-02-24
4132037,3103646,2,gdl_jrs_msg_parse,2020-02-24
49026726,33966119,0,gdl_jrs_msg_parse,2020-02-24
965036,935656,1,gdl_jrs_msg_parse,2020-02-25
3613308,2565370,3,gdl_jrs_msg_parse,2020-02-25
20989408,17161423,4,gdl_jrs_msg_parse,2020-02-25
4279235,3148968,2,gdl_jrs_msg_parse,2020-02-25
58244198,41239252,0,gdl_jrs_msg_parse,2020-02-25
385930,359646,1,gdl_jrs_msg_parse,2020-02-26
4411671,3058439,3,gdl_jrs_msg_parse,2020-02-26
11431207,8019312,4,gdl_jrs_msg_parse,2020-02-26
4625119,3452912,2,gdl_jrs_msg_parse,2020-02-26
58319584,41044806,0,gdl_jrs_msg_parse,2020-02-26
881784,855641,1,gdl_jrs_msg_parse,2020-02-27
3703031,2568870,3,gdl_jrs_msg_parse,2020-02-27
13544921,9580409,4,gdl_jrs_msg_parse,2020-02-27
3657326,2632842,2,gdl_jrs_msg_parse,2020-02-27
61229812,42283239,0,gdl_jrs_msg_parse,2020-02-27
648236,598586,1,gdl_jrs_msg_parse,2020-02-28
3804307,2616595,3,gdl_jrs_msg_parse,2020-02-28
13457776,9211356,4,gdl_jrs_msg_parse,2020-02-28
4249568,3073282,2,gdl_jrs_msg_parse,2020-02-28
64819096,43724132,0,gdl_jrs_msg_parse,2020-02-28
573751,545866,1,gdl_jrs_msg_parse,2020-02-29
3357595,2309662,3,gdl_jrs_msg_parse,2020-02-29
8126208,4759305,4,gdl_jrs_msg_parse,2020-02-29
3284727,2564914,2,gdl_jrs_msg_parse,2020-02-29
54066613,36964898,0,gdl_jrs_msg_parse,2020-02-29
439066,418730,1,gdl_jrs_msg_parse,2020-03-01
3943564,2772128,3,gdl_jrs_msg_parse,2020-03-01
10379542,6790606,4,gdl_jrs_msg_parse,2020-03-01
4084136,2928397,2,gdl_jrs_msg_parse,2020-03-01
47145284,30506272,0,gdl_jrs_msg_parse,2020-03-01
536416,508466,1,gdl_jrs_msg_parse,2020-03-02
4218258,2939046,3,gdl_jrs_msg_parse,2020-03-02
13327551,9489870,4,gdl_jrs_msg_parse,2020-03-02
4014977,2927875,2,gdl_jrs_msg_parse,2020-03-02
63835869,42916969,0,gdl_jrs_msg_parse,2020-03-02
2387555,2214694,1,gdl_jrs_msg_parse,2020-03-03
4152493,2833929,3,gdl_jrs_msg_parse,2020-03-03
14427928,10818022,4,gdl_jrs_msg_parse,2020-03-03
4773427,3647925,2,gdl_jrs_msg_parse,2020-03-03
68800340,48878847,0,gdl_jrs_msg_parse,2020-03-03
719727,685043,1,gdl_jrs_msg_parse,2020-03-04
4259159,2888181,3,gdl_jrs_msg_parse,2020-03-04
17880149,13639880,4,gdl_jrs_msg_parse,2020-03-04
4320781,3215829,2,gdl_jrs_msg_parse,2020-03-04
68796169,47393987,0,gdl_jrs_msg_parse,2020-03-04
505791,478760,1,gdl_jrs_msg_parse,2020-03-05
3821486,2614933,3,gdl_jrs_msg_parse,2020-03-05
14929214,10796356,4,gdl_jrs_msg_parse,2020-03-05
4286371,3086582,2,gdl_jrs_msg_parse,2020-03-05
78128725,55204696,0,gdl_jrs_msg_parse,2020-03-05
539992,510341,1,gdl_jrs_msg_parse,2020-03-06
4277055,2921380,3,gdl_jrs_msg_parse,2020-03-06
14184876,10167033,4,gdl_jrs_msg_parse,2020-03-06
3805755,2777802,2,gdl_jrs_msg_parse,2020-03-06
65720845,45912750,0,gdl_jrs_msg_parse,2020-03-06
324324,309406,1,gdl_jrs_msg_parse,2020-03-07
3871889,2639796,3,gdl_jrs_msg_parse,2020-03-07
14061040,9926798,4,gdl_jrs_msg_parse,2020-03-07
3343184,2397523,2,gdl_jrs_msg_parse,2020-03-07
62033799,44612365,0,gdl_jrs_msg_parse,2020-03-07
183580,170516,1,gdl_jrs_msg_parse,2020-03-08
3485541,2325237,3,gdl_jrs_msg_parse,2020-03-08
13049551,9127042,4,gdl_jrs_msg_parse,2020-03-08
2944632,2036138,2,gdl_jrs_msg_parse,2020-03-08
52425760,35883232,0,gdl_jrs_msg_parse,2020-03-08
911064,875043,1,gdl_jrs_msg_parse,2020-03-10
4053787,2754257,3,gdl_jrs_msg_parse,2020-03-10
12924306,8976862,4,gdl_jrs_msg_parse,2020-03-10
4443646,3205020,2,gdl_jrs_msg_parse,2020-03-10
65814354,46204545,0,gdl_jrs_msg_parse,2020-03-10
56480,52070,1,gdl_jrs_msg_parse,2019-06-23
1940491,1266263,3,gdl_jrs_msg_parse,2019-06-23
11365874,9347711,4,gdl_jrs_msg_parse,2019-06-23
1531169,1164571,2,gdl_jrs_msg_parse,2019-06-23
23137440,13693585,0,gdl_jrs_msg_parse,2019-06-23
636160,623973,1,gdl_jrs_msg_parse,2019-06-24
2403104,1598741,3,gdl_jrs_msg_parse,2019-06-24
13718603,11225226,4,gdl_jrs_msg_parse,2019-06-24
3029245,2530308,2,gdl_jrs_msg_parse,2019-06-24
31244844,19375771,0,gdl_jrs_msg_parse,2019-06-24
966547,888311,1,gdl_jrs_msg_parse,2020-03-11
4343237,3012865,3,gdl_jrs_msg_parse,2020-03-11
13889220,9871829,4,gdl_jrs_msg_parse,2020-03-11
4047733,3204568,2,gdl_jrs_msg_parse,2020-03-11
61160718,42561729,0,gdl_jrs_msg_parse,2020-03-11
1049231,1012336,1,gdl_jrs_msg_parse,2019-06-25
3196674,2298960,3,gdl_jrs_msg_parse,2019-06-25
21192712,17925436,4,gdl_jrs_msg_parse,2019-06-25
2968786,2399853,2,gdl_jrs_msg_parse,2019-06-25
32632665,20613418,0,gdl_jrs_msg_parse,2019-06-25
803543,737063,1,gdl_jrs_msg_parse,2020-03-12
4411035,3130297,3,gdl_jrs_msg_parse,2020-03-12
13238250,9504449,4,gdl_jrs_msg_parse,2020-03-12
4251893,3140137,2,gdl_jrs_msg_parse,2020-03-12
63892521,45391524,0,gdl_jrs_msg_parse,2020-03-12
572259,558989,1,gdl_jrs_msg_parse,2019-06-26
2841329,1955317,3,gdl_jrs_msg_parse,2019-06-26
16179382,13505328,4,gdl_jrs_msg_parse,2019-06-26
2704953,2115118,2,gdl_jrs_msg_parse,2019-06-26
36844882,23748668,0,gdl_jrs_msg_parse,2019-06-26
1940702,1878430,1,gdl_jrs_msg_parse,2020-03-13
3727697,2539456,3,gdl_jrs_msg_parse,2020-03-13
12953002,9221076,4,gdl_jrs_msg_parse,2020-03-13
4333491,3206133,2,gdl_jrs_msg_parse,2020-03-13
95852650,78625708,0,gdl_jrs_msg_parse,2020-03-13
302874,283689,1,gdl_jrs_msg_parse,2020-03-14
3411577,2363819,3,gdl_jrs_msg_parse,2020-03-14
12107685,8715019,4,gdl_jrs_msg_parse,2020-03-14
3992300,3001990,2,gdl_jrs_msg_parse,2020-03-14
55405278,41151209,0,gdl_jrs_msg_parse,2020-03-14
206168,191041,1,gdl_jrs_msg_parse,2020-03-15
3384341,2315935,3,gdl_jrs_msg_parse,2020-03-15
11778967,8276083,4,gdl_jrs_msg_parse,2020-03-15
4226034,2857831,2,gdl_jrs_msg_parse,2020-03-15
44366061,30999700,0,gdl_jrs_msg_parse,2020-03-15
564685,512969,1,gdl_jrs_msg_parse,2020-03-16
3990357,2767571,3,gdl_jrs_msg_parse,2020-03-16
12044019,8493655,4,gdl_jrs_msg_parse,2020-03-16
5069177,3725832,2,gdl_jrs_msg_parse,2020-03-16
92300406,73546662,0,gdl_jrs_msg_parse,2020-03-16
783362,725776,1,gdl_jrs_msg_parse,2020-03-17
4231117,3029092,3,gdl_jrs_msg_parse,2020-03-17
10361557,7159224,4,gdl_jrs_msg_parse,2020-03-17
5012755,3847079,2,gdl_jrs_msg_parse,2020-03-17
61213095,43403413,0,gdl_jrs_msg_parse,2020-03-17
1282673,1220832,1,gdl_jrs_msg_parse,2020-03-18
4068143,2910313,3,gdl_jrs_msg_parse,2020-03-18
10184171,6889005,4,gdl_jrs_msg_parse,2020-03-18
6946896,5073797,2,gdl_jrs_msg_parse,2020-03-18
72550373,52968022,0,gdl_jrs_msg_parse,2020-03-18
708982,674266,1,gdl_jrs_msg_parse,2020-03-19
3423643,2324091,3,gdl_jrs_msg_parse,2020-03-19
10744433,7071367,4,gdl_jrs_msg_parse,2020-03-19
4261772,3210454,2,gdl_jrs_msg_parse,2020-03-19
56246824,40658114,0,gdl_jrs_msg_parse,2020-03-19
608588,574507,1,gdl_jrs_msg_parse,2020-03-20
3827067,2671312,3,gdl_jrs_msg_parse,2020-03-20
11936013,8655751,4,gdl_jrs_msg_parse,2020-03-20
4920980,3502754,2,gdl_jrs_msg_parse,2020-03-20
101364033,83813494,0,gdl_jrs_msg_parse,2020-03-20
556602,538165,1,gdl_jrs_msg_parse,2020-03-21
3241747,2236888,3,gdl_jrs_msg_parse,2020-03-21
10448347,7683100,4,gdl_jrs_msg_parse,2020-03-21
6112461,4279543,2,gdl_jrs_msg_parse,2020-03-21
56631127,38342081,0,gdl_jrs_msg_parse,2020-03-21
336195,303375,1,gdl_jrs_msg_parse,2020-03-22
2814938,1922982,3,gdl_jrs_msg_parse,2020-03-22
8994964,5795019,4,gdl_jrs_msg_parse,2020-03-22
4568375,2815489,2,gdl_jrs_msg_parse,2020-03-22
41884567,30080665,0,gdl_jrs_msg_parse,2020-03-22
1884856,1853041,1,gdl_jrs_msg_parse,2020-03-23
3471856,2433520,3,gdl_jrs_msg_parse,2020-03-23
10851778,7827279,4,gdl_jrs_msg_parse,2020-03-23
3761821,2787488,2,gdl_jrs_msg_parse,2020-03-23
60414504,45989205,0,gdl_jrs_msg_parse,2020-03-23
597983,564255,1,gdl_jrs_msg_parse,2020-03-24
4532919,3371501,3,gdl_jrs_msg_parse,2020-03-24
12280188,9184205,4,gdl_jrs_msg_parse,2020-03-24
3535878,2515618,2,gdl_jrs_msg_parse,2020-03-24
60461710,44861343,0,gdl_jrs_msg_parse,2020-03-24
776099,750006,1,gdl_jrs_msg_parse,2020-03-25
3512088,2488404,3,gdl_jrs_msg_parse,2020-03-25
14153086,11605868,4,gdl_jrs_msg_parse,2020-03-25
4206800,3128177,2,gdl_jrs_msg_parse,2020-03-25
50708305,36901045,0,gdl_jrs_msg_parse,2020-03-25
932019,884591,1,gdl_jrs_msg_parse,2020-03-26
4074726,2793790,3,gdl_jrs_msg_parse,2020-03-26
15633181,12496001,4,gdl_jrs_msg_parse,2020-03-26
4089371,2900312,2,gdl_jrs_msg_parse,2020-03-26
92411030,75398952,0,gdl_jrs_msg_parse,2020-03-26
104583,92067,1,gdl_jrs_msg_parse,2020-09-12
4411292,3335052,3,gdl_jrs_msg_parse,2020-09-12
11713789,9304764,4,gdl_jrs_msg_parse,2020-09-12
6014991,5119162,2,gdl_jrs_msg_parse,2020-09-12
37108208,26115319,0,gdl_jrs_msg_parse,2020-09-12
101824,90406,1,gdl_jrs_msg_parse,2020-09-13
3400962,2472706,3,gdl_jrs_msg_parse,2020-09-13
8121411,6258352,4,gdl_jrs_msg_parse,2020-09-13
6713548,5724757,2,gdl_jrs_msg_parse,2020-09-13
38311574,27558968,0,gdl_jrs_msg_parse,2020-09-13
2150797,2048794,1,gdl_jrs_msg_parse,2020-09-14
4421363,3302476,3,gdl_jrs_msg_parse,2020-09-14
9869782,7695472,4,gdl_jrs_msg_parse,2020-09-14
5686139,4464670,2,gdl_jrs_msg_parse,2020-09-14
49310532,34864276,0,gdl_jrs_msg_parse,2020-09-14
1038729,999450,1,gdl_jrs_msg_parse,2020-09-15
5143950,3662249,3,gdl_jrs_msg_parse,2020-09-15
13288682,10357946,4,gdl_jrs_msg_parse,2020-09-15
12734953,11279096,2,gdl_jrs_msg_parse,2020-09-15
54947269,39660748,0,gdl_jrs_msg_parse,2020-09-15
678058,642475,1,gdl_jrs_msg_parse,2020-09-16
4393260,3096372,3,gdl_jrs_msg_parse,2020-09-16
11310535,8740942,4,gdl_jrs_msg_parse,2020-09-16
7877510,6400461,2,gdl_jrs_msg_parse,2020-09-16
56912614,41060742,0,gdl_jrs_msg_parse,2020-09-16
264991,236215,1,gdl_jrs_msg_parse,2020-09-17
5115497,3823324,3,gdl_jrs_msg_parse,2020-09-17
10769839,8365105,4,gdl_jrs_msg_parse,2020-09-17
7205771,5944294,2,gdl_jrs_msg_parse,2020-09-17
57114564,41980703,0,gdl_jrs_msg_parse,2020-09-17
404736,360658,1,gdl_jrs_msg_parse,2020-09-18
4446715,3287333,3,gdl_jrs_msg_parse,2020-09-18
10736775,8225784,4,gdl_jrs_msg_parse,2020-09-18
16556558,13903234,2,gdl_jrs_msg_parse,2020-09-18
59204666,43160195,0,gdl_jrs_msg_parse,2020-09-18
156988,137389,1,gdl_jrs_msg_parse,2020-09-19
3886982,2913287,3,gdl_jrs_msg_parse,2020-09-19
8550345,6713199,4,gdl_jrs_msg_parse,2020-09-19
6310965,5259010,2,gdl_jrs_msg_parse,2020-09-19
42478379,30898006,0,gdl_jrs_msg_parse,2020-09-19
173971,156744,1,gdl_jrs_msg_parse,2020-09-20
3564290,2620288,3,gdl_jrs_msg_parse,2020-09-20
8498863,6627076,4,gdl_jrs_msg_parse,2020-09-20
7270734,5729363,2,gdl_jrs_msg_parse,2020-09-20
43230943,31932889,0,gdl_jrs_msg_parse,2020-09-20
365235,336362,1,gdl_jrs_msg_parse,2020-09-21
4402492,3243961,3,gdl_jrs_msg_parse,2020-09-21
9568241,7593765,4,gdl_jrs_msg_parse,2020-09-21
12925155,10421831,2,gdl_jrs_msg_parse,2020-09-21
65501782,45008097,0,gdl_jrs_msg_parse,2020-09-21
261276,232614,1,gdl_jrs_msg_parse,2020-09-22
4053571,3012623,3,gdl_jrs_msg_parse,2020-09-22
10609081,8019174,4,gdl_jrs_msg_parse,2020-09-22
7506765,5327532,2,gdl_jrs_msg_parse,2020-09-22
55580556,41098110,0,gdl_jrs_msg_parse,2020-09-22
795531,765020,1,gdl_jrs_msg_parse,2020-09-23
4390684,3193841,3,gdl_jrs_msg_parse,2020-09-23
9674192,7405914,4,gdl_jrs_msg_parse,2020-09-23
11000112,9942210,2,gdl_jrs_msg_parse,2020-09-23
41429636,29968987,0,gdl_jrs_msg_parse,2020-09-23
187105,156600,1,gdl_jrs_msg_parse,2020-09-24
6508718,5301719,3,gdl_jrs_msg_parse,2020-09-24
9699295,7434801,4,gdl_jrs_msg_parse,2020-09-24
10415831,9317275,2,gdl_jrs_msg_parse,2020-09-24
41881813,30174317,0,gdl_jrs_msg_parse,2020-09-24
659376,630721,1,gdl_jrs_msg_parse,2019-06-28
3733477,2827876,3,gdl_jrs_msg_parse,2019-06-28
16560106,13563439,4,gdl_jrs_msg_parse,2019-06-28
4231268,3570777,2,gdl_jrs_msg_parse,2019-06-28
38660312,24294571,0,gdl_jrs_msg_parse,2019-06-28
115173,106452,1,gdl_jrs_msg_parse,2019-06-29
2133099,1355541,3,gdl_jrs_msg_parse,2019-06-29
13198649,10848321,4,gdl_jrs_msg_parse,2019-06-29
1479341,1158948,2,gdl_jrs_msg_parse,2019-06-29
34387073,20770802,0,gdl_jrs_msg_parse,2019-06-29
95170,86523,1,gdl_jrs_msg_parse,2019-06-30
2058495,1246239,3,gdl_jrs_msg_parse,2019-06-30
10284998,7544029,4,gdl_jrs_msg_parse,2019-06-30
1405273,1058023,2,gdl_jrs_msg_parse,2019-06-30
29965224,16444061,0,gdl_jrs_msg_parse,2019-06-30
758114,667350,1,gdl_jrs_msg_parse,2019-07-01
3719474,2530231,3,gdl_jrs_msg_parse,2019-07-01
13025551,9036947,4,gdl_jrs_msg_parse,2019-07-01
3565632,2613319,2,gdl_jrs_msg_parse,2019-07-01
58372922,34154736,0,gdl_jrs_msg_parse,2019-07-01
551937,541831,1,gdl_jrs_msg_parse,2019-07-02
3556184,2571441,3,gdl_jrs_msg_parse,2019-07-02
13357103,10804123,4,gdl_jrs_msg_parse,2019-07-02
2877411,2282843,2,gdl_jrs_msg_parse,2019-07-02
53776542,34604321,0,gdl_jrs_msg_parse,2019-07-02
524878,507481,1,gdl_jrs_msg_parse,2019-07-03
3566805,2519259,3,gdl_jrs_msg_parse,2019-07-03
11997797,9539164,4,gdl_jrs_msg_parse,2019-07-03
3056746,2515992,2,gdl_jrs_msg_parse,2019-07-03
58094774,37810650,0,gdl_jrs_msg_parse,2019-07-03
600114,587028,1,gdl_jrs_msg_parse,2019-07-04
3013202,2166611,3,gdl_jrs_msg_parse,2019-07-04
14175180,11500369,4,gdl_jrs_msg_parse,2019-07-04
2680474,2148447,2,gdl_jrs_msg_parse,2019-07-04
57387999,38074775,0,gdl_jrs_msg_parse,2019-07-04
602599,591018,1,gdl_jrs_msg_parse,2019-07-05
2413420,1646212,3,gdl_jrs_msg_parse,2019-07-05
16438507,13674558,4,gdl_jrs_msg_parse,2019-07-05
3421230,2801229,2,gdl_jrs_msg_parse,2019-07-05
61127809,40825267,0,gdl_jrs_msg_parse,2019-07-05
204358,196381,1,gdl_jrs_msg_parse,2019-07-06
2514678,1626668,3,gdl_jrs_msg_parse,2019-07-06
14817037,12418812,4,gdl_jrs_msg_parse,2019-07-06
1675253,1245510,2,gdl_jrs_msg_parse,2019-07-06
62687182,41441187,0,gdl_jrs_msg_parse,2019-07-06
56322,51990,1,gdl_jrs_msg_parse,2019-07-07
2458593,1589801,3,gdl_jrs_msg_parse,2019-07-07
13101423,10831880,4,gdl_jrs_msg_parse,2019-07-07
1709545,1292772,2,gdl_jrs_msg_parse,2019-07-07
61287555,42748212,0,gdl_jrs_msg_parse,2019-07-07
595445,582289,1,gdl_jrs_msg_parse,2019-07-08
2815335,1860391,3,gdl_jrs_msg_parse,2019-07-08
15127183,12338536,4,gdl_jrs_msg_parse,2019-07-08
3703107,3151561,2,gdl_jrs_msg_parse,2019-07-08
59411294,38839963,0,gdl_jrs_msg_parse,2019-07-08
546894,534575,1,gdl_jrs_msg_parse,2019-07-09
2996295,2007352,3,gdl_jrs_msg_parse,2019-07-09
16024292,12402209,4,gdl_jrs_msg_parse,2019-07-09
2561471,1971412,2,gdl_jrs_msg_parse,2019-07-09
73135128,48710792,0,gdl_jrs_msg_parse,2019-07-09
460396,448349,1,gdl_jrs_msg_parse,2019-07-10
2847936,1844961,3,gdl_jrs_msg_parse,2019-07-10
14949649,12185946,4,gdl_jrs_msg_parse,2019-07-10
2662087,1997694,2,gdl_jrs_msg_parse,2019-07-10
58710736,38952877,0,gdl_jrs_msg_parse,2019-07-10
845938,3052,1,gdl_jrs_msg_parse,2019-07-11
3000369,1528,3,gdl_jrs_msg_parse,2019-07-11
13340010,10823,4,gdl_jrs_msg_parse,2019-07-11
4092190,8745,2,gdl_jrs_msg_parse,2019-07-11
66679996,334162,0,gdl_jrs_msg_parse,2019-07-11
1103500,1090046,1,gdl_jrs_msg_parse,2019-07-12
3690248,2718720,3,gdl_jrs_msg_parse,2019-07-12
15131485,12174171,4,gdl_jrs_msg_parse,2019-07-12
3714829,3144268,2,gdl_jrs_msg_parse,2019-07-12
53889218,35532277,0,gdl_jrs_msg_parse,2019-07-12
123270,117535,1,gdl_jrs_msg_parse,2019-07-13
2762488,1899584,3,gdl_jrs_msg_parse,2019-07-13
12183500,9999299,4,gdl_jrs_msg_parse,2019-07-13
2240879,1728322,2,gdl_jrs_msg_parse,2019-07-13
56606149,40298794,0,gdl_jrs_msg_parse,2019-07-13
72181,66647,1,gdl_jrs_msg_parse,2019-07-14
2250300,1480611,3,gdl_jrs_msg_parse,2019-07-14
12215268,9909229,4,gdl_jrs_msg_parse,2019-07-14
2406711,1766158,2,gdl_jrs_msg_parse,2019-07-14
46584048,30903615,0,gdl_jrs_msg_parse,2019-07-14
187730,177624,1,gdl_jrs_msg_parse,2019-07-15
3731513,2347089,3,gdl_jrs_msg_parse,2019-07-15
15287655,12448853,4,gdl_jrs_msg_parse,2019-07-15
4075991,2878303,2,gdl_jrs_msg_parse,2019-07-15
64207174,44175850,0,gdl_jrs_msg_parse,2019-07-15
190475,177636,1,gdl_jrs_msg_parse,2019-07-16
3543057,2439769,3,gdl_jrs_msg_parse,2019-07-16
15657161,13061243,4,gdl_jrs_msg_parse,2019-07-16
3733154,2733813,2,gdl_jrs_msg_parse,2019-07-16
66988779,46237917,0,gdl_jrs_msg_parse,2019-07-16
1493602,3666,1,gdl_jrs_msg_parse,2019-07-17
4077479,1669,3,gdl_jrs_msg_parse,2019-07-17
15172961,9539,4,gdl_jrs_msg_parse,2019-07-17
3854665,13944,2,gdl_jrs_msg_parse,2019-07-17
60352335,363934,0,gdl_jrs_msg_parse,2019-07-17
572567,557806,1,gdl_jrs_msg_parse,2019-07-18
2686164,1765430,3,gdl_jrs_msg_parse,2019-07-18
12977536,10368430,4,gdl_jrs_msg_parse,2019-07-18
4201950,3283219,2,gdl_jrs_msg_parse,2019-07-18
60533123,39947495,0,gdl_jrs_msg_parse,2019-07-18
408298,389637,1,gdl_jrs_msg_parse,2019-07-19
2515087,1644931,3,gdl_jrs_msg_parse,2019-07-19
18235175,15286339,4,gdl_jrs_msg_parse,2019-07-19
3515635,2742083,2,gdl_jrs_msg_parse,2019-07-19
61783121,39577963,0,gdl_jrs_msg_parse,2019-07-19
88473,81864,1,gdl_jrs_msg_parse,2019-07-20
2379305,1560150,3,gdl_jrs_msg_parse,2019-07-20
15858454,13220077,4,gdl_jrs_msg_parse,2019-07-20
3107045,2261446,2,gdl_jrs_msg_parse,2019-07-20
63939293,41174593,0,gdl_jrs_msg_parse,2019-07-20
73728,68074,1,gdl_jrs_msg_parse,2019-07-21
2601760,1758889,3,gdl_jrs_msg_parse,2019-07-21
12045904,9426900,4,gdl_jrs_msg_parse,2019-07-21
4779749,3316884,2,gdl_jrs_msg_parse,2019-07-21
61073531,37455670,0,gdl_jrs_msg_parse,2019-07-21
345535,335786,1,gdl_jrs_msg_parse,2019-07-22
2878736,1934700,3,gdl_jrs_msg_parse,2019-07-22
14263551,11512515,4,gdl_jrs_msg_parse,2019-07-22
3818066,2765313,2,gdl_jrs_msg_parse,2019-07-22
50089592,30897976,0,gdl_jrs_msg_parse,2019-07-22
184899,173889,1,gdl_jrs_msg_parse,2019-07-23
2865918,2002935,3,gdl_jrs_msg_parse,2019-07-23
13913436,11208747,4,gdl_jrs_msg_parse,2019-07-23
3652977,2921533,2,gdl_jrs_msg_parse,2019-07-23
56139605,36305217,0,gdl_jrs_msg_parse,2019-07-23
159042,148858,1,gdl_jrs_msg_parse,2019-07-24
2887776,1866409,3,gdl_jrs_msg_parse,2019-07-24
18915434,15679896,4,gdl_jrs_msg_parse,2019-07-24
3761219,3042528,2,gdl_jrs_msg_parse,2019-07-24
54173727,34833047,0,gdl_jrs_msg_parse,2019-07-24
233503,212842,1,gdl_jrs_msg_parse,2019-07-25
3832892,2783860,3,gdl_jrs_msg_parse,2019-07-25
15611820,12415739,4,gdl_jrs_msg_parse,2019-07-25
4227587,3447062,2,gdl_jrs_msg_parse,2019-07-25
56667670,37575772,0,gdl_jrs_msg_parse,2019-07-25
271378,258388,1,gdl_jrs_msg_parse,2019-07-26
2942482,1893950,3,gdl_jrs_msg_parse,2019-07-26
16510732,13439091,4,gdl_jrs_msg_parse,2019-07-26
3956490,3195984,2,gdl_jrs_msg_parse,2019-07-26
58650857,40748766,0,gdl_jrs_msg_parse,2019-07-26
160902,154882,1,gdl_jrs_msg_parse,2019-07-27
2893481,1872854,3,gdl_jrs_msg_parse,2019-07-27
14976353,12522522,4,gdl_jrs_msg_parse,2019-07-27
1917199,1225043,2,gdl_jrs_msg_parse,2019-07-27
42881869,28358968,0,gdl_jrs_msg_parse,2019-07-27
225681,192749,1,gdl_jrs_msg_parse,2020-09-25
4929744,3713665,3,gdl_jrs_msg_parse,2020-09-25
12052088,9196514,4,gdl_jrs_msg_parse,2020-09-25
9795623,8531669,2,gdl_jrs_msg_parse,2020-09-25
55110373,41698364,0,gdl_jrs_msg_parse,2020-09-25
58511,53871,1,gdl_jrs_msg_parse,2019-07-28
2347910,1501042,3,gdl_jrs_msg_parse,2019-07-28
12939291,10318861,4,gdl_jrs_msg_parse,2019-07-28
1802746,1146822,2,gdl_jrs_msg_parse,2019-07-28
47960108,33113716,0,gdl_jrs_msg_parse,2019-07-28
184310,167861,1,gdl_jrs_msg_parse,2020-09-26
4584799,3454746,3,gdl_jrs_msg_parse,2020-09-26
9721398,7480892,4,gdl_jrs_msg_parse,2020-09-26
10651982,9573042,2,gdl_jrs_msg_parse,2020-09-26
30802413,21330382,0,gdl_jrs_msg_parse,2020-09-26
124524,104432,1,gdl_jrs_msg_parse,2019-07-29
2534008,1658132,3,gdl_jrs_msg_parse,2019-07-29
13548845,11209670,4,gdl_jrs_msg_parse,2019-07-29
2385468,1769638,2,gdl_jrs_msg_parse,2019-07-29
46775601,31928270,0,gdl_jrs_msg_parse,2019-07-29
281709,270527,1,gdl_jrs_msg_parse,2019-07-30
2346583,1474336,3,gdl_jrs_msg_parse,2019-07-30
13389671,11193835,4,gdl_jrs_msg_parse,2019-07-30
2103719,1518112,2,gdl_jrs_msg_parse,2019-07-30
58501442,42561427,0,gdl_jrs_msg_parse,2019-07-30
269667,258674,1,gdl_jrs_msg_parse,2019-07-31
2390897,1484194,3,gdl_jrs_msg_parse,2019-07-31
11718997,9549403,4,gdl_jrs_msg_parse,2019-07-31
2259528,1492001,2,gdl_jrs_msg_parse,2019-07-31
56929332,41394391,0,gdl_jrs_msg_parse,2019-07-31
647295,627077,1,gdl_jrs_msg_parse,2019-08-01
3208304,2210429,3,gdl_jrs_msg_parse,2019-08-01
15304767,12499782,4,gdl_jrs_msg_parse,2019-08-01
3165287,1919755,2,gdl_jrs_msg_parse,2019-08-01
44624686,30107513,0,gdl_jrs_msg_parse,2019-08-01
995240,989637,1,gdl_jrs_msg_parse,2019-08-02
2448542,1803419,3,gdl_jrs_msg_parse,2019-08-02
11090133,9465320,4,gdl_jrs_msg_parse,2019-08-02
1808797,1321827,2,gdl_jrs_msg_parse,2019-08-02
35014350,25813992,0,gdl_jrs_msg_parse,2019-08-02
184752,158967,1,gdl_jrs_msg_parse,2020-09-27
4682010,3541536,3,gdl_jrs_msg_parse,2020-09-27
8370241,6396158,4,gdl_jrs_msg_parse,2020-09-27
4904968,3859384,2,gdl_jrs_msg_parse,2020-09-27
49147500,37660220,0,gdl_jrs_msg_parse,2020-09-27
29572,27863,1,gdl_jrs_msg_parse,2019-08-04
1658002,1228811,3,gdl_jrs_msg_parse,2019-08-04
7318337,6214465,4,gdl_jrs_msg_parse,2019-08-04
1152143,713357,2,gdl_jrs_msg_parse,2019-08-04
31488000,23319346,0,gdl_jrs_msg_parse,2019-08-04
