dotv_wwwwwwy_om6,2020-07-01,2020-08-01,0.022690973905551595,1.0
dotv_wwwwwwy_om5,2020-07-01,2020-08-01,0.014926087765392169,1.0
dotv_wwwwwwy_om4,2020-07-01,2020-08-01,0.06272441246913503,1.0
dotv_wwwwwwy_om3,2020-07-01,2020-08-01,0.13893597352738118,1.0
dotv_wwwwwwy_om2,2020-07-01,2020-08-01,0.007094897093862316,1.0
dotv_wwwwwwy_om1,2020-07-01,2020-08-01,0.00020858378559635683,1.0
dotv_wwwwwww_om6,2020-07-01,2020-08-01,0.01951837092899562,0.9258200997725514
dotv_wwwwwww_om5,2020-07-01,2020-08-01,0.01777287052123093,1.0
dotv_wwwwwww_om4,2020-07-01,2020-08-01,0.04293445416569039,1.0
dotv_wwwwwww_om3,2020-07-01,2020-08-01,0.11792399229823372,1.0
dotv_wwwwwww_om2,2020-07-01,2020-08-01,0.009396130075014048,0.9258200997725514
dotv_wwwwwww_om1,2020-07-01,2020-08-01,0.00013520473693412138,1.0
donv_wwwwwwy_om6,2020-07-01,2020-08-01,0.006970627306300735,1.0
donv_wwwwwwy_om5,2020-07-01,2020-08-01,0.007282010431488394,1.0
donv_wwwwwwy_om4,2020-07-01,2020-08-01,0.04071682226931097,1.0
donv_wwwwwwy_om3,2020-07-01,2020-08-01,0.036591837075913514,0.9258200997725514
donv_wwwwwwy_om2,2020-07-01,2020-08-01,0.0016090441399815893,1.0
donv_wwwwwwy_om1,2020-07-01,2020-08-01,0.017502516596664408,1.0
donv_wwwwwww_om6,2020-07-01,2020-08-01,0.006405862711352284,1.0
donv_wwwwwww_om5,2020-07-01,2020-08-01,0.016317691787689766,1.0
donv_wwwwwww_om4,2020-07-01,2020-08-01,0.02407779032865381,1.0
donv_wwwwwww_om3,2020-07-01,2020-08-01,0.032322413837434394,1.0
donv_wwwwwww_om2,2020-07-01,2020-08-01,0.003726525729942679,1.0
donv_wwwwwww_om1,2020-07-01,2020-08-01,0.010748069366365073,1.0
donv_wwwpfcy_om6,2020-07-01,2020-08-01,0.00042947471223878347,1.0
donv_wwwpfcy_om5,2020-07-01,2020-08-01,6.846186692776862e-05,1.0
donv_wwwpfcy_om4,2020-07-01,2020-08-01,7.56130157102603e-05,1.0
donv_wwwpfcy_om3,2020-07-01,2020-08-01,8.74994462145388e-05,0.8944271909999159
donv_wwwpfcy_om2,2020-07-01,2020-08-01,0.0001628702562853384,0.8944271909999159
donv_wwwpfcy_om1,2020-07-01,2020-08-01,8.530227631911123e-06,1.0
donv_wwwpfcw_om6,2020-07-01,2020-08-01,0.0005305193825632157,1.0
donv_wwwpfcw_om5,2020-07-01,2020-08-01,0.00015292236356386388,1.0
donv_wwwpfcw_om4,2020-07-01,2020-08-01,0.001022240844751777,1.0
donv_wwwpfcw_om3,2020-07-01,2020-08-01,0.0005029670523736625,1.0
donv_wwwpfcw_om2,2020-07-01,2020-08-01,0.000965464455695314,1.0
donv_wwwpfcw_om1,2020-07-01,2020-08-01,0.002108454654480053,1.0
donv_wwwpfcn_om6,2020-07-01,2020-08-01,0.00016690245522957872,1.0
donv_wwwpfcn_om4,2020-07-01,2020-08-01,0.0012000823277734005,1.0
donv_wwwpfcn_om1,2020-07-01,2020-08-01,0.0028071343541653613,0.8944271909999159
donv_wwwpdly_om6,2020-07-01,2020-08-01,0.006957604350266718,1.0
donv_wwwpdly_om5,2020-07-01,2020-08-01,0.0014487066946196972,1.0
donv_wwwpdly_om4,2020-07-01,2020-08-01,0.0008802437621758825,1.0
donv_wwwpdly_om3,2020-07-01,2020-08-01,0.008962854823773502,1.0
donv_wwwpdly_om2,2020-07-01,2020-08-01,0.0009750172068011047,0.8944271909999159
donv_wwwpdly_om1,2020-07-01,2020-08-01,0.00010969820791553988,1.0
donv_wwwpdlw_om6,2020-07-01,2020-08-01,0.007508859767751881,1.0
donv_wwwpdlw_om5,2020-07-01,2020-08-01,0.0020053882883133306,1.0
donv_wwwpdlw_om4,2020-07-01,2020-08-01,0.0006351140531322144,1.0
donv_wwwpdlw_om3,2020-07-01,2020-08-01,0.0068757329945859655,1.0
donv_wwwpdlw_om2,2020-07-01,2020-08-01,0.00032030932788388027,1.0
donv_wwwpdlw_om1,2020-07-01,2020-08-01,0.00010209409939856612,1.0
donv_wwwpdln_om6,2020-07-01,2020-08-01,0.0007622611905272253,1.0
donv_wwwpdln_om5,2020-07-01,2020-08-01,0.0006319708261230562,1.0
donv_wwwpdln_om4,2020-07-01,2020-08-01,8.34356051430642e-06,1.0
donv_wwwpdln_om3,2020-07-01,2020-08-01,0.0005123328926774173,1.0
donv_wwwpdln_om2,2020-07-01,2020-08-01,3.675826043582088e-05,1.0
donv_wwwpdln_om1,2020-07-01,2020-08-01,3.5494805511512453e-06,1.0
donv_wwwofcy_om6,2020-07-01,2020-08-01,4.197447947576888e-05,1.0
donv_wwwofcy_om5,2020-07-01,2020-08-01,0.0037209719105593493,1.0
donv_wwwofcy_om4,2020-07-01,2020-08-01,2.0717904388316144e-05,1.0
donv_wwwofcy_om1,2020-07-01,2020-08-01,0.003138317024551045,1.0
donv_wwwofcw_om6,2020-07-01,2020-08-01,3.402414075074701e-05,1.0
donv_wwwofcw_om5,2020-07-01,2020-08-01,0.0005466320518020963,0.8944271909999159
donv_wwwofcw_om4,2020-07-01,2020-08-01,1.752098326279238e-05,0.8944271909999159
donv_wwwofcw_om3,2020-07-01,2020-08-01,0.00010105850041708748,0.8944271909999159
donv_wwwofcw_om2,2020-07-01,2020-08-01,0.0022109116836632942,1.0
donv_wwwofcw_om1,2020-07-01,2020-08-01,0.0007150108012694059,1.0
donv_wwwofcn_om6,2020-07-01,2020-08-01,9.494699020084879e-05,1.0
donv_wwwofcn_om5,2020-07-01,2020-08-01,0.0003863133824397866,1.0
donv_wwwofcn_om4,2020-07-01,2020-08-01,1.2878851411434037e-06,1.0
donv_wwwofcn_om3,2020-07-01,2020-08-01,0.00033597259520754994,0.8944271909999159
donv_wwwofcn_om2,2020-07-01,2020-08-01,0.0004980049608580374,1.0
donv_wwwofcn_om1,2020-07-01,2020-08-01,3.571946055317623e-05,1.0
donv_wwwmlcy_om6,2020-07-01,2020-08-01,0.0030605516360319024,1.0
donv_wwwmlcy_om5,2020-07-01,2020-08-01,0.0015522627104076355,1.0
donv_wwwmlcy_om4,2020-07-01,2020-08-01,0.0002813538662417149,1.0
donv_wwwmlcw_om6,2020-07-01,2020-08-01,0.002135386576862725,0.8944271909999159
donv_wwwmlcw_om5,2020-07-01,2020-08-01,8.823001488766472e-06,1.0
donv_wwwmlcw_om4,2020-07-01,2020-08-01,0.0006777794469020685,0.8944271909999159
donv_wwwmlcw_om2,2020-07-01,2020-08-01,0.0003638793283735743,0.8944271909999159
donv_wwwmlcw_om1,2020-07-01,2020-08-01,2.2700713198853947e-05,0.8944271909999159
donv_wwwmlcn_om6,2020-07-01,2020-08-01,0.0004522405421186501,1.0
donv_wwwmlcn_om2,2020-07-01,2020-08-01,0.00027733113358272807,1.0
donv_wwwlncy_om6,2020-07-01,2020-08-01,0.003280503794241682,1.0
donv_wwwlncy_om5,2020-07-01,2020-08-01,0.004059176790097639,1.0
donv_wwwlncy_om4,2020-07-01,2020-08-01,0.06357175421002406,1.0
donv_wwwlncy_om3,2020-07-01,2020-08-01,0.12929357507999528,1.0
donv_wwwlncy_om2,2020-07-01,2020-08-01,0.001456363993141394,1.0
donv_wwwlncy_om1,2020-07-01,2020-08-01,0.0006403555616780372,0.9258200997725516
donv_wwwlncw_om6,2020-07-01,2020-08-01,0.0029272906225908763,1.0
donv_wwwlncw_om5,2020-07-01,2020-08-01,0.0054772472287904035,1.0
donv_wwwlncw_om4,2020-07-01,2020-08-01,0.0341120648254483,1.0
donv_wwwlncw_om3,2020-07-01,2020-08-01,0.1141388580669034,1.0
donv_wwwlncw_om2,2020-07-01,2020-08-01,0.0023789902560632263,1.0
donv_wwwlncw_om1,2020-07-01,2020-08-01,0.0007662846879819918,1.0
donv_wwwlncn_om6,2020-07-01,2020-08-01,0.0004268031862867908,1.0
donv_wwwlncn_om5,2020-07-01,2020-08-01,0.0017575785938417075,1.0
donv_wwwlncn_om4,2020-07-01,2020-08-01,0.000904709680485743,1.0
donv_wwwlncn_om3,2020-07-01,2020-08-01,0.006502351785489736,1.0
donv_wwwlncn_om2,2020-07-01,2020-08-01,0.0011522473676695718,1.0
donv_wwwlncn_om1,2020-07-01,2020-08-01,0.00021072666097377636,1.0
donv_wwwlbky_om6,2020-07-01,2020-08-01,0.00023000017611374396,1.0
donv_wwwlbky_om5,2020-07-01,2020-08-01,0.0018457227510050688,1.0
donv_wwwlbky_om4,2020-07-01,2020-08-01,7.653151053293325e-05,1.0
donv_wwwlbky_om3,2020-07-01,2020-08-01,0.0024860907998855504,1.0
donv_wwwlbky_om2,2020-07-01,2020-08-01,0.0016948056547315047,1.0
donv_wwwlbky_om1,2020-07-01,2020-08-01,0.0008540631956457107,1.0
donv_wwwlbkw_om6,2020-07-01,2020-08-01,0.0004992462793217919,1.0
donv_wwwlbkw_om5,2020-07-01,2020-08-01,0.0024513427511124713,1.0
donv_wwwlbkw_om4,2020-07-01,2020-08-01,0.0001419496308350625,1.0
donv_wwwlbkw_om3,2020-07-01,2020-08-01,0.002677260669740214,0.9258200997725514
donv_wwwlbkw_om2,2020-07-01,2020-08-01,0.0018269674456239191,1.0
donv_wwwlbkw_om1,2020-07-01,2020-08-01,0.0007202645864898162,1.0
donv_wwwlbkn_om4,2020-07-01,2020-08-01,0.00012417144521503738,1.0
donv_wwwlbkn_om3,2020-07-01,2020-08-01,0.0002228736217775564,1.0
donv_wwwlbkn_om2,2020-07-01,2020-08-01,0.0001408122820628155,1.0
donv_wwwlbkn_om1,2020-07-01,2020-08-01,3.548641469561908e-06,1.0
donv_wwwcfcy_om6,2020-07-01,2020-08-01,0.00038355924963172063,1.0
donv_wwwcfcy_om5,2020-07-01,2020-08-01,0.00012486523042109544,1.0
donv_wwwcfcy_om4,2020-07-01,2020-08-01,0.0014571501182073605,1.0
donv_wwwcfcy_om3,2020-07-01,2020-08-01,2.4226134677729528e-05,1.0
donv_wwwcfcy_om2,2020-07-01,2020-08-01,0.002750442486207971,0.8944271909999159
donv_wwwcfcy_om1,2020-07-01,2020-08-01,0.0014341046627951532,0.8944271909999159
donv_wwwcfcw_om6,2020-07-01,2020-08-01,7.108304651398377e-05,0.8944271909999159
donv_wwwcfcw_om5,2020-07-01,2020-08-01,8.240425480981696e-05,1.0
donv_wwwcfcw_om4,2020-07-01,2020-08-01,0.0011190149544829887,1.0
donv_wwwcfcw_om3,2020-07-01,2020-08-01,8.152309808173454e-07,0.8944271909999159
donv_wwwcfcw_om2,2020-07-01,2020-08-01,0.0017539496336767026,0.8944271909999159
donv_wwwcfcw_om1,2020-07-01,2020-08-01,0.0009904988123047966,1.0
donv_wwwcfcn_om6,2020-07-01,2020-08-01,0.00024611640532154705,0.8944271909999159
donv_wwwcfcn_om5,2020-07-01,2020-08-01,9.122369136943784e-06,1.0
donv_wwwcfcn_om4,2020-07-01,2020-08-01,4.481004912905364e-06,0.8944271909999159
donv_wwwcfcn_om3,2020-07-01,2020-08-01,4.138995366098799e-05,0.8944271909999159
donv_wwwcfcn_om2,2020-07-01,2020-08-01,9.355928663830547e-05,1.0
donv_wwwcfcn_om1,2020-07-01,2020-08-01,6.113468969425441e-05,0.8944271909999159
donv_wwwccby_om6,2020-07-01,2020-08-01,0.003459266232510882,1.0
donv_wwwccby_om5,2020-07-01,2020-08-01,0.0022160783880834888,0.9258200997725516
donv_wwwccby_om4,2020-07-01,2020-08-01,7.35001593241871e-05,0.9258200997725514
donv_wwwccby_om3,2020-07-01,2020-08-01,1.7753912244917116e-05,0.9258200997725516
donv_wwwccby_om2,2020-07-01,2020-08-01,0.0007703591747938832,1.0
donv_wwwccby_om1,2020-07-01,2020-08-01,4.196267092556809e-05,0.9258200997725516
donv_wwwccbw_om6,2020-07-01,2020-08-01,0.0042685248182667964,0.8944271909999159
donv_wwwccbw_om5,2020-07-01,2020-08-01,0.0036221180487862594,0.9258200997725514
donv_wwwccbw_om4,2020-07-01,2020-08-01,0.00046000024620819187,0.9258200997725516
donv_wwwccbw_om3,2020-07-01,2020-08-01,0.00025080914379883363,0.9080252220734668
donv_wwwccbw_om2,2020-07-01,2020-08-01,0.001419394583714816,1.0
donv_wwwccbw_om1,2020-07-01,2020-08-01,0.00010282958726724068,1.0
donv_wwwccbn_om6,2020-07-01,2020-08-01,0.001073163949391786,0.8944271909999159
donv_wwwccbn_om5,2020-07-01,2020-08-01,0.001456227895616672,0.9258200997725514
donv_wwwccbn_om4,2020-07-01,2020-08-01,0.0004858095873511618,1.0
donv_wwwccbn_om3,2020-07-01,2020-08-01,0.00033713329558986784,0.8401680504168059
donv_wwwccbn_om2,2020-07-01,2020-08-01,0.0006532806535851948,0.9856107606091622
donv_wwwccbn_om1,2020-07-01,2020-08-01,6.420312235662365e-05,1.0
cc1v_wwwwwwy_m6,2020-07-01,2020-08-01,0.007156624419239158,0.9555555555555554
cc1v_wwwwwwy_m3,2020-07-01,2020-08-01,0.0293019507759972,0.8222222222222221
cc1v_wwwwwwy_m1,2020-07-01,2020-08-01,0.06692600121258871,0.8222222222222221
cc1v_wwwwwww_m6,2020-07-01,2020-08-01,0.002774657463754823,0.9111111111111109
cc1v_wwwwwww_m3,2020-07-01,2020-08-01,0.01818180002789293,0.6888888888888888
cc1v_wwwwwww_m1,2020-07-01,2020-08-01,0.04101328030980588,0.9111111111111109
cc1v_wwwwwwn_m6,2020-07-01,2020-08-01,0.0001275581769576698,1.0
cc1v_wwwwwwn_m3,2020-07-01,2020-08-01,4.0138866355100453e-05,1.0
cc1v_wwwwwwn_m1,2020-07-01,2020-08-01,0.0006244072787027613,0.9555555555555554
cc1v_wwwpfcy_m6,2020-07-01,2020-08-01,0.00010609914959007228,1.0
cc1v_wwwpfcy_m3,2020-07-01,2020-08-01,1.2309518586193175e-05,1.0
cc1v_wwwpfcy_m1,2020-07-01,2020-08-01,5.662742875996576e-05,1.0
cc1v_wwwpfcw_m6,2020-07-01,2020-08-01,0.0016681460572433831,1.0
cc1v_wwwpfcw_m3,2020-07-01,2020-08-01,0.0019246029099994272,1.0
cc1v_wwwpfcw_m1,2020-07-01,2020-08-01,0.0031759796489870635,0.9438798074485388
cc1v_wwwpfcn_m6,2020-07-01,2020-08-01,0.002381323721569567,1.0
cc1v_wwwpfcn_m3,2020-07-01,2020-08-01,0.0023751591814827108,1.0
cc1v_wwwpfcn_m1,2020-07-01,2020-08-01,0.0036518850046912735,0.9438798074485388
cc1v_wwwpdly_m6,2020-07-01,2020-08-01,0.008056181596336887,0.9111111111111109
cc1v_wwwpdly_m3,2020-07-01,2020-08-01,0.006023832885867021,0.9111111111111109
cc1v_wwwpdly_m1,2020-07-01,2020-08-01,0.00027403802180259195,1.0
cc1v_wwwpdlw_m6,2020-07-01,2020-08-01,0.0071839964652561815,0.8666666666666666
cc1v_wwwpdlw_m3,2020-07-01,2020-08-01,0.004896453733004749,0.9555555555555554
cc1v_wwwpdlw_m1,2020-07-01,2020-08-01,0.00029969714455926747,1.0
cc1v_wwwpdln_m6,2020-07-01,2020-08-01,0.0008004412663310139,1.0
cc1v_wwwpdln_m3,2020-07-01,2020-08-01,0.00105922960583089,0.8931884167327451
cc1v_wwwpdln_m1,2020-07-01,2020-08-01,5.0520443679864445e-05,0.9142074905486914
cc1v_wwwofcy_m6,2020-07-01,2020-08-01,7.3927132755239885e-06,0.9885710532241612
cc1v_wwwofcy_m3,2020-07-01,2020-08-01,0.0004458390446834754,0.9885710532241612
cc1v_wwwofcy_m1,2020-07-01,2020-08-01,0.003655529879412781,0.964772650936774
cc1v_wwwofcw_m6,2020-07-01,2020-08-01,0.00016162886167485474,0.9885710532241612
cc1v_wwwofcw_m3,2020-07-01,2020-08-01,0.00014781638224511032,1.0
cc1v_wwwofcw_m1,2020-07-01,2020-08-01,0.0007368113939306603,0.9885710532241612
cc1v_wwwofcn_m6,2020-07-01,2020-08-01,0.0002048757685539673,1.0
cc1v_wwwofcn_m3,2020-07-01,2020-08-01,0.0008638897116312056,0.9885710532241612
cc1v_wwwofcn_m1,2020-07-01,2020-08-01,1.9946705890205492e-05,0.9425910042369908
cc1v_wwwmlcy_m6,2020-07-01,2020-08-01,0.010640691422244277,0.9111111111111109
cc1v_wwwmlcy_m3,2020-07-01,2020-08-01,0.00011786954008977044,1.0
cc1v_wwwmlcy_m1,2020-07-01,2020-08-01,7.763433521057956e-05,1.0
cc1v_wwwmlcw_m6,2020-07-01,2020-08-01,0.003507101469806221,0.9545454545454546
cc1v_wwwmlcw_m3,2020-07-01,2020-08-01,0.0007411549769264897,0.9555555555555554
cc1v_wwwmlcw_m1,2020-07-01,2020-08-01,0.00011055652239153704,0.9545454545454546
cc1v_wwwmlcn_m6,2020-07-01,2020-08-01,0.00019949988604037408,1.0
cc1v_wwwmlcn_m3,2020-07-01,2020-08-01,0.0009270264299777051,0.9555555555555554
cc1v_wwwmlcn_m1,2020-07-01,2020-08-01,0.00016045640663119235,1.0
cc1v_wwwlncy_m6,2020-07-01,2020-08-01,0.0012990430320389207,1.0
cc1v_wwwlncy_m3,2020-07-01,2020-08-01,0.07781186588670402,0.9555555555555554
cc1v_wwwlncy_m1,2020-07-01,2020-08-01,0.001181390615166232,0.9888264649460884
cc1v_wwwlncw_m6,2020-07-01,2020-08-01,0.002956569172237604,1.0
cc1v_wwwlncw_m3,2020-07-01,2020-08-01,0.05867904526579538,1.0
cc1v_wwwlncw_m1,2020-07-01,2020-08-01,0.002819902633031987,1.0
cc1v_wwwlncn_m6,2020-07-01,2020-08-01,0.0020681058865955533,1.0
cc1v_wwwlncn_m3,2020-07-01,2020-08-01,0.0023688364502687394,1.0
cc1v_wwwlncn_m1,2020-07-01,2020-08-01,0.0020806880623090392,0.8539864924534399
cc1v_wwwlbky_m6,2020-07-01,2020-08-01,0.00775751791536509,0.9090909090909092
cc1v_wwwlbky_m3,2020-07-01,2020-08-01,0.008255702417586034,1.0
cc1v_wwwlbky_m1,2020-07-01,2020-08-01,0.06030344958740884,0.6978631577988532
cc1v_wwwlbkw_m6,2020-07-01,2020-08-01,0.007830958854113052,0.9770084209183943
cc1v_wwwlbkw_m3,2020-07-01,2020-08-01,0.00816004782111452,1.0
cc1v_wwwlbkw_m1,2020-07-01,2020-08-01,0.059099434664114964,0.7640931774583409
cc1v_wwwlbkn_m6,2020-07-01,2020-08-01,1.3746616302902396e-05,1.0
cc1v_wwwlbkn_m3,2020-07-01,2020-08-01,1.597455491729748e-05,1.0
cc1v_wwwlbkn_m1,2020-07-01,2020-08-01,1.2652996551721856e-05,1.0
cc1v_wwwcfcy_m6,2020-07-01,2020-08-01,1.6676383208218007e-05,0.9888264649460884
cc1v_wwwcfcy_m3,2020-07-01,2020-08-01,0.00016798354636545857,1.0
cc1v_wwwcfcy_m1,2020-07-01,2020-08-01,0.0014347027524309547,1.0
cc1v_wwwcfcw_m6,2020-07-01,2020-08-01,5.649831258867531e-05,0.9555555555555554
cc1v_wwwcfcw_m3,2020-07-01,2020-08-01,0.00015327508283466922,0.9770084209183943
cc1v_wwwcfcw_m1,2020-07-01,2020-08-01,0.0008621015231657204,1.0
cc1v_wwwcfcn_m6,2020-07-01,2020-08-01,0.00012987287029676551,0.8863636363636364
cc1v_wwwcfcn_m3,2020-07-01,2020-08-01,1.0410405238029926e-05,0.9047619047619048
cc1v_wwwcfcn_m1,2020-07-01,2020-08-01,0.000105957576573371,0.9888264649460884
cc1v_wwwccby_m6,2020-07-01,2020-08-01,0.0012209257442057726,0.964772650936774
cc1v_wwwccby_m3,2020-07-01,2020-08-01,0.0016462477544103096,0.964772650936774
cc1v_wwwccby_m1,2020-07-01,2020-08-01,0.00011501144879300149,0.9142074905486914
cc1v_wwwccbw_m6,2020-07-01,2020-08-01,0.0006032095306508519,0.964772650936774
cc1v_wwwccbw_m3,2020-07-01,2020-08-01,0.001450782385487425,0.964772650936774
cc1v_wwwccbw_m1,2020-07-01,2020-08-01,0.00012479514687116332,0.9523532664857336
cc1v_wwwccbn_m6,2020-07-01,2020-08-01,0.00018336705619094825,1.0
cc1v_wwwccbn_m3,2020-07-01,2020-08-01,7.742258472656069e-05,0.9888264649460884
cc1v_wwwccbn_m1,2020-07-01,2020-08-01,1.7599012788293965e-05,0.9885710532241612
vrap_wwwwww_om4,2020-07-01,2020-08-01,0.0003355078548436749,0.9555555555555554
vrap_wwwwww_om2,2020-07-01,2020-08-01,0.00016957517863401452,0.9555555555555554
vrap_wwwwww_om1,2020-07-01,2020-08-01,0.0048055626597165325,1.0
srap_wwwwww_m6,2020-07-01,2020-08-01,0.0018900621401614329,0.9555555555555554
srap_wwwwww_m3,2020-07-01,2020-08-01,0.007012468442283385,0.9111111111111109
srap_wwwwww_m1,2020-07-01,2020-08-01,0.01337356312199325,0.8666666666666666
mrap_wwwwww_m6,2020-07-01,2020-08-01,0.002987168823911155,0.8666666666666666
mrap_wwwwww_m3,2020-07-01,2020-08-01,0.007769408934843681,0.9555555555555554
mrap_wwwwww_m1,2020-07-01,2020-08-01,0.013810677359484096,0.9111111111111109
lrap_wwwwww_m6,2020-07-01,2020-08-01,0.003654661686660945,0.8222222222222221
lrap_wwwwww_m3,2020-07-01,2020-08-01,0.006263462914329309,0.9555555555555554
lrap_wwwwww_m1,2020-07-01,2020-08-01,0.011394210637364231,0.7333333333333333
dotp_wwwwww_om6,2020-07-01,2020-08-01,0.0004461541900415799,1.0
dotp_wwwwww_om5,2020-07-01,2020-08-01,0.0022992683900708052,1.0
dotp_wwwwww_om4,2020-07-01,2020-08-01,0.007309665380340359,1.0
dotp_wwwwww_om3,2020-07-01,2020-08-01,0.01810085387603465,1.0
dotp_wwwwww_om2,2020-07-01,2020-08-01,0.02544324284051729,1.0
dotp_wwwwww_om1,2020-07-01,2020-08-01,0.019600936018661884,0.9258200997725516
dogp_wwwwww_om6,2020-07-01,2020-08-01,0.0053771037840363994,0.9128709291752768
dogp_wwwwww_om5,2020-07-01,2020-08-01,6.086258968046565e-05,1.0
dogp_wwwwww_om4,2020-07-01,2020-08-01,0.00017869450355458347,1.0
dogp_wwwwww_om3,2020-07-01,2020-08-01,0.00010913094850701278,1.0
dogp_wwwwww_om2,2020-07-01,2020-08-01,0.0010824470623248077,1.0
dogp_wwwwww_om1,2020-07-01,2020-08-01,0.013352125043884949,1.0
dogp_wwwpfc_om6,2020-07-01,2020-08-01,0.00045426820150994433,1.0
dogp_wwwpfc_om5,2020-07-01,2020-08-01,0.00043526034109915665,1.0
dogp_wwwpfc_om4,2020-07-01,2020-08-01,7.548131134458456e-05,1.0
dogp_wwwpfc_om3,2020-07-01,2020-08-01,4.9043757630749746e-06,1.0
dogp_wwwpfc_om2,2020-07-01,2020-08-01,4.335547669439819e-05,1.0
dogp_wwwpfc_om1,2020-07-01,2020-08-01,0.0004292070115217404,1.0
dogp_wwwpdl_om6,2020-07-01,2020-08-01,5.7674683297322156e-05,1.0
dogp_wwwpdl_om5,2020-07-01,2020-08-01,2.6933225852342e-06,1.0
dogp_wwwpdl_om4,2020-07-01,2020-08-01,4.811945265425489e-06,1.0
dogp_wwwpdl_om3,2020-07-01,2020-08-01,8.127237335161363e-06,1.0
dogp_wwwpdl_om2,2020-07-01,2020-08-01,6.556085648405232e-06,0.8944271909999159
dogp_wwwpdl_om1,2020-07-01,2020-08-01,4.833409296123128e-06,1.0
dogp_wwwofc_om5,2020-07-01,2020-08-01,0.00011650247787092285,1.0
dogp_wwwofc_om4,2020-07-01,2020-08-01,1.1434178287580922e-07,1.0
dogp_wwwmlc_om6,2020-07-01,2020-08-01,5.374334783494332e-06,1.0
dogp_wwwmlc_om4,2020-07-01,2020-08-01,2.328635521157032e-06,1.0
dogp_wwwmlc_om2,2020-07-01,2020-08-01,2.0596151256946402e-08,1.0
dogp_wwwmlc_om1,2020-07-01,2020-08-01,4.5313151818766664e-06,1.0
dogp_wwwlnc_om6,2020-07-01,2020-08-01,6.0158331040006235e-05,0.9258200997725516
dogp_wwwlnc_om5,2020-07-01,2020-08-01,0.0003679613397883468,1.0
dogp_wwwlnc_om4,2020-07-01,2020-08-01,0.00010361442576048484,1.0
dogp_wwwlnc_om3,2020-07-01,2020-08-01,0.0001014857714905173,0.947330933431342
dogp_wwwlnc_om2,2020-07-01,2020-08-01,2.194176136062151e-05,0.8285714285714285
dogp_wwwlnc_om1,2020-07-01,2020-08-01,0.0004759505979818791,0.9487179487179488
dogp_wwwlbk_om6,2020-07-01,2020-08-01,0.010696171424395743,1.0
dogp_wwwlbk_om5,2020-07-01,2020-08-01,0.002531529611078309,1.0
dogp_wwwlbk_om4,2020-07-01,2020-08-01,0.00031847769763981035,0.9473309334313418
dogp_wwwlbk_om3,2020-07-01,2020-08-01,4.4170040343488437e-05,0.9258200997725514
dogp_wwwlbk_om2,2020-07-01,2020-08-01,0.0007150770074092379,1.0
dogp_wwwlbk_om1,2020-07-01,2020-08-01,0.01024854401694455,1.0
dogp_wwwcfc_om6,2020-07-01,2020-08-01,1.4446766163734354e-05,0.8944271909999159
dogp_wwwcfc_om5,2020-07-01,2020-08-01,5.000945903540114e-06,1.0
dogp_wwwcfc_om4,2020-07-01,2020-08-01,2.3855809420625493e-06,0.8944271909999159
dogp_wwwcfc_om3,2020-07-01,2020-08-01,1.6408814220567918e-06,0.8944271909999159
dogp_wwwcfc_om2,2020-07-01,2020-08-01,9.518435992584827e-07,1.0
dogp_wwwcfc_om1,2020-07-01,2020-08-01,2.2635026877857127e-05,0.8944271909999159
dogp_wwwccb_om6,2020-07-01,2020-08-01,7.555119525159028e-05,0.9414688716912718
dogp_wwwccb_om5,2020-07-01,2020-08-01,0.0003315849437029252,1.0
dogp_wwwccb_om4,2020-07-01,2020-08-01,0.00011102104748860037,1.0
dogp_wwwccb_om3,2020-07-01,2020-08-01,6.529948438783492e-06,0.9258200997725516
dogp_wwwccb_om2,2020-07-01,2020-08-01,0.00017761687074869124,0.9258200997725516
dogp_wwwccb_om1,2020-07-01,2020-08-01,0.007766235809854155,1.0
cc1p_wwwwww_m6,2020-07-01,2020-08-01,0.0005771231013230322,1.0
cc1p_wwwwww_m3,2020-07-01,2020-08-01,0.005468023993169004,1.0
cc1p_wwwwww_m1,2020-07-01,2020-08-01,0.010207771333847223,1.0
cc1p_wwwpfc_m6,2020-07-01,2020-08-01,0.0002627986226620477,1.0
cc1p_wwwpfc_m3,2020-07-01,2020-08-01,0.00023281953048173888,1.0
cc1p_wwwpfc_m1,2020-07-01,2020-08-01,0.00025522364854893423,0.9555555555555554
cc1p_wwwpdl_m6,2020-07-01,2020-08-01,0.00026304687703855833,0.8222222222222221
cc1p_wwwpdl_m3,2020-07-01,2020-08-01,0.0010381720264978807,0.7777777777777777
cc1p_wwwpdl_m1,2020-07-01,2020-08-01,0.0008532206448951735,0.9487179487179488
cc1p_wwwofc_m6,2020-07-01,2020-08-01,0.00045810841508073935,0.9111111111111109
cc1p_wwwofc_m3,2020-07-01,2020-08-01,0.0004988932542333242,0.9555555555555554
cc1p_wwwofc_m1,2020-07-01,2020-08-01,0.0017207308036479092,0.9142074905486914
cc1p_wwwmlc_m6,2020-07-01,2020-08-01,1.1446078072222935e-05,1.0
cc1p_wwwmlc_m3,2020-07-01,2020-08-01,1.469548894688851e-05,1.0
cc1p_wwwmlc_m1,2020-07-01,2020-08-01,2.899173532671374e-06,0.9523809523809522
cc1p_wwwlnc_m6,2020-07-01,2020-08-01,0.0011064776668317474,1.0
cc1p_wwwlnc_m3,2020-07-01,2020-08-01,0.00020549185704777726,0.9111111111111109
cc1p_wwwlnc_m1,2020-07-01,2020-08-01,0.0003944991953335352,1.0
cc1p_wwwlbk_m6,2020-07-01,2020-08-01,0.0008126539083058631,0.8666666666666666
cc1p_wwwlbk_m3,2020-07-01,2020-08-01,0.006846746127778109,1.0
cc1p_wwwlbk_m1,2020-07-01,2020-08-01,0.013074280007807205,1.0
cc1p_wwwcfc_m6,2020-07-01,2020-08-01,4.002262350080658e-06,0.9555555555555554
cc1p_wwwcfc_m3,2020-07-01,2020-08-01,4.3957476384286575e-06,1.0
cc1p_wwwcfc_m1,2020-07-01,2020-08-01,6.8329904246552575e-06,0.9545454545454546
cc1p_wwwccb_m6,2020-07-01,2020-08-01,0.002420805998415773,0.8989331499509895
cc1p_wwwccb_m3,2020-07-01,2020-08-01,0.0038971263374823865,0.9555555555555554
cc1p_wwwccb_m1,2020-07-01,2020-08-01,0.005713528293518999,1.0
dotr_wwwwww_om6,2020-07-01,2020-08-01,0.004495591905780132,1.0
dotr_wwwwww_om4,2020-07-01,2020-08-01,0.003352855155533882,1.0
dotr_wwwwww_om3,2020-07-01,2020-08-01,0.004961355773429764,0.947330933431342
dotr_wwwwww_om2,2020-07-01,2020-08-01,0.0021551550519278147,0.9258200997725516
dotr_wwwwww_om1,2020-07-01,2020-08-01,0.002355669934594007,0.9258200997725514
donr_wwwwww_om6,2020-07-01,2020-08-01,0.0011416637927414127,1.0
donr_wwwwww_om5,2020-07-01,2020-08-01,0.0002657522802649469,1.0
donr_wwwwww_om4,2020-07-01,2020-08-01,0.0010886475704029069,1.0
donr_wwwwww_om3,2020-07-01,2020-08-01,0.00392212109714821,1.0
donr_wwwwww_om2,2020-07-01,2020-08-01,0.015237249469859269,1.0
donr_wwwwww_om1,2020-07-01,2020-08-01,0.005309391258391957,1.0
donr_wwwpdl_om6,2020-07-01,2020-08-01,0.0002650385454381059,0.8944271909999159
donr_wwwpdl_om5,2020-07-01,2020-08-01,0.0007571148955233767,1.0
donr_wwwpdl_om4,2020-07-01,2020-08-01,0.005134198735245876,1.0
donr_wwwpdl_om3,2020-07-01,2020-08-01,6.675407577651735e-05,1.0
donr_wwwpdl_om2,2020-07-01,2020-08-01,0.002328382315795673,1.0
donr_wwwpdl_om1,2020-07-01,2020-08-01,0.0005018764279309309,1.0
donr_wwwofc_om6,2020-07-01,2020-08-01,6.709132593986408e-06,1.0
donr_wwwmlc_om3,2020-07-01,2020-08-01,2.1308546335171866e-05,0.8416254115301732
donr_wwwlnc_om6,2020-07-01,2020-08-01,0.005275675937432302,1.0
donr_wwwlnc_om5,2020-07-01,2020-08-01,0.0017434208093448616,1.0
donr_wwwlnc_om4,2020-07-01,2020-08-01,0.004356775953889985,1.0
donr_wwwlnc_om3,2020-07-01,2020-08-01,0.005282590083448903,1.0
donr_wwwlnc_om2,2020-07-01,2020-08-01,0.001119964048815338,1.0
donr_wwwlnc_om1,2020-07-01,2020-08-01,0.0015782309512026044,1.0
donr_wwwcfc_om5,2020-07-01,2020-08-01,0.0004986300786049861,0.8416254115301732
donr_wwwccb_om1,2020-07-01,2020-08-01,4.077336588000376e-06,1.0
cc1r_wwwwww_m6,2020-07-01,2020-08-01,0.0004503801584476637,1.0
cc1r_wwwwww_m3,2020-07-01,2020-08-01,0.0002336909549384148,1.0
cc1r_wwwpfc_m6,2020-07-01,2020-08-01,3.409922342115674e-05,0.8837209302325583
cc1r_wwwpfc_m3,2020-07-01,2020-08-01,9.915310321481447e-06,0.8052627168725033
cc1r_wwwpfc_m1,2020-07-01,2020-08-01,3.0093746474127612e-06,0.8770580193070292
cc1r_wwwpdl_m6,2020-07-01,2020-08-01,0.0007247260665336096,1.0
cc1r_wwwpdl_m3,2020-07-01,2020-08-01,0.0001820295510976645,1.0
cc1r_wwwpdl_m1,2020-07-01,2020-08-01,0.0005528709399687002,0.8812021902246507
cc1r_wwwofc_m6,2020-07-01,2020-08-01,0.000262686439691618,1.0
cc1r_wwwofc_m3,2020-07-01,2020-08-01,0.0001976597883565672,0.9304842103984708
cc1r_wwwofc_m1,2020-07-01,2020-08-01,0.0008026968595050584,0.8717948717948718
cc1r_wwwmlc_m6,2020-07-01,2020-08-01,1.113014114341943e-05,1.0
cc1r_wwwmlc_m3,2020-07-01,2020-08-01,2.238964419958422e-05,1.0
cc1r_wwwmlc_m1,2020-07-01,2020-08-01,3.7414053709694814e-07,1.0
cc1r_wwwlnc_m6,2020-07-01,2020-08-01,0.0007703690022604201,0.9770084209183943
cc1r_wwwlnc_m3,2020-07-01,2020-08-01,0.0026933759455208648,0.9770084209183943
cc1r_wwwlnc_m1,2020-07-01,2020-08-01,0.0009763630722151177,0.952651016459082
cc1r_wwwlbk_m6,2020-07-01,2020-08-01,4.843201299862552e-05,1.0
cc1r_wwwlbk_m3,2020-07-01,2020-08-01,1.7940316946428037e-05,0.9555555555555554
cc1r_wwwlbk_m1,2020-07-01,2020-08-01,0.00029211121246239854,0.8666666666666666
cc1r_wwwcfc_m6,2020-07-01,2020-08-01,3.142597048160727e-05,1.0
cc1r_wwwcfc_m3,2020-07-01,2020-08-01,0.00014196411843721222,0.9880235200593536
cc1r_wwwccb_m6,2020-07-01,2020-08-01,1.887916454070342e-05,0.951189731211342
cc1r_wwwccb_m3,2020-07-01,2020-08-01,3.1640367136153734e-06,1.0
cc1r_wwwccb_m1,2020-07-01,2020-08-01,1.1288690267005141e-05,0.9473309334313418
soao_wwwwwwwwwww_m6,2020-07-01,2020-08-01,0.12926218974853046,1.0
soao_wwwwwwwwwww_m3,2020-07-01,2020-08-01,0.3624063670131641,0.9111111111111109
soao_wwwwwwwwwww_m1,2020-07-01,2020-08-01,0.1400140097854902,0.9555555555555554
modo_wwwwwwwwwww_m6,2020-07-01,2020-08-01,0.07763652447359573,0.9555555555555554
modo_wwwwwwwwwww_m3,2020-07-01,2020-08-01,0.04204464400464741,0.9555555555555554
modo_wwwwwwwwwww_m1,2020-07-01,2020-08-01,0.025804184825826814,0.7777777777777777
moao_wwwwwwwwwww_m6,2020-07-01,2020-08-01,0.12097602003167553,0.9111111111111109
moao_wwwwwwwwwww_m3,2020-07-01,2020-08-01,0.36218810511018396,0.9555555555555554
moao_wwwwwwwwwww_m1,2020-07-01,2020-08-01,0.1400605181002628,0.9111111111111109
dono_wwwwwwwwwww_om6,2020-07-01,2020-08-01,0.8178203586971322,0.9142074905486914
dono_wwwwwwwwwww_om5,2020-07-01,2020-08-01,0.12323038857890613,1.0
dono_wwwwwwwwwww_om4,2020-07-01,2020-08-01,0.016457580164730957,1.0
dono_wwwwwwwwwww_om3,2020-07-01,2020-08-01,0.01978157458027029,1.0
dono_wwwwwwwwwww_om2,2020-07-01,2020-08-01,0.06976113076099866,1.0
dono_wwwwwwwwwww_om1,2020-07-01,2020-08-01,0.04089360794864196,1.0
dono_wwwwwwwwoa4_om6,2020-07-01,2020-08-01,3.1458815302181863e-06,0.947330933431342
dono_wwwwwwwwoa4_om5,2020-07-01,2020-08-01,0.012134988671975265,1.0
dono_wwwwwwwwoa4_om4,2020-07-01,2020-08-01,0.00015835972700909806,0.9258200997725516
dono_wwwwwwwwoa4_om3,2020-07-01,2020-08-01,0.0005220136372348085,1.0
dono_wwwwwwwwoa4_om2,2020-07-01,2020-08-01,0.005794534287108347,1.0
dono_wwwwwwwwoa4_om1,2020-07-01,2020-08-01,0.002185509249123528,1.0
dono_wwwwwwwwoa3_om6,2020-07-01,2020-08-01,0.005480469320300125,0.9636241116594316
dono_wwwwwwwwoa3_om5,2020-07-01,2020-08-01,0.0144469755836482,1.0
dono_wwwwwwwwoa3_om4,2020-07-01,2020-08-01,0.0037589990001180157,1.0
dono_wwwwwwwwoa3_om3,2020-07-01,2020-08-01,0.002404257909305645,1.0
dono_wwwwwwwwoa3_om2,2020-07-01,2020-08-01,0.015183778269120568,0.8770580193070292
dono_wwwwwwwwoa3_om1,2020-07-01,2020-08-01,0.009293674670919364,0.9258200997725514
dono_wwwwwwwwoa2_om6,2020-07-01,2020-08-01,0.008757071826140026,1.0
dono_wwwwwwwwoa2_om5,2020-07-01,2020-08-01,0.013775678089043682,1.0
dono_wwwwwwwwoa2_om4,2020-07-01,2020-08-01,0.002502957325149973,1.0
dono_wwwwwwwwoa2_om3,2020-07-01,2020-08-01,0.0011890553920527215,1.0
dono_wwwwwwwwoa2_om2,2020-07-01,2020-08-01,0.008910293638595834,1.0
dono_wwwwwwwwoa2_om1,2020-07-01,2020-08-01,0.0071537868955092515,1.0
dono_wwwwwwwwoa1_om6,2020-07-01,2020-08-01,1.0500643459956411,0.947330933431342
dono_wwwwwwwwoa1_om5,2020-07-01,2020-08-01,0.0975288869760356,1.0
dono_wwwwwwwwoa1_om4,2020-07-01,2020-08-01,0.011641526335915791,1.0
dono_wwwwwwwwoa1_om3,2020-07-01,2020-08-01,0.01664576014856428,1.0
dono_wwwwwwwwoa1_om2,2020-07-01,2020-08-01,0.04300978588379687,1.0
dono_wwwwwwwwoa1_om1,2020-07-01,2020-08-01,0.025657881242973257,1.0
dono_wwwwwwm4www_om6,2020-07-01,2020-08-01,0.0010171603338055269,0.9473309334313418
dono_wwwwwwm4www_om5,2020-07-01,2020-08-01,0.01056466386922675,1.0
dono_wwwwwwm4www_om4,2020-07-01,2020-08-01,0.0006451984599357728,0.9473309334313418
dono_wwwwwwm4www_om3,2020-07-01,2020-08-01,0.0010911388002422012,1.0
dono_wwwwwwm4www_om2,2020-07-01,2020-08-01,0.002774896154274427,1.0
dono_wwwwwwm4www_om1,2020-07-01,2020-08-01,0.0021946102813521517,1.0
dono_wwwwwwm3www_om6,2020-07-01,2020-08-01,0.0014017766575368774,0.947330933431342
dono_wwwwwwm3www_om5,2020-07-01,2020-08-01,0.0031437845098014577,0.9473309334313418
dono_wwwwwwm3www_om4,2020-07-01,2020-08-01,0.00040527044013543033,1.0
dono_wwwwwwm3www_om3,2020-07-01,2020-08-01,0.0005243390768896277,1.0
dono_wwwwwwm3www_om2,2020-07-01,2020-08-01,0.0009832163300264557,1.0
dono_wwwwwwm3www_om1,2020-07-01,2020-08-01,0.003199742730144077,1.0
dono_wwwwwwm2www_om6,2020-07-01,2020-08-01,0.002416678956830747,0.9258200997725516
dono_wwwwwwm2www_om5,2020-07-01,2020-08-01,0.0030494615419014762,0.9258200997725516
dono_wwwwwwm2www_om4,2020-07-01,2020-08-01,0.0002477445751351146,0.9473309334313418
dono_wwwwwwm2www_om3,2020-07-01,2020-08-01,0.0008186074703706911,1.0
dono_wwwwwwm2www_om2,2020-07-01,2020-08-01,0.00177123823882103,1.0
dono_wwwwwwm2www_om1,2020-07-01,2020-08-01,0.0029834292467305398,0.8770580193070292
dono_wwwwwwm1www_om6,2020-07-01,2020-08-01,0.002965614039391613,1.0
dono_wwwwwwm1www_om5,2020-07-01,2020-08-01,0.029705669591560437,0.9473309334313418
dono_wwwwwwm1www_om4,2020-07-01,2020-08-01,0.0009698814304056928,1.0
dono_wwwwwwm1www_om3,2020-07-01,2020-08-01,0.0011504156664605874,0.9258200997725514
dono_wwwwwwm1www_om2,2020-07-01,2020-08-01,0.005318075961064978,1.0
dono_wwwwwwm1www_om1,2020-07-01,2020-08-01,0.0062563536220217025,1.0
cc1o_wwwwwwwwwww_m6,2020-07-01,2020-08-01,0.2181548132463871,0.8666666666666666
cc1o_wwwwwwwwwww_m3,2020-07-01,2020-08-01,0.3633678940723567,1.0
cc1o_wwwwwwwwwww_m1,2020-07-01,2020-08-01,0.14113601224402011,1.0
cc1o_wwwwwwwwoa4_m6,2020-07-01,2020-08-01,0.022760588963930028,0.9555555555555554
cc1o_wwwwwwwwoa4_m3,2020-07-01,2020-08-01,0.013983304627680344,0.9555555555555554
cc1o_wwwwwwwwoa4_m1,2020-07-01,2020-08-01,0.0063716149223613855,0.9555555555555554
cc1o_wwwwwwwwoa3_m6,2020-07-01,2020-08-01,0.0936531007477922,1.0
cc1o_wwwwwwwwoa3_m3,2020-07-01,2020-08-01,0.055381245230712486,1.0
cc1o_wwwwwwwwoa3_m1,2020-07-01,2020-08-01,0.03192012786930054,1.0
cc1o_wwwwwwwwoa2_m6,2020-07-01,2020-08-01,0.0774697586760962,1.0
cc1o_wwwwwwwwoa2_m3,2020-07-01,2020-08-01,0.03232189548543643,1.0
cc1o_wwwwwwwwoa2_m1,2020-07-01,2020-08-01,0.016767196851045517,1.0
cc1o_wwwwwwwwoa1_m6,2020-07-01,2020-08-01,0.34596879341623105,1.0
cc1o_wwwwwwwwoa1_m3,2020-07-01,2020-08-01,0.187862037552998,1.0
cc1o_wwwwwwwwoa1_m1,2020-07-01,2020-08-01,0.0805498167430623,1.0
cc1o_wwwwwwm4www_m6,2020-07-01,2020-08-01,0.02597718641954155,0.9111111111111109
cc1o_wwwwwwm4www_m3,2020-07-01,2020-08-01,0.015794717633880843,0.7333333333333333
cc1o_wwwwwwm4www_m1,2020-07-01,2020-08-01,0.010476294667352549,0.8222222222222221
cc1o_wwwwwwm3www_m6,2020-07-01,2020-08-01,0.017975439998518757,1.0
cc1o_wwwwwwm3www_m3,2020-07-01,2020-08-01,0.010466750124475285,0.9555555555555554
cc1o_wwwwwwm3www_m1,2020-07-01,2020-08-01,0.008889307729153079,0.9555555555555554
cc1o_wwwwwwm2www_m6,2020-07-01,2020-08-01,0.01979307651358964,1.0
cc1o_wwwwwwm2www_m3,2020-07-01,2020-08-01,0.010081453654885277,0.8666666666666666
cc1o_wwwwwwm2www_m1,2020-07-01,2020-08-01,0.005874367877442461,0.9545454545454546
cc1o_wwwwwwm1www_m6,2020-07-01,2020-08-01,0.041565673120777635,0.9555555555555554
cc1o_wwwwwwm1www_m3,2020-07-01,2020-08-01,0.01946168795275207,0.9888264649460884
cc1o_wwwwwwm1www_m1,2020-07-01,2020-08-01,0.013324419364633805,0.9545454545454546
cc1o_wwwpfcwwwww_m6,2020-07-01,2020-08-01,0.014102019100533422,0.9545454545454546
cc1o_wwwpfcwwwww_m3,2020-07-01,2020-08-01,0.007108340649323634,1.0
cc1o_wwwpfcwwwww_m1,2020-07-01,2020-08-01,0.003548849384533515,0.9090909090909092
cc1o_wwwpdlwwwww_m6,2020-07-01,2020-08-01,0.01697481204429114,1.0
cc1o_wwwpdlwwwww_m3,2020-07-01,2020-08-01,0.011730421305038864,0.9555555555555554
cc1o_wwwpdlwwwww_m1,2020-07-01,2020-08-01,0.006017853293816119,1.0
cc1o_wwwofcwwwww_m6,2020-07-01,2020-08-01,0.0106870631186195,1.0
cc1o_wwwofcwwwww_m3,2020-07-01,2020-08-01,0.0058424358945136316,0.9545454545454546
cc1o_wwwofcwwwww_m1,2020-07-01,2020-08-01,0.001402471784831925,0.9636241116594314
cc1o_wwwmlcwwwww_m6,2020-07-01,2020-08-01,0.00249939813807846,0.8666666666666666
cc1o_wwwmlcwwwww_m3,2020-07-01,2020-08-01,0.000596535074810403,0.9555555555555554
cc1o_wwwmlcwwwww_m1,2020-07-01,2020-08-01,0.0006370865938408617,0.9304842103984708
cc1o_wwwlncwwwww_m6,2020-07-01,2020-08-01,0.08703639421576931,1.0
cc1o_wwwlncwwwww_m3,2020-07-01,2020-08-01,0.0490926572372656,1.0
cc1o_wwwlncwwwww_m1,2020-07-01,2020-08-01,0.0231683404867196,0.9555555555555554
cc1o_wwwlbkwwwww_m6,2020-07-01,2020-08-01,0.04736193160287923,0.9111111111111109
cc1o_wwwlbkwwwww_m3,2020-07-01,2020-08-01,0.03204839271209281,0.8666666666666666
cc1o_wwwlbkwwwww_m1,2020-07-01,2020-08-01,0.021234456535111686,0.9555555555555554
cc1o_wwwcfcwwwww_m6,2020-07-01,2020-08-01,0.014069657794847444,0.9555555555555554
cc1o_wwwcfcwwwww_m3,2020-07-01,2020-08-01,0.009338084790362987,1.0
cc1o_wwwcfcwwwww_m1,2020-07-01,2020-08-01,0.0029556085339353076,1.0
cc1o_wwwccbwwwww_m6,2020-07-01,2020-08-01,0.08805409515663504,0.9555555555555554
cc1o_wwwccbwwwww_m3,2020-07-01,2020-08-01,0.034309390452947335,0.9555555555555554
cc1o_wwwccbwwwww_m1,2020-07-01,2020-08-01,0.02118527485511593,0.9555555555555554
soto_pfcww_m6,2020-07-01,2020-08-01,2.7953026960664673e-05,1.0
soto_pfcww_m3,2020-07-01,2020-08-01,0.00034676202949936803,0.9111111111111109
soto_pfcww_m1,2020-07-01,2020-08-01,0.00010795233270240908,1.0
soto_pfcm8_m6,2020-07-01,2020-08-01,5.57858758576934e-07,1.0
soto_pfcm8_m3,2020-07-01,2020-08-01,2.6842626728062e-06,1.0
soto_pfcm8_m1,2020-07-01,2020-08-01,0.00010210777434818268,0.9111111111111109
soto_pfcm7_m6,2020-07-01,2020-08-01,3.1142838667950646e-05,1.0
soto_pfcm7_m3,2020-07-01,2020-08-01,4.454709806259392e-06,0.6888888888888888
soto_pfcm7_m1,2020-07-01,2020-08-01,6.832686816570238e-06,0.9111111111111109
soto_pfcm6_m6,2020-07-01,2020-08-01,1.306945271373028e-05,1.0
soto_pfcm6_m3,2020-07-01,2020-08-01,2.8337856669011414e-05,1.0
soto_pfcm6_m1,2020-07-01,2020-08-01,5.072201741322641e-06,0.9555555555555554
soto_pfcm5_m6,2020-07-01,2020-08-01,7.606380661629637e-05,0.9555555555555554
soto_pfcm5_m3,2020-07-01,2020-08-01,0.00011229206798129849,0.8222222222222221
soto_pfcm5_m1,2020-07-01,2020-08-01,1.4405204831869265e-05,1.0
soto_pdlww_m6,2020-07-01,2020-08-01,0.0006865455521644037,0.9111111111111109
soto_pdlww_m3,2020-07-01,2020-08-01,0.0009342961547559002,0.8222222222222221
soto_pdlww_m1,2020-07-01,2020-08-01,0.0005196932927369649,1.0
soto_pdlm8_m6,2020-07-01,2020-08-01,5.4018268953773925e-06,0.9414688716912718
soto_pdlm8_m3,2020-07-01,2020-08-01,4.303246533300064e-05,0.947330933431342
soto_pdlm8_m1,2020-07-01,2020-08-01,2.367740898406999e-06,1.0
soto_pdlm7_m6,2020-07-01,2020-08-01,3.6733966422563386e-06,1.0
soto_pdlm7_m3,2020-07-01,2020-08-01,9.963172056752949e-06,1.0
soto_pdlm7_m1,2020-07-01,2020-08-01,0.0012246224879731956,0.9128709291752768
soto_pdlm6_m6,2020-07-01,2020-08-01,0.000218302472915714,0.9555555555555554
soto_pdlm6_m3,2020-07-01,2020-08-01,0.00024653840982916873,0.9555555555555554
soto_pdlm6_m1,2020-07-01,2020-08-01,1.5453472433797384e-05,1.0
soto_pdlm5_m6,2020-07-01,2020-08-01,0.00026188624618592925,0.8222222222222221
soto_pdlm5_m3,2020-07-01,2020-08-01,0.0001675606861342309,0.6444444444444444
soto_pdlm5_m1,2020-07-01,2020-08-01,0.0009377941130762488,0.6
soto_ofcww_m6,2020-07-01,2020-08-01,0.00039144622791543153,0.9555555555555554
soto_ofcww_m3,2020-07-01,2020-08-01,0.0004329706329716557,0.9555555555555554
soto_ofcww_m1,2020-07-01,2020-08-01,0.0009159485527610744,0.8666666666666666
soto_ofcm8_m6,2020-07-01,2020-08-01,1.6718627198652703e-05,0.9555555555555554
soto_ofcm8_m3,2020-07-01,2020-08-01,2.486618813614082e-05,1.0
soto_ofcm8_m1,2020-07-01,2020-08-01,4.842930638821186e-05,0.9555555555555554
soto_ofcm7_m6,2020-07-01,2020-08-01,5.899198999255669e-05,0.6888888888888888
soto_ofcm7_m3,2020-07-01,2020-08-01,7.336143918822586e-05,0.8222222222222221
soto_ofcm7_m1,2020-07-01,2020-08-01,0.00011781108094877871,0.7777777777777777
soto_ofcm6_m6,2020-07-01,2020-08-01,1.9446901052747713e-06,1.0
soto_ofcm6_m3,2020-07-01,2020-08-01,0.00014130669036271706,0.8222222222222221
soto_ofcm6_m1,2020-07-01,2020-08-01,8.236092237616669e-05,0.6
soto_ofcm5_m6,2020-07-01,2020-08-01,0.0011693023117791046,1.0
soto_ofcm5_m3,2020-07-01,2020-08-01,7.163283085539443e-05,1.0
soto_ofcm5_m1,2020-07-01,2020-08-01,7.457973544792719e-05,0.9111111111111109
soto_mlcww_m6,2020-07-01,2020-08-01,7.825020822423186e-05,1.0
soto_mlcww_m3,2020-07-01,2020-08-01,0.0011324965350511661,0.9111111111111109
soto_mlcww_m1,2020-07-01,2020-08-01,2.832986014342501e-06,1.0
soto_mlcm8_m6,2020-07-01,2020-08-01,1.8453404442967467e-05,1.0
soto_mlcm8_m3,2020-07-01,2020-08-01,8.891485627430088e-06,0.9555555555555554
soto_mlcm8_m1,2020-07-01,2020-08-01,5.372860353230164e-07,1.0
soto_mlcm7_m6,2020-07-01,2020-08-01,5.1509204589931e-07,1.0
soto_mlcm7_m3,2020-07-01,2020-08-01,1.8191687934707432e-05,0.9555555555555554
soto_mlcm7_m1,2020-07-01,2020-08-01,3.9483614464590295e-06,1.0
soto_mlcm6_m6,2020-07-01,2020-08-01,1.2734891736204846e-07,0.9555555555555554
soto_mlcm6_m3,2020-07-01,2020-08-01,1.0892802887379314e-05,0.9555555555555554
soto_mlcm6_m1,2020-07-01,2020-08-01,1.4903058429427097e-06,1.0
soto_mlcm5_m6,2020-07-01,2020-08-01,0.00019587033817440372,1.0
soto_mlcm5_m3,2020-07-01,2020-08-01,0.001997378703569957,0.9111111111111109
soto_mlcm5_m1,2020-07-01,2020-08-01,5.043115739012506e-06,1.0
soto_lncww_m6,2020-07-01,2020-08-01,0.0006883489035233015,0.9111111111111109
soto_lncww_m3,2020-07-01,2020-08-01,0.0012886256870220725,0.9111111111111109
soto_lncww_m1,2020-07-01,2020-08-01,0.005121241002451002,0.7777777777777777
soto_lncm8_m6,2020-07-01,2020-08-01,0.00015541149740551258,0.8222222222222221
soto_lncm8_m3,2020-07-01,2020-08-01,0.0002904938748229159,0.9555555555555554
soto_lncm8_m1,2020-07-01,2020-08-01,0.0010026191883521014,0.9888264649460884
soto_lncm7_m6,2020-07-01,2020-08-01,0.001686289380378289,0.9111111111111109
soto_lncm7_m3,2020-07-01,2020-08-01,0.0013066160535405006,0.9555555555555554
soto_lncm7_m1,2020-07-01,2020-08-01,0.010055741622780652,0.8222222222222221
soto_lncm6_m6,2020-07-01,2020-08-01,8.547092637297294e-05,1.0
soto_lncm6_m3,2020-07-01,2020-08-01,0.0003468142362179868,0.8666666666666666
soto_lncm6_m1,2020-07-01,2020-08-01,0.0001107566242328777,0.9111111111111109
soto_lncm5_m6,2020-07-01,2020-08-01,7.46105325816244e-05,1.0
soto_lncm5_m3,2020-07-01,2020-08-01,0.00010837497829708428,0.9888264649460884
soto_lncm5_m1,2020-07-01,2020-08-01,0.0004837295659460024,0.9111111111111109
soto_lbkww_m6,2020-07-01,2020-08-01,0.00021915111060569442,1.0
soto_lbkww_m3,2020-07-01,2020-08-01,0.0008597338130130339,0.9111111111111109
soto_lbkww_m1,2020-07-01,2020-08-01,0.0006715916929224543,1.0
soto_lbkm8_m6,2020-07-01,2020-08-01,5.129399781762577e-05,1.0
soto_lbkm8_m3,2020-07-01,2020-08-01,2.5460385102593867e-05,0.9555555555555554
soto_lbkm8_m1,2020-07-01,2020-08-01,0.00012278910200104215,0.6888888888888888
soto_lbkm7_m6,2020-07-01,2020-08-01,0.00017931615936348552,0.9555555555555554
soto_lbkm7_m3,2020-07-01,2020-08-01,0.00027116032823928216,1.0
soto_lbkm7_m1,2020-07-01,2020-08-01,4.6951936793170344e-05,0.9555555555555554
soto_lbkm6_m6,2020-07-01,2020-08-01,0.00013602978175111252,1.0
soto_lbkm6_m3,2020-07-01,2020-08-01,0.0004896490878470519,0.8666666666666666
soto_lbkm6_m1,2020-07-01,2020-08-01,9.95214778094648e-06,0.9555555555555554
soto_lbkm5_m6,2020-07-01,2020-08-01,0.0002963991713082324,0.9111111111111109
soto_lbkm5_m3,2020-07-01,2020-08-01,0.00026283875106711534,1.0
soto_lbkm5_m1,2020-07-01,2020-08-01,0.0003165617893255772,0.9555555555555554
soto_cfcww_m6,2020-07-01,2020-08-01,0.000293858236025515,1.0
soto_cfcww_m3,2020-07-01,2020-08-01,0.00037033974981346736,1.0
soto_cfcww_m1,2020-07-01,2020-08-01,0.0009228439950938724,0.9111111111111109
soto_cfcm8_m6,2020-07-01,2020-08-01,3.303302308291068e-05,0.9090909090909092
soto_cfcm8_m3,2020-07-01,2020-08-01,3.2861552407159914e-05,0.9090909090909092
soto_cfcm8_m1,2020-07-01,2020-08-01,2.347244759679277e-05,0.8989331499509895
soto_cfcm7_m6,2020-07-01,2020-08-01,2.5087105534227284e-05,1.0
soto_cfcm7_m3,2020-07-01,2020-08-01,3.1960693003759845e-05,0.9555555555555554
soto_cfcm7_m1,2020-07-01,2020-08-01,2.264677657008141e-05,0.9555555555555554
soto_cfcm6_m6,2020-07-01,2020-08-01,2.647479280906144e-06,1.0
soto_cfcm6_m3,2020-07-01,2020-08-01,0.0003110671237068625,1.0
soto_cfcm6_m1,2020-07-01,2020-08-01,4.354350355291442e-05,0.9111111111111109
soto_cfcm5_m6,2020-07-01,2020-08-01,0.00028748397633504287,1.0
soto_cfcm5_m3,2020-07-01,2020-08-01,0.00017867068269350237,1.0
soto_cfcm5_m1,2020-07-01,2020-08-01,8.816900491544406e-05,1.0
soto_ccbww_m6,2020-07-01,2020-08-01,0.00011260881694639641,0.9555555555555554
soto_ccbww_m3,2020-07-01,2020-08-01,0.00019005531527882123,0.9111111111111109
soto_ccbww_m1,2020-07-01,2020-08-01,9.949204429592372e-05,0.8666666666666666
soto_ccbm8_m6,2020-07-01,2020-08-01,1.6077849441044162e-07,1.0
soto_ccbm8_m3,2020-07-01,2020-08-01,4.793342603590432e-07,0.9555555555555554
soto_ccbm8_m1,2020-07-01,2020-08-01,1.2313925226299921e-06,0.9438798074485388
soto_ccbm7_m6,2020-07-01,2020-08-01,4.2411653929464153e-07,1.0
soto_ccbm7_m3,2020-07-01,2020-08-01,3.13246887213516e-05,1.0
soto_ccbm7_m1,2020-07-01,2020-08-01,3.5011516934106564e-05,1.0
soto_ccbm6_m6,2020-07-01,2020-08-01,4.730580818589849e-06,1.0
soto_ccbm6_m3,2020-07-01,2020-08-01,7.571586912244443e-06,1.0
soto_ccbm6_m1,2020-07-01,2020-08-01,5.096082453978897e-06,0.9555555555555554
soto_ccbm5_m6,2020-07-01,2020-08-01,7.062173842308644e-05,0.9555555555555554
soto_ccbm5_m3,2020-07-01,2020-08-01,6.807742055991348e-05,1.0
soto_ccbm5_m1,2020-07-01,2020-08-01,9.975981799805088e-05,0.9111111111111109
snio_pfcww_m6,2020-07-01,2020-08-01,4.8482086014205545e-05,0.9555555555555554
snio_pfcww_m3,2020-07-01,2020-08-01,9.457148092400514e-05,0.9888264649460884
snio_pfcww_m1,2020-07-01,2020-08-01,8.983286390074012e-05,1.0
snio_pdlww_m6,2020-07-01,2020-08-01,0.00048159630094750584,0.8222222222222221
snio_pdlww_m3,2020-07-01,2020-08-01,0.002756402043586925,0.7777777777777777
snio_pdlww_m1,2020-07-01,2020-08-01,0.0016375932291435606,0.9047619047619048
snio_ofcww_m6,2020-07-01,2020-08-01,0.0007487181325303077,0.9111111111111109
snio_ofcww_m3,2020-07-01,2020-08-01,0.0001848677393395702,0.8666666666666666
snio_ofcww_m1,2020-07-01,2020-08-01,0.00021412119613595237,0.8222222222222221
snio_mlcww_m6,2020-07-01,2020-08-01,0.0013917036388825619,0.9111111111111109
snio_mlcww_m3,2020-07-01,2020-08-01,0.0018519548357132309,0.9111111111111109
snio_mlcww_m1,2020-07-01,2020-08-01,3.806023445629159e-05,0.9047619047619048
snio_lncww_m6,2020-07-01,2020-08-01,0.0007126442442835253,0.8666666666666666
snio_lncww_m3,2020-07-01,2020-08-01,0.0007976345664883173,0.9555555555555554
snio_lncww_m1,2020-07-01,2020-08-01,0.006915744475338949,0.8636363636363636
snio_lbkww_m6,2020-07-01,2020-08-01,0.00040824518574012793,0.9555555555555554
snio_lbkww_m3,2020-07-01,2020-08-01,0.0005376270040211631,1.0
snio_lbkww_m1,2020-07-01,2020-08-01,0.0005474098264112802,0.9545454545454546
snio_cfcww_m6,2020-07-01,2020-08-01,0.00042995541034390055,1.0
snio_cfcww_m3,2020-07-01,2020-08-01,0.0006580373008664707,0.9438798074485388
snio_cfcww_m1,2020-07-01,2020-08-01,0.0017319174249850527,0.9111111111111109
snio_ccbww_m6,2020-07-01,2020-08-01,2.9696941336656425e-05,0.9523809523809522
snio_ccbww_m3,2020-07-01,2020-08-01,0.00011164280626005442,1.0
snio_ccbww_m1,2020-07-01,2020-08-01,4.187528807071048e-05,1.0
moyo_pfcww_m6,2020-07-01,2020-08-01,6.441595775669032e-05,1.0
moyo_pfcww_m3,2020-07-01,2020-08-01,0.00010028344605060996,0.9555555555555554
moyo_pfcww_m1,2020-07-01,2020-08-01,0.00017328817133104303,1.0
moyo_pdlww_m6,2020-07-01,2020-08-01,0.0003649320524496246,0.9555555555555554
moyo_pdlww_m3,2020-07-01,2020-08-01,0.0004640459960118435,0.8222222222222221
moyo_pdlww_m1,2020-07-01,2020-08-01,0.0011573464425607106,0.9111111111111109
moyo_ofcww_m6,2020-07-01,2020-08-01,0.0011106482412586178,1.0
moyo_ofcww_m3,2020-07-01,2020-08-01,0.00013006816591374092,0.9111111111111109
moyo_ofcww_m1,2020-07-01,2020-08-01,0.00016712148691329384,0.7333333333333333
moyo_mlcww_m6,2020-07-01,2020-08-01,6.653477736885133e-05,1.0
moyo_mlcww_m3,2020-07-01,2020-08-01,0.001855034374683034,0.9555555555555554
moyo_mlcww_m1,2020-07-01,2020-08-01,8.09371455113361e-05,0.9555555555555554
moyo_lncww_m6,2020-07-01,2020-08-01,0.00154130749161926,0.8222222222222221
moyo_lncww_m3,2020-07-01,2020-08-01,0.00123679814900119,0.8666666666666666
moyo_lncww_m1,2020-07-01,2020-08-01,0.005989244040887935,0.8222222222222221
moyo_lbkww_m6,2020-07-01,2020-08-01,0.0002464930142733778,0.9555555555555554
moyo_lbkww_m3,2020-07-01,2020-08-01,0.0015394082460472402,0.8666666666666666
moyo_lbkww_m1,2020-07-01,2020-08-01,0.0005813535876927174,0.9555555555555554
moyo_cfcww_m6,2020-07-01,2020-08-01,0.00047770991126629364,0.9111111111111109
moyo_cfcww_m3,2020-07-01,2020-08-01,0.0007986499516349736,0.9555555555555554
moyo_cfcww_m1,2020-07-01,2020-08-01,0.0016388940493508096,0.7333333333333333
moyo_ccbww_m6,2020-07-01,2020-08-01,0.00014262818715071642,0.9047619047619048
moyo_ccbww_m3,2020-07-01,2020-08-01,8.336352006000863e-05,0.9545454545454546
moyo_ccbww_m1,2020-07-01,2020-08-01,9.591506572139979e-05,0.9047619047619048
cc1o_pfcm8_m6,2020-07-01,2020-08-01,8.69916312107386e-07,0.9258200997725516
cc1o_pfcm8_m3,2020-07-01,2020-08-01,2.144818609417825e-06,1.0
cc1o_pfcm7_m6,2020-07-01,2020-08-01,1.0607630261537482e-05,1.0
cc1o_pfcm7_m3,2020-07-01,2020-08-01,9.76421577873103e-06,1.0
cc1o_pfcm7_m1,2020-07-01,2020-08-01,1.7310052101286957e-06,1.0
cc1o_pfcm6_m6,2020-07-01,2020-08-01,1.0049640068746477e-05,1.0
cc1o_pfcm6_m3,2020-07-01,2020-08-01,1.7046572573116394e-05,1.0
cc1o_pfcm6_m1,2020-07-01,2020-08-01,3.4900860662089706e-06,1.0
cc1o_pfcm5_m6,2020-07-01,2020-08-01,5.8976329548541626e-05,0.9487179487179488
cc1o_pfcm5_m3,2020-07-01,2020-08-01,8.614589395638852e-05,1.0
cc1o_pfcm5_m1,2020-07-01,2020-08-01,3.962046546292561e-06,1.0
cc1o_pdlm8_m6,2020-07-01,2020-08-01,4.2827476329139296e-06,1.0
cc1o_pdlm8_m3,2020-07-01,2020-08-01,4.9471451245406236e-05,1.0
cc1o_pdlm8_m1,2020-07-01,2020-08-01,1.5178457180249215e-06,0.8944271909999159
cc1o_pdlm7_m6,2020-07-01,2020-08-01,2.5576786129067797e-06,1.0
cc1o_pdlm7_m3,2020-07-01,2020-08-01,5.713043705824154e-05,0.9258200997725514
cc1o_pdlm6_m6,2020-07-01,2020-08-01,0.00013324649690573163,1.0
cc1o_pdlm6_m3,2020-07-01,2020-08-01,0.00015474174948477387,1.0
cc1o_pdlm6_m1,2020-07-01,2020-08-01,1.513759734342795e-05,1.0
cc1o_pdlm5_m6,2020-07-01,2020-08-01,0.00014704037967113622,1.0
cc1o_pdlm5_m3,2020-07-01,2020-08-01,9.891963793649124e-05,1.0
cc1o_pdlm5_m1,2020-07-01,2020-08-01,0.00029657690560275885,0.8944271909999159
cc1o_ofcm8_m6,2020-07-01,2020-08-01,1.002745928563735e-06,1.0
cc1o_ofcm8_m3,2020-07-01,2020-08-01,8.597547881808284e-06,1.0
cc1o_ofcm7_m6,2020-07-01,2020-08-01,3.711403771669793e-05,1.0
cc1o_ofcm7_m3,2020-07-01,2020-08-01,3.2707974917838934e-06,1.0
cc1o_ofcm6_m6,2020-07-01,2020-08-01,1.615381784212242e-06,1.0
cc1o_ofcm5_m6,2020-07-01,2020-08-01,0.001204619428232542,1.0
cc1o_ofcm5_m3,2020-07-01,2020-08-01,0.00011306957562084187,1.0
cc1o_mlcm8_m6,2020-07-01,2020-08-01,1.7442040444523717e-05,1.0
cc1o_mlcm8_m3,2020-07-01,2020-08-01,8.557154889989211e-06,1.0
cc1o_mlcm7_m6,2020-07-01,2020-08-01,1.0773602009783469e-06,1.0
cc1o_mlcm7_m3,2020-07-01,2020-08-01,1.4493432646007824e-05,1.0
cc1o_mlcm6_m6,2020-07-01,2020-08-01,1.638400626829318e-06,1.0
cc1o_mlcm6_m3,2020-07-01,2020-08-01,2.2535861348433168e-05,1.0
cc1o_mlcm5_m6,2020-07-01,2020-08-01,0.0014753333167837994,0.8974358974358975
cc1o_mlcm5_m3,2020-07-01,2020-08-01,0.0016521464520746158,1.0
cc1o_mlcm5_m1,2020-07-01,2020-08-01,4.642884957117401e-06,0.8944271909999159
cc1o_lncm8_m6,2020-07-01,2020-08-01,7.671805936342485e-05,1.0
cc1o_lncm8_m3,2020-07-01,2020-08-01,0.00028634144634732305,0.947330933431342
cc1o_lncm8_m1,2020-07-01,2020-08-01,4.790054172897948e-05,1.0
cc1o_lncm7_m6,2020-07-01,2020-08-01,0.0008270631218531801,1.0
cc1o_lncm7_m3,2020-07-01,2020-08-01,0.0005897392683756428,1.0
cc1o_lncm7_m1,2020-07-01,2020-08-01,0.005874322455136875,1.0
cc1o_lncm6_m6,2020-07-01,2020-08-01,6.889751127622855e-05,1.0
cc1o_lncm6_m3,2020-07-01,2020-08-01,0.0003564237414981174,0.947330933431342
cc1o_lncm6_m1,2020-07-01,2020-08-01,7.337287946922218e-05,0.9258200997725516
cc1o_lncm5_m6,2020-07-01,2020-08-01,0.00010973106434929721,1.0
cc1o_lncm5_m3,2020-07-01,2020-08-01,0.00015190193552933683,1.0
cc1o_lncm5_m1,2020-07-01,2020-08-01,0.00019916922712726309,1.0
cc1o_lbkm8_m6,2020-07-01,2020-08-01,1.8877579329877743e-05,1.0
cc1o_lbkm8_m3,2020-07-01,2020-08-01,0.0008767457687095213,1.0
cc1o_lbkm7_m6,2020-07-01,2020-08-01,9.72192929276584e-05,1.0
cc1o_lbkm7_m3,2020-07-01,2020-08-01,0.0008250393170967157,0.9258200997725516
cc1o_lbkm7_m1,2020-07-01,2020-08-01,3.1215965442769565e-05,1.0
cc1o_lbkm6_m6,2020-07-01,2020-08-01,0.00011665766127309598,1.0
cc1o_lbkm6_m3,2020-07-01,2020-08-01,0.0008168601160538425,1.0
cc1o_lbkm6_m1,2020-07-01,2020-08-01,6.293315070466997e-06,0.8944271909999159
cc1o_lbkm5_m6,2020-07-01,2020-08-01,0.00019597847073529008,1.0
cc1o_lbkm5_m3,2020-07-01,2020-08-01,0.00015474380422122482,1.0
cc1o_lbkm5_m1,2020-07-01,2020-08-01,0.00027533428352461727,1.0
cc1o_cfcm8_m6,2020-07-01,2020-08-01,2.6423878399524468e-05,1.0
cc1o_cfcm8_m3,2020-07-01,2020-08-01,2.6125971978043327e-05,1.0
cc1o_cfcm7_m6,2020-07-01,2020-08-01,1.4018659668637386e-05,1.0
cc1o_cfcm7_m3,2020-07-01,2020-08-01,1.1561523998065423e-06,1.0
cc1o_cfcm6_m6,2020-07-01,2020-08-01,4.71165046812533e-06,1.0
cc1o_cfcm6_m3,2020-07-01,2020-08-01,0.00031509079319572624,1.0
cc1o_cfcm5_m6,2020-07-01,2020-08-01,0.0003680274797283703,1.0
cc1o_cfcm5_m3,2020-07-01,2020-08-01,0.0001750026193664133,1.0
cc1o_cfcm5_m1,2020-07-01,2020-08-01,8.872499912059584e-05,0.8944271909999159
cc1o_ccbm7_m6,2020-07-01,2020-08-01,3.256762100112815e-07,1.0
cc1o_ccbm7_m3,2020-07-01,2020-08-01,3.2133445760812965e-05,0.9258200997725514
cc1o_ccbm6_m6,2020-07-01,2020-08-01,7.781070810298469e-06,0.8931977372352652
cc1o_ccbm6_m3,2020-07-01,2020-08-01,3.094848366977336e-06,0.9428571428571428
cc1o_ccbm6_m1,2020-07-01,2020-08-01,1.746363949009953e-06,1.0
cc1o_ccbm5_m6,2020-07-01,2020-08-01,2.332576147042412e-05,1.0
cc1o_ccbm5_m3,2020-07-01,2020-08-01,0.00013575586822418636,0.9473309334313418
cc1o_ccbm5_m1,2020-07-01,2020-08-01,1.4886142157692792e-05,1.0
vran_wwwwwwrnw_om6,2020-07-01,2020-08-01,0.004822284764029368,0.8666666666666666
vran_wwwwwwrnw_om5,2020-07-01,2020-08-01,0.03202855845836893,1.0
vran_wwwwwwrnw_om4,2020-07-01,2020-08-01,0.001788140640665566,0.8666666666666666
vran_wwwwwwrnw_om3,2020-07-01,2020-08-01,0.045253056821432144,0.8666666666666666
vran_wwwwwwrnw_om2,2020-07-01,2020-08-01,0.00518790462462039,0.3333333333333333
vran_wwwwwwrnw_om1,2020-07-01,2020-08-01,0.004040773737998624,0.9111111111111109
sran_wwwwwwrnw_m6,2020-07-01,2020-08-01,1.8371396118067364e-05,0.9111111111111109
sran_wwwwwwrnw_m3,2020-07-01,2020-08-01,0.012993241672098595,0.8222222222222221
sran_wwwwwwrnw_m1,2020-07-01,2020-08-01,0.0073640755267088106,0.6444444444444444
mran_wwwwwwrnw_m6,2020-07-01,2020-08-01,3.3386822387594786e-05,0.9555555555555554
mran_wwwwwwrnw_m3,2020-07-01,2020-08-01,0.013666740899941,0.9111111111111109
mran_wwwwwwrnw_m1,2020-07-01,2020-08-01,0.00750220663305956,0.8222222222222221
lran_wwwwwwrnw_m6,2020-07-01,2020-08-01,0.00023273084736793364,0.9111111111111109
lran_wwwwwwrnw_m3,2020-07-01,2020-08-01,0.0162822401705259,0.7333333333333333
lran_wwwwwwrnw_m1,2020-07-01,2020-08-01,0.008245351636077902,0.37777777777777777
dotn_wwwwwwrnw_om6,2020-07-01,2020-08-01,0.0005957484220152311,1.0
dotn_wwwwwwrnw_om5,2020-07-01,2020-08-01,0.0006533728138460872,1.0
dotn_wwwwwwrnw_om4,2020-07-01,2020-08-01,0.0031105907200318765,1.0
dotn_wwwwwwrnw_om3,2020-07-01,2020-08-01,0.0007945689490765213,1.0
dotn_wwwwwwrnw_om2,2020-07-01,2020-08-01,0.020455847051733908,1.0
dotn_wwwwwwrnw_om1,2020-07-01,2020-08-01,0.005355831604863886,1.0
donn_wwwwwwrnw_om6,2020-07-01,2020-08-01,0.003276374906656307,0.9128709291752768
donn_wwwwwwrnw_om5,2020-07-01,2020-08-01,0.03338947598550455,1.0
donn_wwwwwwrnw_om4,2020-07-01,2020-08-01,0.0015239722992061145,1.0
donn_wwwwwwrnw_om3,2020-07-01,2020-08-01,0.02174176932936859,1.0
donn_wwwwwwrnw_om2,2020-07-01,2020-08-01,0.01567775906730931,1.0
donn_wwwwwwrnw_om1,2020-07-01,2020-08-01,0.004971796018889293,0.8717948717948718
donn_wwwwwwrfw_om6,2020-07-01,2020-08-01,1.3044086577467813e-05,1.0
donn_wwwwwwrfw_om5,2020-07-01,2020-08-01,1.4084429494652655e-05,1.0
donn_wwwwwwrfw_om4,2020-07-01,2020-08-01,1.1574494866271975e-05,0.9473309334313418
donn_wwwwwwrfw_om3,2020-07-01,2020-08-01,4.999680465188045e-05,1.0
donn_wwwwwwrfw_om2,2020-07-01,2020-08-01,2.702047315988325e-05,0.9473309334313418
donn_wwwwwwrfw_om1,2020-07-01,2020-08-01,2.559832277663223e-06,1.0
donn_wwwpfcrnw_om6,2020-07-01,2020-08-01,6.979605534578288e-05,1.0
donn_wwwpfcrnw_om5,2020-07-01,2020-08-01,0.0007055007798377285,1.0
donn_wwwpfcrnw_om4,2020-07-01,2020-08-01,0.0001019677590875554,1.0
donn_wwwpfcrnw_om3,2020-07-01,2020-08-01,5.742529317871472e-06,1.0
donn_wwwpfcrnw_om2,2020-07-01,2020-08-01,0.028594893198389912,1.0
donn_wwwpfcrnw_om1,2020-07-01,2020-08-01,0.010607636143688036,1.0
donn_wwwpdlrnw_om6,2020-07-01,2020-08-01,0.007328370483919227,1.0
donn_wwwpdlrnw_om5,2020-07-01,2020-08-01,0.0001819539490945472,1.0
donn_wwwpdlrnw_om4,2020-07-01,2020-08-01,0.001281589385027894,1.0
donn_wwwpdlrnw_om3,2020-07-01,2020-08-01,2.7074440515635473e-05,1.0
donn_wwwpdlrnw_om2,2020-07-01,2020-08-01,4.8867516573251126e-05,1.0
donn_wwwpdlrnw_om1,2020-07-01,2020-08-01,7.420956524538265e-05,0.8944271909999159
donn_wwwpdlrfw_om6,2020-07-01,2020-08-01,3.916714194794404e-08,0.9258200997725516
donn_wwwpdlrfw_om5,2020-07-01,2020-08-01,4.1710988612137926e-06,1.0
donn_wwwpdlrfw_om4,2020-07-01,2020-08-01,4.0729469296363504e-07,1.0
donn_wwwpdlrfw_om3,2020-07-01,2020-08-01,2.950741944348321e-05,0.8944271909999159
donn_wwwpdlrfw_om2,2020-07-01,2020-08-01,7.603528190208153e-08,0.8944271909999159
donn_wwwpdlrfw_om1,2020-07-01,2020-08-01,1.859371964664238e-07,0.8944271909999159
donn_wwwofcrnw_om6,2020-07-01,2020-08-01,6.22600792680954e-05,1.0
donn_wwwofcrnw_om5,2020-07-01,2020-08-01,0.00012045597177336204,1.0
donn_wwwofcrnw_om4,2020-07-01,2020-08-01,7.397361045592119e-07,1.0
donn_wwwofcrnw_om3,2020-07-01,2020-08-01,0.00013599512784087328,0.8944271909999159
donn_wwwofcrnw_om2,2020-07-01,2020-08-01,5.167377386612689e-05,1.0
donn_wwwofcrnw_om1,2020-07-01,2020-08-01,7.412377232631383e-08,1.0
donn_wwwmlcrnw_om6,2020-07-01,2020-08-01,2.287737171106476e-06,1.0
donn_wwwmlcrnw_om5,2020-07-01,2020-08-01,1.2064372946623587e-07,0.9258200997725514
donn_wwwmlcrnw_om4,2020-07-01,2020-08-01,2.8207259531157864e-06,1.0
donn_wwwmlcrnw_om3,2020-07-01,2020-08-01,6.200980224125802e-08,0.9258200997725514
donn_wwwmlcrnw_om2,2020-07-01,2020-08-01,3.673651898849039e-07,1.0
donn_wwwmlcrnw_om1,2020-07-01,2020-08-01,1.7582898994273263e-06,0.8944271909999159
donn_wwwmlcrfw_om3,2020-07-01,2020-08-01,3.923921328149343e-08,0.8416254115301732
donn_wwwlncrnw_om6,2020-07-01,2020-08-01,0.0001998173494946968,1.0
donn_wwwlncrnw_om5,2020-07-01,2020-08-01,0.000282244827889783,1.0
donn_wwwlncrnw_om4,2020-07-01,2020-08-01,0.0007784408505852406,1.0
donn_wwwlncrnw_om3,2020-07-01,2020-08-01,0.0008662854362319674,1.0
donn_wwwlncrnw_om2,2020-07-01,2020-08-01,0.0007354829210113072,1.0
donn_wwwlncrnw_om1,2020-07-01,2020-08-01,1.2120839325370155e-05,1.0
donn_wwwlncrfw_om6,2020-07-01,2020-08-01,1.2197751273624456e-05,0.9258200997725516
donn_wwwlncrfw_om5,2020-07-01,2020-08-01,9.388608168681914e-06,1.0
donn_wwwlncrfw_om4,2020-07-01,2020-08-01,2.029820500989598e-06,0.9258200997725514
donn_wwwlncrfw_om3,2020-07-01,2020-08-01,3.10037053973135e-05,1.0
donn_wwwlncrfw_om2,2020-07-01,2020-08-01,1.0090809450640704e-05,0.9258200997725514
donn_wwwlncrfw_om1,2020-07-01,2020-08-01,1.2238020724965875e-07,0.9258200997725516
donn_wwwlbkrnw_om6,2020-07-01,2020-08-01,0.0015912060949521158,0.9128709291752768
donn_wwwlbkrnw_om5,2020-07-01,2020-08-01,0.00013743952805793207,1.0
donn_wwwlbkrnw_om4,2020-07-01,2020-08-01,0.0018683070894088528,0.9258200997725514
donn_wwwlbkrnw_om3,2020-07-01,2020-08-01,0.00034622743234999685,1.0
donn_wwwlbkrnw_om2,2020-07-01,2020-08-01,0.00021651912442849187,1.0
donn_wwwlbkrnw_om1,2020-07-01,2020-08-01,5.0833575399775454e-05,1.0
donn_wwwlbkrfw_om4,2020-07-01,2020-08-01,1.8357170923647832e-05,1.0
donn_wwwlbkrfw_om3,2020-07-01,2020-08-01,7.660824996916012e-06,1.0
donn_wwwlbkrfw_om2,2020-07-01,2020-08-01,2.8435988260822767e-05,0.8944271909999159
donn_wwwlbkrfw_om1,2020-07-01,2020-08-01,1.0003503034776864e-05,1.0
donn_wwwcfcrnw_om6,2020-07-01,2020-08-01,1.413584531265635e-05,1.0
donn_wwwcfcrnw_om5,2020-07-01,2020-08-01,9.378815748120799e-06,1.0
donn_wwwcfcrnw_om4,2020-07-01,2020-08-01,4.5574440385710154e-07,1.0
donn_wwwcfcrnw_om3,2020-07-01,2020-08-01,1.4670811658546894e-05,0.9258200997725514
donn_wwwcfcrnw_om2,2020-07-01,2020-08-01,2.533725924508643e-05,1.0
donn_wwwcfcrnw_om1,2020-07-01,2020-08-01,7.565819442879367e-06,1.0
donn_wwwccbrnw_om6,2020-07-01,2020-08-01,0.00042105946668940966,0.8451542547285166
donn_wwwccbrnw_om5,2020-07-01,2020-08-01,2.8335068505355376e-05,1.0
donn_wwwccbrnw_om4,2020-07-01,2020-08-01,0.0004172329968120565,0.9258200997725516
donn_wwwccbrnw_om3,2020-07-01,2020-08-01,0.00032768662057998805,1.0
donn_wwwccbrnw_om2,2020-07-01,2020-08-01,0.00015142079763183724,0.9473309334313418
donn_wwwccbrnw_om1,2020-07-01,2020-08-01,9.612483258523e-06,0.9258200997725514
donn_wwwccbrfw_om4,2020-07-01,2020-08-01,6.957694126436162e-08,1.0
donn_wwwccbrfw_om3,2020-07-01,2020-08-01,7.731538257744209e-07,1.0
donn_wwwccbrfw_om2,2020-07-01,2020-08-01,1.7619292766685029e-06,1.0
donn_wwwccbrfw_om1,2020-07-01,2020-08-01,1.0171966502634094e-07,0.8944271909999159
cc1n_wwwwwwwwy_m6,2020-07-01,2020-08-01,0.00015200365433646224,0.9555555555555554
cc1n_wwwwwwwwy_m3,2020-07-01,2020-08-01,0.00012943199277283597,0.9555555555555554
cc1n_wwwwwwwwy_m1,2020-07-01,2020-08-01,0.0002718581226522554,1.0
cc1n_wwwwwwrnw_m6,2020-07-01,2020-08-01,0.0005977994769507085,1.0
cc1n_wwwwwwrnw_m3,2020-07-01,2020-08-01,0.06859895026803002,0.2888888888888889
cc1n_wwwwwwrnw_m1,2020-07-01,2020-08-01,0.007667765857486025,1.0
cc1n_wwwwwwrfw_m6,2020-07-01,2020-08-01,0.00020865963360034768,1.0
cc1n_wwwwwwrfw_m3,2020-07-01,2020-08-01,0.0001286861456861791,1.0
cc1n_wwwwwwrfw_m1,2020-07-01,2020-08-01,0.0008874204142776182,0.9555555555555554
cc1n_wwwpfcwwy_m6,2020-07-01,2020-08-01,2.1554891906726494e-05,1.0
cc1n_wwwpfcwwy_m3,2020-07-01,2020-08-01,9.741907773718797e-07,1.0
cc1n_wwwpfcwwy_m1,2020-07-01,2020-08-01,9.215383494632106e-07,0.9545454545454546
cc1n_wwwpfcrnw_m6,2020-07-01,2020-08-01,0.0019374059336105872,1.0
cc1n_wwwpfcrnw_m3,2020-07-01,2020-08-01,0.010303477444800363,0.9111111111111109
cc1n_wwwpfcrnw_m1,2020-07-01,2020-08-01,0.019800657968939442,1.0
cc1n_wwwpfcrfw_m6,2020-07-01,2020-08-01,7.577039872007367e-07,0.9111111111111109
cc1n_wwwpfcrfw_m3,2020-07-01,2020-08-01,2.701111718743151e-07,1.0
cc1n_wwwpfcrfw_m1,2020-07-01,2020-08-01,4.257363017146472e-07,0.9111111111111109
cc1n_wwwpdlwwy_m6,2020-07-01,2020-08-01,0.0007991807734964142,1.0
cc1n_wwwpdlwwy_m3,2020-07-01,2020-08-01,0.0008927244745945871,1.0
cc1n_wwwpdlwwy_m1,2020-07-01,2020-08-01,4.589673656788397e-06,1.0
cc1n_wwwpdlrnw_m6,2020-07-01,2020-08-01,0.018245483459144486,0.9111111111111109
cc1n_wwwpdlrnw_m3,2020-07-01,2020-08-01,8.170829528161043e-05,1.0
cc1n_wwwpdlrnw_m1,2020-07-01,2020-08-01,0.00029001480383640315,0.9304842103984708
cc1n_wwwpdlrfw_m6,2020-07-01,2020-08-01,1.0242381847877827e-05,1.0
cc1n_wwwpdlrfw_m3,2020-07-01,2020-08-01,5.207713969933142e-05,1.0
cc1n_wwwpdlrfw_m1,2020-07-01,2020-08-01,6.0791917480186376e-06,0.9555555555555554
cc1n_wwwofcwwy_m6,2020-07-01,2020-08-01,2.9313929245137122e-05,1.0
cc1n_wwwofcwwy_m3,2020-07-01,2020-08-01,5.3765916986777334e-05,0.9770084209183943
cc1n_wwwofcwwy_m1,2020-07-01,2020-08-01,7.689408086059821e-06,0.9545454545454546
cc1n_wwwofcrnw_m6,2020-07-01,2020-08-01,8.524071402712986e-06,0.9555555555555554
cc1n_wwwofcrnw_m3,2020-07-01,2020-08-01,1.89593770447544e-05,0.9555555555555554
cc1n_wwwofcrnw_m1,2020-07-01,2020-08-01,4.3665514605019645e-05,0.9555555555555554
cc1n_wwwofcrfw_m6,2020-07-01,2020-08-01,1.3515639021655968e-07,1.0
cc1n_wwwofcrfw_m3,2020-07-01,2020-08-01,2.268682937341601e-06,0.8222222222222221
cc1n_wwwofcrfw_m1,2020-07-01,2020-08-01,2.5452889130344703e-06,0.9438798074485388
cc1n_wwwmlcwwy_m6,2020-07-01,2020-08-01,0.00018364601318691544,0.9555555555555554
cc1n_wwwmlcwwy_m3,2020-07-01,2020-08-01,2.0064695998212354e-05,1.0
cc1n_wwwmlcwwy_m1,2020-07-01,2020-08-01,0.0015419812454721565,0.9888264649460884
cc1n_wwwmlcrnw_m6,2020-07-01,2020-08-01,3.428422626575728e-05,0.8666666666666666
cc1n_wwwmlcrnw_m3,2020-07-01,2020-08-01,8.088922408407293e-05,0.4666666666666666
cc1n_wwwmlcrnw_m1,2020-07-01,2020-08-01,9.15366220493923e-06,1.0
cc1n_wwwmlcrfw_m6,2020-07-01,2020-08-01,3.3009096209961973e-06,0.8666666666666666
cc1n_wwwmlcrfw_m3,2020-07-01,2020-08-01,1.4892608491212827e-06,0.8666666666666666
cc1n_wwwmlcrfw_m1,2020-07-01,2020-08-01,8.378378674420213e-07,0.9555555555555554
cc1n_wwwlncwwy_m6,2020-07-01,2020-08-01,0.00010325809894745748,1.0
cc1n_wwwlncwwy_m3,2020-07-01,2020-08-01,5.227358600360758e-05,1.0
cc1n_wwwlncwwy_m1,2020-07-01,2020-08-01,0.0003479743385614558,1.0
cc1n_wwwlncrnw_m6,2020-07-01,2020-08-01,0.00010663517296258186,0.9555555555555554
cc1n_wwwlncrnw_m3,2020-07-01,2020-08-01,0.0001212920330046688,0.9555555555555554
cc1n_wwwlncrnw_m1,2020-07-01,2020-08-01,0.00020053299911974344,0.9523809523809522
cc1n_wwwlncrfw_m6,2020-07-01,2020-08-01,5.905933223584883e-05,0.9545454545454546
cc1n_wwwlncrfw_m3,2020-07-01,2020-08-01,1.715833520094384e-05,1.0
cc1n_wwwlncrfw_m1,2020-07-01,2020-08-01,5.950627966059647e-06,0.9545454545454546
cc1n_wwwlbkwwy_m6,2020-07-01,2020-08-01,0.00011890734639132424,1.0
cc1n_wwwlbkwwy_m3,2020-07-01,2020-08-01,0.0002571087717471101,1.0
cc1n_wwwlbkwwy_m1,2020-07-01,2020-08-01,0.0006120914068135432,0.9111111111111109
cc1n_wwwlbkrnw_m6,2020-07-01,2020-08-01,5.272211913514534e-05,0.9555555555555554
cc1n_wwwlbkrnw_m3,2020-07-01,2020-08-01,0.00020589496594202838,1.0
cc1n_wwwlbkrnw_m1,2020-07-01,2020-08-01,0.0008999898613652733,1.0
cc1n_wwwlbkrfw_m6,2020-07-01,2020-08-01,8.255642662133358e-05,0.8666666666666666
cc1n_wwwlbkrfw_m3,2020-07-01,2020-08-01,5.0900872857999967e-05,0.9555555555555554
cc1n_wwwlbkrfw_m1,2020-07-01,2020-08-01,0.0008731943771308009,0.9555555555555554
cc1n_wwwcfcwwy_m6,2020-07-01,2020-08-01,0.00021726034967308272,0.9555555555555554
cc1n_wwwcfcwwy_m3,2020-07-01,2020-08-01,0.0002909196202127915,0.9555555555555554
cc1n_wwwcfcwwy_m1,2020-07-01,2020-08-01,2.755034116819578e-05,0.9438798074485388
cc1n_wwwcfcrnw_m6,2020-07-01,2020-08-01,2.5179205804489872e-05,0.9111111111111109
cc1n_wwwcfcrnw_m3,2020-07-01,2020-08-01,2.7690593842784443e-05,0.9111111111111109
cc1n_wwwcfcrnw_m1,2020-07-01,2020-08-01,9.753644255837177e-05,0.8090398349558905
cc1n_wwwcfcrfw_m6,2020-07-01,2020-08-01,6.897637727141648e-06,0.8222222222222221
cc1n_wwwcfcrfw_m3,2020-07-01,2020-08-01,1.9464036053051788e-05,0.7777777777777777
cc1n_wwwcfcrfw_m1,2020-07-01,2020-08-01,4.695663055449515e-06,0.6444444444444444
cc1n_wwwccbwwy_m6,2020-07-01,2020-08-01,0.00010534737254878924,1.0
cc1n_wwwccbwwy_m3,2020-07-01,2020-08-01,7.822652839860079e-07,1.0
cc1n_wwwccbwwy_m1,2020-07-01,2020-08-01,1.204746860261522e-06,0.9555555555555554
cc1n_wwwccbrnw_m6,2020-07-01,2020-08-01,9.20661931510334e-05,0.9111111111111109
cc1n_wwwccbrnw_m3,2020-07-01,2020-08-01,0.0005784363066348056,0.8222222222222221
cc1n_wwwccbrnw_m1,2020-07-01,2020-08-01,7.193432863035834e-05,0.9888264649460884
cc1n_wwwccbrfw_m6,2020-07-01,2020-08-01,0.00027398299924751316,0.964772650936774
cc1n_wwwccbrfw_m3,2020-07-01,2020-08-01,0.00013247261795814604,1.0
cc1n_wwwccbrfw_m1,2020-07-01,2020-08-01,0.0012820144209469179,1.0
vlal_wwwwwwww_om4,2020-07-01,2020-08-01,0.0021667848724588744,0.9111111111111109
vlal_wwwwwwww_om2,2020-07-01,2020-08-01,0.01820446331007061,0.9111111111111109
vlal_wwwwwwww_om1,2020-07-01,2020-08-01,0.004408516323044954,0.8181818181818182
slal_wwwwwwww_m6,2020-07-01,2020-08-01,0.0018729471206407734,0.9111111111111109
slal_wwwwwwww_m3,2020-07-01,2020-08-01,0.001503122551223513,0.9555555555555554
slal_wwwwwwww_m1,2020-07-01,2020-08-01,0.018411597935122804,1.0
mlal_wwwwwwww_m6,2020-07-01,2020-08-01,0.0006231650100323412,1.0
mlal_wwwwwwww_m3,2020-07-01,2020-08-01,0.0015167111293001088,1.0
mlal_wwwwwwww_m1,2020-07-01,2020-08-01,0.020978580151023742,0.9555555555555554
llal_wwwwwwww_m6,2020-07-01,2020-08-01,0.002193695962785068,0.9523809523809522
llal_wwwwwwww_m3,2020-07-01,2020-08-01,0.00193964238190712,1.0
llal_wwwwwwww_m1,2020-07-01,2020-08-01,0.02884857146492353,0.7333333333333333
dotl_wwwwwwww_om4,2020-07-01,2020-08-01,0.00020022695636209888,1.0
dotl_wwwwwwww_om3,2020-07-01,2020-08-01,0.002268495495859581,0.9258200997725514
dotl_wwwwwwww_om2,2020-07-01,2020-08-01,0.08125579884227144,1.0
dotl_wwwwwwww_om1,2020-07-01,2020-08-01,0.01988629401220181,1.0
dogl_wwwwwwww_om6,2020-07-01,2020-08-01,0.01634080584329419,1.0
dogl_wwwwwwww_om5,2020-07-01,2020-08-01,0.0012119879365159994,1.0
dogl_wwwwwwww_om4,2020-07-01,2020-08-01,5.70472654641844e-05,1.0
dogl_wwwwwwww_om3,2020-07-01,2020-08-01,0.0031816957045948864,1.0
dogl_wwwwwwww_om2,2020-07-01,2020-08-01,0.0659309850657856,1.0
dogl_wwwwwwww_om1,2020-07-01,2020-08-01,0.00997557230557085,0.9258200997725514
dogl_wwwpfcww_om6,2020-07-01,2020-08-01,0.030085002182928405,1.0
dogl_wwwpfcww_om4,2020-07-01,2020-08-01,0.00019419724747759008,1.0
dogl_wwwpfcww_om3,2020-07-01,2020-08-01,1.6642818243418253e-06,1.0
dogl_wwwpfcww_om2,2020-07-01,2020-08-01,0.003003840512239935,1.0
dogl_wwwpfcww_om1,2020-07-01,2020-08-01,1.0067147265712463e-05,1.0
dogl_wwwpdlww_om6,2020-07-01,2020-08-01,0.0005868607919428482,0.8944271909999159
dogl_wwwpdlww_om5,2020-07-01,2020-08-01,0.0010542120292618214,1.0
dogl_wwwpdlww_om4,2020-07-01,2020-08-01,0.0006601890260712486,1.0
dogl_wwwpdlww_om3,2020-07-01,2020-08-01,0.004383321458389552,1.0
dogl_wwwpdlww_om2,2020-07-01,2020-08-01,5.1964206412683196e-05,1.0
dogl_wwwpdlww_om1,2020-07-01,2020-08-01,5.4837162436721734e-06,0.8944271909999159
dogl_wwwofcww_om6,2020-07-01,2020-08-01,7.052680220604524e-07,0.8416254115301732
dogl_wwwofcww_om5,2020-07-01,2020-08-01,2.712854084713722e-06,1.0
dogl_wwwofcww_om4,2020-07-01,2020-08-01,1.8175607920037404e-05,1.0
dogl_wwwmlcww_om6,2020-07-01,2020-08-01,1.7135321813007816e-05,1.0
dogl_wwwmlcww_om4,2020-07-01,2020-08-01,5.7943831677410524e-05,0.8416254115301732
dogl_wwwlncww_om6,2020-07-01,2020-08-01,0.00046666068690762635,1.0
dogl_wwwlncww_om5,2020-07-01,2020-08-01,0.0001692393749304381,1.0
dogl_wwwlncww_om4,2020-07-01,2020-08-01,4.369985914527746e-05,1.0
dogl_wwwlncww_om3,2020-07-01,2020-08-01,0.0003459392036127338,0.8944271909999159
dogl_wwwlncww_om2,2020-07-01,2020-08-01,0.017070242792616864,1.0
dogl_wwwlncww_om1,2020-07-01,2020-08-01,0.009501904347732236,0.8944271909999159
dogl_wwwlbkww_om6,2020-07-01,2020-08-01,0.018362976871487892,1.0
dogl_wwwlbkww_om5,2020-07-01,2020-08-01,0.0007063310963134826,1.0
dogl_wwwlbkww_om4,2020-07-01,2020-08-01,0.0008929743378166758,1.0
dogl_wwwlbkww_om3,2020-07-01,2020-08-01,0.002475024706615223,1.0
dogl_wwwlbkww_om2,2020-07-01,2020-08-01,0.06047358543420705,1.0
dogl_wwwlbkww_om1,2020-07-01,2020-08-01,0.01120633217148968,1.0
dogl_wwwcfcww_om4,2020-07-01,2020-08-01,4.222421088383067e-05,1.0
dogl_wwwccbww_om6,2020-07-01,2020-08-01,0.00035706414200393247,1.0
dogl_wwwccbww_om5,2020-07-01,2020-08-01,0.0009449809242242996,1.0
dogl_wwwccbww_om4,2020-07-01,2020-08-01,0.000217931571078636,1.0
dogl_wwwccbww_om3,2020-07-01,2020-08-01,1.9218053246500147e-05,1.0
dogl_wwwccbww_om2,2020-07-01,2020-08-01,0.00037485568983251934,1.0
dogl_wwwccbww_om1,2020-07-01,2020-08-01,0.00032600321645898464,1.0
cc1l_wwwwwwww_m6,2020-07-01,2020-08-01,0.0048672269355299605,1.0
cc1l_wwwwwwww_m3,2020-07-01,2020-08-01,0.0020144636922442864,1.0
cc1l_wwwwwwww_m1,2020-07-01,2020-08-01,0.011073108939766131,1.0
cc1l_wwwpfcww_m6,2020-07-01,2020-08-01,0.00031172503904209226,1.0
cc1l_wwwpfcww_m3,2020-07-01,2020-08-01,0.001024003818850906,0.9888264649460884
cc1l_wwwpfcww_m1,2020-07-01,2020-08-01,3.0489157034515736e-06,0.9770084209183943
cc1l_wwwpdlww_m6,2020-07-01,2020-08-01,0.00040078268481210917,0.9438798074485388
cc1l_wwwpdlww_m3,2020-07-01,2020-08-01,0.004392927718260361,0.9772727272727272
cc1l_wwwpdlww_m1,2020-07-01,2020-08-01,2.813913468057804e-05,0.907222105138509
cc1l_wwwofcww_m6,2020-07-01,2020-08-01,2.342842208656074e-05,0.9111111111111109
cc1l_wwwofcww_m3,2020-07-01,2020-08-01,5.66413501930297e-05,1.0
cc1l_wwwofcww_m1,2020-07-01,2020-08-01,8.551181337429847e-05,0.9653072991634228
cc1l_wwwmlcww_m6,2020-07-01,2020-08-01,0.00015840421904190596,0.9555555555555554
cc1l_wwwmlcww_m3,2020-07-01,2020-08-01,5.203141439855838e-06,1.0
cc1l_wwwmlcww_m1,2020-07-01,2020-08-01,1.3283181115776002e-05,0.9555555555555554
cc1l_wwwlncww_m6,2020-07-01,2020-08-01,0.00011672023828234631,1.0
cc1l_wwwlncww_m3,2020-07-01,2020-08-01,0.0004804551066486166,0.9555555555555554
cc1l_wwwlncww_m1,2020-07-01,2020-08-01,0.008531358068805001,0.964772650936774
cc1l_wwwlbkww_m6,2020-07-01,2020-08-01,0.007850111928107846,0.9555555555555554
cc1l_wwwlbkww_m3,2020-07-01,2020-08-01,0.0006351399153090983,1.0
cc1l_wwwlbkww_m1,2020-07-01,2020-08-01,0.013084603086564598,1.0
cc1l_wwwcfcww_m6,2020-07-01,2020-08-01,0.00016781854362841548,1.0
cc1l_wwwcfcww_m3,2020-07-01,2020-08-01,0.0005459045350300698,0.8717948717948718
cc1l_wwwcfcww_m1,2020-07-01,2020-08-01,0.00011005652344383559,1.0
cc1l_wwwccbww_m6,2020-07-01,2020-08-01,0.0003659767019872265,1.0
cc1l_wwwccbww_m3,2020-07-01,2020-08-01,0.00046742854831444716,0.9438798074485388
cc1l_wwwccbww_m1,2020-07-01,2020-08-01,0.0017730381589592414,0.9438798074485388
cc1l_pdlwwwww_m6,2020-07-01,2020-08-01,0.0003999164796640239,0.9438798074485388
dota_wwwwww_om6,2020-07-01,2020-08-01,0.01390518748071872,1.0
dota_wwwwww_om5,2020-07-01,2020-08-01,0.01305041860423188,1.0
dota_wwwwww_om4,2020-07-01,2020-08-01,0.0006653548589181696,1.0
dota_wwwwww_om3,2020-07-01,2020-08-01,0.001188918679679653,1.0
dota_wwwwww_om2,2020-07-01,2020-08-01,0.007769564411821797,1.0
dota_wwwwww_om1,2020-07-01,2020-08-01,0.0005353930916482211,1.0
dona_wwwwww_om6,2020-07-01,2020-08-01,0.06782927967000821,1.0
dona_wwwwww_om5,2020-07-01,2020-08-01,0.2396573361667285,0.947330933431342
dona_wwwwww_om4,2020-07-01,2020-08-01,0.0006243014283253785,1.0
dona_wwwwww_om3,2020-07-01,2020-08-01,0.022564219727367375,0.8885233166386386
dona_wwwwww_om2,2020-07-01,2020-08-01,0.0029130955018401078,1.0
dona_wwwwww_om1,2020-07-01,2020-08-01,0.0024199883947319503,1.0
dona_wwwpfc_om6,2020-07-01,2020-08-01,0.0003286549952494207,0.8944271909999159
dona_wwwpfc_om5,2020-07-01,2020-08-01,0.0003431916375296189,1.0
dona_wwwpfc_om4,2020-07-01,2020-08-01,4.350990090820044e-05,1.0
dona_wwwpfc_om2,2020-07-01,2020-08-01,0.00012069977155908266,1.0
dona_wwwpfc_om1,2020-07-01,2020-08-01,5.84186971297547e-05,1.0
dona_wwwpdl_om6,2020-07-01,2020-08-01,8.317628912934409e-05,1.0
dona_wwwpdl_om5,2020-07-01,2020-08-01,0.003649465945092057,1.0
dona_wwwpdl_om4,2020-07-01,2020-08-01,0.0023173344581310586,1.0
dona_wwwpdl_om3,2020-07-01,2020-08-01,0.0008451621235296053,1.0
dona_wwwpdl_om2,2020-07-01,2020-08-01,0.00033410814432422657,1.0
dona_wwwpdl_om1,2020-07-01,2020-08-01,1.3741295866491818e-05,1.0
dona_wwwofc_om6,2020-07-01,2020-08-01,0.0007318387589282878,0.8944271909999159
dona_wwwofc_om5,2020-07-01,2020-08-01,0.00028839536933129135,1.0
dona_wwwofc_om4,2020-07-01,2020-08-01,0.0002121015309714939,1.0
dona_wwwofc_om3,2020-07-01,2020-08-01,0.0006294102959460625,1.0
dona_wwwofc_om2,2020-07-01,2020-08-01,0.0009283678246441756,1.0
dona_wwwofc_om1,2020-07-01,2020-08-01,8.682010295441231e-06,1.0
dona_wwwmlc_om6,2020-07-01,2020-08-01,2.5276216106079825e-05,0.8944271909999159
dona_wwwmlc_om5,2020-07-01,2020-08-01,7.268074748171237e-05,1.0
dona_wwwmlc_om4,2020-07-01,2020-08-01,5.189567615210169e-05,0.8401680504168059
dona_wwwmlc_om3,2020-07-01,2020-08-01,2.709672536821268e-07,1.0
dona_wwwlnc_om6,2020-07-01,2020-08-01,0.025034709453696076,1.0
dona_wwwlnc_om5,2020-07-01,2020-08-01,0.0024206208858386763,1.0
dona_wwwlnc_om4,2020-07-01,2020-08-01,0.0010532626999578427,1.0
dona_wwwlnc_om3,2020-07-01,2020-08-01,0.00013004542623163548,1.0
dona_wwwlnc_om2,2020-07-01,2020-08-01,0.0027008941144227513,1.0
dona_wwwlnc_om1,2020-07-01,2020-08-01,0.0020709741955785587,1.0
dona_wwwlbk_om6,2020-07-01,2020-08-01,0.0009641852596878461,0.9258200997725514
dona_wwwlbk_om5,2020-07-01,2020-08-01,0.00419824903438829,0.9258200997725514
dona_wwwlbk_om4,2020-07-01,2020-08-01,3.041548020234474e-05,0.8944271909999159
dona_wwwlbk_om3,2020-07-01,2020-08-01,0.0006842085316441831,0.9258200997725514
dona_wwwlbk_om2,2020-07-01,2020-08-01,0.0008090536625629757,0.9258200997725516
dona_wwwlbk_om1,2020-07-01,2020-08-01,0.0013317222762349262,0.8944271909999159
dona_wwwcfc_om6,2020-07-01,2020-08-01,0.00023901659180783388,1.0
dona_wwwcfc_om5,2020-07-01,2020-08-01,0.001800085141957148,0.8944271909999159
dona_wwwcfc_om4,2020-07-01,2020-08-01,6.020215001413167e-05,0.8944271909999159
dona_wwwcfc_om3,2020-07-01,2020-08-01,9.990416079591392e-06,0.8944271909999159
dona_wwwcfc_om2,2020-07-01,2020-08-01,4.327635659053752e-05,1.0
dona_wwwcfc_om1,2020-07-01,2020-08-01,6.615962107299006e-05,1.0
dona_wwwccb_om6,2020-07-01,2020-08-01,0.0004950133403552406,0.9258200997725516
dona_wwwccb_om5,2020-07-01,2020-08-01,0.0022048668056207322,0.9258200997725514
dona_wwwccb_om4,2020-07-01,2020-08-01,7.278709377989206e-05,0.9258200997725516
dona_wwwccb_om3,2020-07-01,2020-08-01,0.00016652397118351823,1.0
dona_wwwccb_om2,2020-07-01,2020-08-01,0.000274450337787524,1.0
dona_wwwccb_om1,2020-07-01,2020-08-01,0.00022442595663509516,1.0
cc1a_wwwwww_m6,2020-07-01,2020-08-01,0.001031030824107484,0.9545454545454546
cc1a_wwwwww_m3,2020-07-01,2020-08-01,0.036056986211801034,0.9555555555555554
cc1a_wwwwww_m1,2020-07-01,2020-08-01,0.0055176430184959244,0.9555555555555554
cc1a_wwwpfc_m6,2020-07-01,2020-08-01,0.00017530225459833835,1.0
cc1a_wwwpfc_m3,2020-07-01,2020-08-01,0.00020874828506794598,0.9888264649460884
cc1a_wwwpfc_m1,2020-07-01,2020-08-01,8.837561120162198e-05,0.9304842103984708
cc1a_wwwpdl_m6,2020-07-01,2020-08-01,0.0003304125610369252,1.0
cc1a_wwwpdl_m3,2020-07-01,2020-08-01,0.0004323779311835258,0.9888264649460884
cc1a_wwwpdl_m1,2020-07-01,2020-08-01,9.142118709316822e-05,1.0
cc1a_wwwofc_m6,2020-07-01,2020-08-01,0.00016802063714235988,0.9545454545454546
cc1a_wwwofc_m3,2020-07-01,2020-08-01,9.901196573348514e-05,0.9770084209183943
cc1a_wwwofc_m1,2020-07-01,2020-08-01,0.00013783583155770542,0.9425910042369908
cc1a_wwwmlc_m6,2020-07-01,2020-08-01,0.00024463462860453,1.0
cc1a_wwwmlc_m3,2020-07-01,2020-08-01,0.00010671399847414332,0.7954545454545455
cc1a_wwwmlc_m1,2020-07-01,2020-08-01,5.829922933147233e-06,0.966091783079296
cc1a_wwwlnc_m6,2020-07-01,2020-08-01,0.003403104229017177,1.0
cc1a_wwwlnc_m3,2020-07-01,2020-08-01,0.0055284556402795965,0.9888264649460884
cc1a_wwwlnc_m1,2020-07-01,2020-08-01,0.0037774752081608655,0.8989331499509894
cc1a_wwwlbk_m6,2020-07-01,2020-08-01,0.0009259280188485043,1.0
cc1a_wwwlbk_m3,2020-07-01,2020-08-01,0.0006642987769261928,1.0
cc1a_wwwlbk_m1,2020-07-01,2020-08-01,0.0015288689836608336,0.9555555555555554
cc1a_wwwcfc_m6,2020-07-01,2020-08-01,0.00033579010356414986,1.0
cc1a_wwwcfc_m3,2020-07-01,2020-08-01,0.00011129589572881367,1.0
cc1a_wwwcfc_m1,2020-07-01,2020-08-01,0.00023246648228745712,0.9111111111111109
cc1a_wwwccb_m6,2020-07-01,2020-08-01,0.0004641755225098428,0.9555555555555554
cc1a_wwwccb_m3,2020-07-01,2020-08-01,0.00016489182691277102,1.0
cc1a_wwwccb_m1,2020-07-01,2020-08-01,0.00010397531404194076,1.0
