other_budget__42_amount_sum_6m,2020-08-01,2020-09-01,0.00213744017711862,0.9555555555555554
other_budget__42_amount_sum_3m,2020-08-01,2020-09-01,0.0013031454484107175,1.0
other_budget__42_amount_sum_1m,2020-08-01,2020-09-01,0.003173471025622777,0.8222222222222221
other_budget__42_amount_min_6m,2020-08-01,2020-09-01,0.0013466125165076206,0.9090909090909092
other_budget__42_amount_min_3m,2020-08-01,2020-09-01,0.0007572610547439898,0.9545454545454546
other_budget__42_amount_min_1m,2020-08-01,2020-09-01,0.003182232151333191,1.0
other_budget__42_amount_max_6m,2020-08-01,2020-09-01,0.0037799470857594313,0.9111111111111109
other_budget__42_amount_max_3m,2020-08-01,2020-09-01,0.0019926002692156122,0.9111111111111109
other_budget__42_amount_max_1m,2020-08-01,2020-09-01,0.002509178524178548,0.9111111111111109
other_budget__42_amount_cnt_6m,2020-08-01,2020-09-01,7.206591966653745e-05,1.0
other_budget__42_amount_cnt_3m,2020-08-01,2020-09-01,0.0002354176562182713,1.0
other_budget__42_amount_cnt_1m,2020-08-01,2020-09-01,0.0008011663473170499,1.0
other_budget__42_amount_big_6m,2020-08-01,2020-09-01,0.00015089577856791848,1.0
other_budget__42_amount_big_3m,2020-08-01,2020-09-01,5.317077983531836e-05,0.9555555555555554
other_budget__42_amount_big_1m,2020-08-01,2020-09-01,2.814907856507329e-05,1.0
other_budget__42_alipay_amount_sum_6m,2020-08-01,2020-09-01,0.014691444922666169,0.5111111111111111
other_budget__42_alipay_amount_sum_3m,2020-08-01,2020-09-01,0.008006732784648762,0.7333333333333333
other_budget__42_alipay_amount_sum_1m,2020-08-01,2020-09-01,0.009012816103564645,0.7333333333333333
other_budget__41_wechatpay_amount_sum_6m,2020-08-01,2020-09-01,0.00028904403552461766,1.0
other_budget__41_wechatpay_amount_sum_3m,2020-08-01,2020-09-01,0.0001143249143133011,0.9555555555555554
other_budget__41_wechatpay_amount_sum_1m,2020-08-01,2020-09-01,1.7539672833448278e-05,0.9111111111111109
other_budget__41_orgcnt_6m,2020-08-01,2020-09-01,0.01660793001598901,1.0
other_budget__41_orgcnt_3m,2020-08-01,2020-09-01,0.00010696824844770148,1.0
other_budget__41_orgcnt_1m,2020-08-01,2020-09-01,3.6097760494884636e-06,1.0
other_budget__41_jdpay_amount_sum_6m,2020-08-01,2020-09-01,0.00010639863233763277,1.0
other_budget__41_jdpay_amount_sum_3m,2020-08-01,2020-09-01,3.3989957159597627e-06,1.0
other_budget__41_jdpay_amount_sum_1m,2020-08-01,2020-09-01,2.8428496054007423e-06,1.0
other_budget__41_cnt_6m,2020-08-01,2020-09-01,0.010505941587668202,0.9555555555555554
other_budget__41_cnt_3m,2020-08-01,2020-09-01,0.00023080318049912681,0.9555555555555554
other_budget__41_cnt_1m,2020-08-01,2020-09-01,2.1042320240827498e-05,1.0
other_budget__41_amount_sum_6m,2020-08-01,2020-09-01,0.010667847039534276,0.8666666666666666
other_budget__41_amount_sum_3m,2020-08-01,2020-09-01,0.0002211975328299116,0.8666666666666666
other_budget__41_amount_sum_1m,2020-08-01,2020-09-01,0.0008112388538852888,1.0
other_budget__41_amount_min_6m,2020-08-01,2020-09-01,0.010824439568644257,0.9545454545454546
other_budget__41_amount_min_3m,2020-08-01,2020-09-01,0.0006148222118119231,0.9545454545454546
other_budget__41_amount_min_1m,2020-08-01,2020-09-01,0.0007448433469218539,0.9523809523809522
other_budget__41_amount_max_6m,2020-08-01,2020-09-01,0.006910694211523234,0.9555555555555554
other_budget__41_amount_max_3m,2020-08-01,2020-09-01,0.0004314551779864671,0.9555555555555554
other_budget__41_amount_max_1m,2020-08-01,2020-09-01,0.0008261363114989644,1.0
other_budget__41_amount_cnt_6m,2020-08-01,2020-09-01,0.007161630519273162,1.0
other_budget__41_amount_cnt_3m,2020-08-01,2020-09-01,0.0002921519689921982,1.0
other_budget__41_amount_cnt_1m,2020-08-01,2020-09-01,0.0003552541174725232,1.0
other_budget__41_amount_big_6m,2020-08-01,2020-09-01,5.714876787450859e-06,1.0
other_budget__41_amount_big_3m,2020-08-01,2020-09-01,1.1054532020015781e-05,1.0
other_budget__41_amount_big_1m,2020-08-01,2020-09-01,1.2290515543617075e-05,1.0
other_budget__41_alipay_amount_sum_6m,2020-08-01,2020-09-01,0.013069287566485087,0.9555555555555554
other_budget__41_alipay_amount_sum_3m,2020-08-01,2020-09-01,4.840132907648816e-05,1.0
other_budget__41_alipay_amount_sum_1m,2020-08-01,2020-09-01,3.587131004538093e-05,1.0
other_budget__0_cnt_6m,2020-08-01,2020-09-01,0.0010117839563529537,1.0
other_budget__0_cnt_3m,2020-08-01,2020-09-01,6.618100982718096e-05,1.0
other_budget__0_cnt_1m,2020-08-01,2020-09-01,0.0029162599760666217,1.0
onlineshopping__7_cnt_6m,2020-08-01,2020-09-01,7.18636039194072e-05,1.0
onlineshopping__7_cnt_1m,2020-08-01,2020-09-01,0.0005250705649620758,0.9545454545454546
onlineshopping__6_cnt_6m,2020-08-01,2020-09-01,0.00012353490601545104,1.0
onlineshopping__6_cnt_1m,2020-08-01,2020-09-01,0.0018238353555239055,0.9555555555555554
onlineshopping__1_cnt_6m,2020-08-01,2020-09-01,0.0014249826297487516,1.0
onlineshopping__1_cnt_1m,2020-08-01,2020-09-01,0.0009604495246922604,1.0
motion__1_cnt_3m,2020-08-01,2020-09-01,6.26377130529444e-19,1.0
motion__1_cnt_1m,2020-08-01,2020-09-01,6.26377130529444e-19,1.0
medical__7_cnt_6m,2020-08-01,2020-09-01,2.34076691391997e-05,0.9523809523809522
medical__7_cnt_1m,2020-08-01,2020-09-01,0.0010915990811829542,0.9487179487179488
medical__6_cnt_6m,2020-08-01,2020-09-01,0.00041288948182012703,1.0
medical__6_cnt_1m,2020-08-01,2020-09-01,0.0004999046919207016,1.0
medical__1_cnt_6m,2020-08-01,2020-09-01,0.0002434877817979663,1.0
medical__1_cnt_1m,2020-08-01,2020-09-01,5.159030148319685e-05,1.0
live__7_cnt_3m,2020-08-01,2020-09-01,9.811227683866023e-09,1.0
live__7_cnt_1m,2020-08-01,2020-09-01,1.5782223868678917e-08,1.0
live__7_amount_sum_3m,2020-08-01,2020-09-01,6.26377130529444e-19,1.0
live__7_amount_sum_1m,2020-08-01,2020-09-01,6.26377130529444e-19,1.0
live__7_amount_cnt_3m,2020-08-01,2020-09-01,6.26377130529444e-19,1.0
live__7_amount_cnt_1m,2020-08-01,2020-09-01,6.26377130529444e-19,1.0
live__6_cnt_3m,2020-08-01,2020-09-01,5.792607179144296e-07,1.0
live__6_cnt_1m,2020-08-01,2020-09-01,3.993093607750974e-06,1.0
live__6_amount_sum_3m,2020-08-01,2020-09-01,1.827054750154119e-08,0.8666666666666666
live__6_amount_sum_1m,2020-08-01,2020-09-01,2.2210024291417774e-07,1.0
live__6_amount_cnt_3m,2020-08-01,2020-09-01,7.692652408825329e-09,1.0
live__6_amount_cnt_1m,2020-08-01,2020-09-01,2.2742650567900228e-07,0.9438798074485388
live__1_cnt_3m,2020-08-01,2020-09-01,9.230877300931282e-05,1.0
live__1_cnt_1m,2020-08-01,2020-09-01,7.31515589851268e-05,1.0
law__29_cnt_6m,2020-08-01,2020-09-01,4.583716070056564e-06,0.9545454545454546
law__29_cnt_3m,2020-08-01,2020-09-01,7.5280879476893616e-06,0.9555555555555554
law__29_cnt_1m,2020-08-01,2020-09-01,1.9013893997344214e-05,1.0
invest__1_cnt_1m,2020-08-01,2020-09-01,6.26377130529444e-19,1.0
invest__127_cnt_1m,2020-08-01,2020-09-01,3.410552919111121e-05,0.9090909090909092
invest__126_cnt_1m,2020-08-01,2020-09-01,6.26377130529444e-19,1.0
invest__126_amount_sum_1m,2020-08-01,2020-09-01,6.26377130529444e-19,1.0
invest__126_amount_cnt_1m,2020-08-01,2020-09-01,6.26377130529444e-19,1.0
invest__125_cnt_1m,2020-08-01,2020-09-01,1.7052617457258065e-05,0.9487179487179488
invest__125_amount_sum_1m,2020-08-01,2020-09-01,7.565562677432382e-07,0.8222222222222221
invest__125_amount_cnt_1m,2020-08-01,2020-09-01,1.8456665773083613e-05,0.8857142857142858
invest__124_cnt_1m,2020-08-01,2020-09-01,6.26377130529444e-19,1.0
invest__124_amount_sum_1m,2020-08-01,2020-09-01,6.26377130529444e-19,1.0
invest__124_amount_cnt_1m,2020-08-01,2020-09-01,6.26377130529444e-19,1.0
invest__123_cnt_1m,2020-08-01,2020-09-01,0.0005200502479572325,0.9555555555555554
invest__123_amount_sum_1m,2020-08-01,2020-09-01,0.00028686243581228576,0.7333333333333333
invest__123_amount_cnt_1m,2020-08-01,2020-09-01,0.0001521933954900675,1.0
invest__122_cnt_1m,2020-08-01,2020-09-01,0.026067303930532883,0.9523809523809522
invest__122_amount_sum_1m,2020-08-01,2020-09-01,0.0006062907050627602,0.6888888888888888
invest__122_amount_cnt_1m,2020-08-01,2020-09-01,0.0004560042056552425,0.9545454545454546
invest__121_cnt_1m,2020-08-01,2020-09-01,0.00013460610720344244,0.8636363636363636
hotel__7_cnt_6m,2020-08-01,2020-09-01,0.00017422494254681808,1.0
hotel__7_cnt_1m,2020-08-01,2020-09-01,1.3727858042373124e-05,1.0
hotel__6_cnt_6m,2020-08-01,2020-09-01,2.910856400310332e-05,1.0
hotel__6_cnt_1m,2020-08-01,2020-09-01,0.00012695502399702284,0.9487179487179488
hotel__27_cnt_6m,2020-08-01,2020-09-01,0.0025121909194870604,1.0
hotel__27_cnt_1m,2020-08-01,2020-09-01,0.002405355966738109,1.0
hotel__25_cnt_6m,2020-08-01,2020-09-01,0.0011425588764083221,1.0
hotel__25_cnt_1m,2020-08-01,2020-09-01,0.00043208271435137317,0.9090909090909092
hotel__1_cnt_6m,2020-08-01,2020-09-01,0.0015436865204749564,1.0
hotel__1_cnt_1m,2020-08-01,2020-09-01,1.609898022718809e-05,1.0
government__111_cnt_1m,2020-08-01,2020-09-01,0.008544928864831906,0.9523809523809522
gong_ji_jin__1_cnt_1m,2020-08-01,2020-09-01,0.0003028958436227107,1.0
gong_ji_jin__17_cnt_1m,2020-08-01,2020-09-01,0.00016496142377859935,1.0
gong_ji_jin__15_cnt_1m,2020-08-01,2020-09-01,1.3384398471321547e-05,0.9428571428571428
games__7_cnt_6m,2020-08-01,2020-09-01,6.461741839596168e-06,1.0
games__7_cnt_1m,2020-08-01,2020-09-01,1.433083556797635e-05,1.0
games__7_amount_sum_6m,2020-08-01,2020-09-01,4.360016916755393e-07,0.9555555555555554
games__7_amount_sum_1m,2020-08-01,2020-09-01,1.9115329259571255e-07,0.9555555555555554
games__7_amount_cnt_6m,2020-08-01,2020-09-01,5.83695155028921e-08,1.0
games__7_amount_cnt_1m,2020-08-01,2020-09-01,1.136386187346966e-07,1.0
games__6_cnt_6m,2020-08-01,2020-09-01,8.993113300979433e-05,1.0
games__6_cnt_1m,2020-08-01,2020-09-01,0.0006517032445274983,0.8666666666666666
games__6_amount_sum_6m,2020-08-01,2020-09-01,0.00046759391078530176,0.9555555555555554
games__6_amount_sum_1m,2020-08-01,2020-09-01,0.005378781819864642,0.24444444444444444
games__6_amount_cnt_6m,2020-08-01,2020-09-01,3.1172166228004525e-05,0.9545454545454546
games__6_amount_cnt_1m,2020-08-01,2020-09-01,0.0013490490453012599,0.8666666666666666
games__1_cnt_6m,2020-08-01,2020-09-01,0.00077791400862087,1.0
games__1_cnt_1m,2020-08-01,2020-09-01,0.00027952570366062204,1.0
express__83_cnt_6m,2020-08-01,2020-09-01,0.0004545528928081467,1.0
express__83_cnt_1m,2020-08-01,2020-09-01,4.7858956209711104e-05,1.0
express__82_cnt_6m,2020-08-01,2020-09-01,0.0005129381460455914,1.0
express__82_cnt_1m,2020-08-01,2020-09-01,8.801097807776555e-05,0.9545454545454546
express__81_cnt_6m,2020-08-01,2020-09-01,0.0010839344210993307,1.0
express__81_cnt_1m,2020-08-01,2020-09-01,0.002532738116657713,0.9555555555555554
express__7_cnt_6m,2020-08-01,2020-09-01,0.00022424269158575317,1.0
express__7_cnt_1m,2020-08-01,2020-09-01,0.0006343575951359492,1.0
express__6_cnt_6m,2020-08-01,2020-09-01,0.00016579124911604424,0.9555555555555554
express__6_cnt_1m,2020-08-01,2020-09-01,0.0010642464987618038,1.0
express__1_cnt_6m,2020-08-01,2020-09-01,0.0006381838151829577,1.0
express__1_cnt_1m,2020-08-01,2020-09-01,0.0007544099484193447,1.0
edu_pay__7_cnt_3m,2020-08-01,2020-09-01,2.1566668964009878e-05,1.0
edu_pay__7_cnt_1m,2020-08-01,2020-09-01,1.0419323280941457e-05,1.0
edu_pay__6_cnt_3m,2020-08-01,2020-09-01,0.00013914368254506625,0.9555555555555554
edu_pay__6_cnt_1m,2020-08-01,2020-09-01,0.00022579385778659635,0.9545454545454546
edu_pay__1_cnt_3m,2020-08-01,2020-09-01,2.4785389871833223e-05,1.0
edu_pay__1_cnt_1m,2020-08-01,2020-09-01,0.0006044775388713183,1.0
credit_card__62_cnt_6m,2020-08-01,2020-09-01,3.752468361247908e-06,1.0
credit_card__62_cnt_3m,2020-08-01,2020-09-01,3.065089809017941e-05,1.0
credit_card__62_cnt_1m,2020-08-01,2020-09-01,2.352497461974e-05,1.0
credit_card__60_overdue2_6m,2020-08-01,2020-09-01,3.896310018683655e-06,0.9555555555555554
credit_card__60_overdue2_3m,2020-08-01,2020-09-01,7.79958315617722e-06,0.9555555555555554
credit_card__60_overdue2_1m,2020-08-01,2020-09-01,6.963626296850255e-05,1.0
credit_card__60_overdue1_6m,2020-08-01,2020-09-01,0.00015776083823949857,0.9555555555555554
credit_card__60_overdue1_3m,2020-08-01,2020-09-01,4.839097379849156e-05,0.9555555555555554
credit_card__60_overdue1_1m,2020-08-01,2020-09-01,8.6722462076218e-05,1.0
credit_card__60_orgcnt_6m,2020-08-01,2020-09-01,4.370722149143594e-05,1.0
credit_card__60_orgcnt_3m,2020-08-01,2020-09-01,6.620777151257357e-05,1.0
credit_card__60_orgcnt_1m,2020-08-01,2020-09-01,3.1822783175249236e-05,1.0
credit_card__60_cnt_6m,2020-08-01,2020-09-01,0.00013039982401691022,0.9555555555555554
credit_card__60_cnt_3m,2020-08-01,2020-09-01,4.637784116733413e-05,1.0
credit_card__60_cnt_1m,2020-08-01,2020-09-01,8.720470079678821e-05,1.0
credit_card__60_amount_sum_6m,2020-08-01,2020-09-01,2.1996557584756027e-05,1.0
credit_card__60_amount_sum_3m,2020-08-01,2020-09-01,6.0851882519396155e-05,0.8666666666666666
credit_card__60_amount_sum_1m,2020-08-01,2020-09-01,3.6208344690619935e-05,0.9555555555555554
credit_card__59_cnt_6m,2020-08-01,2020-09-01,5.0481557234336154e-05,1.0
credit_card__59_cnt_3m,2020-08-01,2020-09-01,7.814075979142978e-05,1.0
credit_card__59_cnt_1m,2020-08-01,2020-09-01,0.00045793603484810095,1.0
credit_card__59_amount_cnt_6m,2020-08-01,2020-09-01,5.290613575095138e-05,0.9487179487179488
credit_card__59_amount_cnt_3m,2020-08-01,2020-09-01,8.086216447883065e-05,1.0
credit_card__59_amount_cnt_1m,2020-08-01,2020-09-01,0.0005154463447420781,1.0
credit_card__58_cnt_6m,2020-08-01,2020-09-01,0.0014698783204665855,1.0
credit_card__58_cnt_3m,2020-08-01,2020-09-01,0.002851936951130373,1.0
credit_card__58_cnt_1m,2020-08-01,2020-09-01,0.0003239259719580868,1.0
credit_card__56_cnt_6m,2020-08-01,2020-09-01,9.82866281982011e-06,0.9111111111111109
credit_card__56_cnt_3m,2020-08-01,2020-09-01,4.12016903316947e-06,1.0
credit_card__56_cnt_1m,2020-08-01,2020-09-01,8.595717145672022e-05,1.0
credit_card__55_orgcnt_6m,2020-08-01,2020-09-01,0.0006569752087777078,1.0
credit_card__55_orgcnt_3m,2020-08-01,2020-09-01,0.0007320320913041423,1.0
credit_card__55_orgcnt_1m,2020-08-01,2020-09-01,0.0033175903581316624,1.0
credit_card__55_cnt_6m,2020-08-01,2020-09-01,0.000355715781768934,0.9555555555555554
credit_card__55_cnt_3m,2020-08-01,2020-09-01,7.609799601673613e-06,1.0
credit_card__55_cnt_1m,2020-08-01,2020-09-01,0.00313234884632646,1.0
credit_card__55_amount_sum_6m,2020-08-01,2020-09-01,0.000562445936831907,0.9111111111111109
credit_card__55_amount_sum_3m,2020-08-01,2020-09-01,0.0023496942238177424,0.7777777777777777
credit_card__55_amount_sum_1m,2020-08-01,2020-09-01,0.00026832581456067144,0.8666666666666666
credit_card__55_amount_max_6m,2020-08-01,2020-09-01,0.0008211659802679287,0.9555555555555554
credit_card__55_amount_max_3m,2020-08-01,2020-09-01,0.0021346716672623555,0.7333333333333333
credit_card__55_amount_max_1m,2020-08-01,2020-09-01,0.00034621761099569784,0.8666666666666666
credit_card__55_amount_cnt_6m,2020-08-01,2020-09-01,0.00028893899580203385,1.0
credit_card__55_amount_cnt_3m,2020-08-01,2020-09-01,0.0007722663296583037,1.0
credit_card__55_amount_cnt_1m,2020-08-01,2020-09-01,8.85578694230529e-05,0.9555555555555554
credit_card__55_amount_big_6m,2020-08-01,2020-09-01,6.189422997399072e-05,1.0
credit_card__55_amount_big_3m,2020-08-01,2020-09-01,2.4036184282442647e-05,1.0
credit_card__55_amount_big_1m,2020-08-01,2020-09-01,0.00010741348334603111,1.0
credit_card__54_cnt_6m,2020-08-01,2020-09-01,2.453935183190877e-05,1.0
credit_card__54_cnt_3m,2020-08-01,2020-09-01,4.5295313708493365e-06,1.0
credit_card__54_cnt_1m,2020-08-01,2020-09-01,9.530674768208064e-06,1.0
credit_card__53_cnt_6m,2020-08-01,2020-09-01,0.00010333384687853045,1.0
credit_card__53_cnt_3m,2020-08-01,2020-09-01,3.9951865853722085e-05,1.0
credit_card__53_cnt_1m,2020-08-01,2020-09-01,0.0002208452680553508,1.0
credit_card__52_cnt_6m,2020-08-01,2020-09-01,1.3932726182989096e-05,1.0
credit_card__52_cnt_3m,2020-08-01,2020-09-01,9.665488670454633e-06,1.0
credit_card__52_cnt_1m,2020-08-01,2020-09-01,3.291050135365921e-05,1.0
credit_card__20_orgcnt_6m,2020-08-01,2020-09-01,0.00018364390259215934,0.9555555555555554
credit_card__20_orgcnt_3m,2020-08-01,2020-09-01,0.0006768136962865151,0.9555555555555554
credit_card__20_orgcnt_1m,2020-08-01,2020-09-01,0.0003516386411468697,1.0
credit_card__20_cnt_6m,2020-08-01,2020-09-01,0.00012591417819721623,1.0
credit_card__20_cnt_3m,2020-08-01,2020-09-01,0.00022810140812197407,1.0
credit_card__20_cnt_1m,2020-08-01,2020-09-01,0.0005396378705481191,1.0
credit_card__20_amount_sum_6m,2020-08-01,2020-09-01,5.859027321646036e-05,1.0
credit_card__20_amount_sum_3m,2020-08-01,2020-09-01,0.00021535685228614486,1.0
credit_card__20_amount_sum_1m,2020-08-01,2020-09-01,0.0002897637977436345,0.9555555555555554
credit_card__20_amount_min_6m,2020-08-01,2020-09-01,0.00011778423406154658,0.9555555555555554
credit_card__20_amount_min_3m,2020-08-01,2020-09-01,0.00023438613664581538,1.0
credit_card__20_amount_min_1m,2020-08-01,2020-09-01,0.0002381167673671147,1.0
credit_card__20_amount_max_6m,2020-08-01,2020-09-01,5.381413081841197e-05,1.0
credit_card__20_amount_max_3m,2020-08-01,2020-09-01,0.00022145703783824354,1.0
credit_card__20_amount_max_1m,2020-08-01,2020-09-01,0.00016968372122965408,0.9555555555555554
credit_card__20_amount_cnt_6m,2020-08-01,2020-09-01,0.00014946856594270184,1.0
credit_card__20_amount_cnt_3m,2020-08-01,2020-09-01,0.0004268472042084159,1.0
credit_card__20_amount_cnt_1m,2020-08-01,2020-09-01,0.0005925341745110567,1.0
credit_card__1_cnt_6m,2020-08-01,2020-09-01,4.3211053972667336e-05,1.0
credit_card__1_cnt_3m,2020-08-01,2020-09-01,1.2293917078869468e-05,0.9555555555555554
credit_card__1_cnt_1m,2020-08-01,2020-09-01,0.00011287201093831392,0.9555555555555554
chat__7_cnt_3m,2020-08-01,2020-09-01,5.17985970987482e-06,1.0
chat__7_cnt_1m,2020-08-01,2020-09-01,5.646196136312503e-07,1.0
chat__7_amount_sum_3m,2020-08-01,2020-09-01,6.26377130529444e-19,1.0
chat__7_amount_sum_1m,2020-08-01,2020-09-01,6.26377130529444e-19,1.0
chat__7_amount_cnt_3m,2020-08-01,2020-09-01,6.26377130529444e-19,1.0
chat__7_amount_cnt_1m,2020-08-01,2020-09-01,6.26377130529444e-19,1.0
chat__6_cnt_3m,2020-08-01,2020-09-01,0.0005542181912764201,1.0
chat__6_cnt_1m,2020-08-01,2020-09-01,6.0425530893536155e-05,1.0
chat__6_amount_sum_3m,2020-08-01,2020-09-01,2.9754392659058263e-06,0.9555555555555554
chat__6_amount_sum_1m,2020-08-01,2020-09-01,3.4757790446776466e-05,0.7333333333333333
chat__6_amount_cnt_3m,2020-08-01,2020-09-01,2.40979766868362e-06,1.0
chat__6_amount_cnt_1m,2020-08-01,2020-09-01,2.124131469997462e-05,0.9487179487179488
chat__1_cnt_3m,2020-08-01,2020-09-01,6.14011818254165e-06,1.0
chat__1_cnt_1m,2020-08-01,2020-09-01,3.4550007773223796e-05,1.0
car__502_cnt_6m,2020-08-01,2020-09-01,0.0006835096029960411,0.9523809523809522
car__502_cnt_1m,2020-08-01,2020-09-01,9.6967967079782e-05,0.9047619047619048
car__502_amount_sum_6m,2020-08-01,2020-09-01,5.120659974932515e-08,1.0
car__502_amount_sum_1m,2020-08-01,2020-09-01,3.346818980117202e-06,0.9166666666666669
car__502_amount_cnt_6m,2020-08-01,2020-09-01,5.1551135090482306e-08,1.0
car__502_amount_cnt_1m,2020-08-01,2020-09-01,3.4321894598082256e-06,0.9166666666666669
car__501_cnt_6m,2020-08-01,2020-09-01,9.122083933010078e-05,0.9555555555555554
car__501_cnt_1m,2020-08-01,2020-09-01,0.00025033394836949035,1.0
car__501_amount_sum_6m,2020-08-01,2020-09-01,5.704688404604955e-05,0.8666666666666666
car__501_amount_sum_1m,2020-08-01,2020-09-01,5.193833133224561e-05,1.0
car__501_amount_cnt_6m,2020-08-01,2020-09-01,0.0001976344912185735,0.9555555555555554
car__501_amount_cnt_1m,2020-08-01,2020-09-01,5.909536431831745e-05,1.0
car__1_cnt_6m,2020-08-01,2020-09-01,0.005657107910392303,1.0
car__1_cnt_1m,2020-08-01,2020-09-01,0.00048362557250319763,1.0
car__12_cnt_6m,2020-08-01,2020-09-01,1.0706118850124157e-05,1.0
car__12_cnt_1m,2020-08-01,2020-09-01,1.001175582221774e-05,1.0
car__11_cnt_6m,2020-08-01,2020-09-01,0.00022884629234346847,1.0
car__11_cnt_1m,2020-08-01,2020-09-01,0.0004912390357748121,0.9523809523809522
business_insurance__33_cnt_1m,2020-08-01,2020-09-01,3.694153055443304e-05,1.0
business_insurance__32_cnt_1m,2020-08-01,2020-09-01,0.0002161872930552025,1.0
business_insurance__32_amount_sum_1m,2020-08-01,2020-09-01,0.0002590804006877746,0.9555555555555554
business_insurance__32_amount_cnt_1m,2020-08-01,2020-09-01,0.000206850390702224,1.0
business_insurance__31_cnt_1m,2020-08-01,2020-09-01,6.26377130529444e-19,1.0
business_insurance__31_amount_sum_1m,2020-08-01,2020-09-01,6.26377130529444e-19,1.0
business_insurance__31_amount_cnt_1m,2020-08-01,2020-09-01,6.26377130529444e-19,1.0
business_insurance__1_cnt_1m,2020-08-01,2020-09-01,3.250698221999447e-05,1.0
bank_budget__24_cnt_6m,2020-08-01,2020-09-01,2.447204684149802e-05,1.0
bank_budget__24_cnt_3m,2020-08-01,2020-09-01,3.3771796089568005e-05,1.0
bank_budget__24_cnt_1m,2020-08-01,2020-09-01,4.8942042797036856e-05,1.0
bank_budget__24_amount_sum_6m,2020-08-01,2020-09-01,0.0006155119618164544,0.8222222222222221
bank_budget__24_amount_sum_3m,2020-08-01,2020-09-01,0.0005095192755495595,0.9111111111111109
bank_budget__24_amount_sum_1m,2020-08-01,2020-09-01,0.0006430474585570003,0.9111111111111109
bank_budget__24_amount_min_6m,2020-08-01,2020-09-01,0.000747132580385135,0.7333333333333333
bank_budget__24_amount_min_3m,2020-08-01,2020-09-01,0.0005626038244673212,0.9111111111111109
bank_budget__24_amount_min_1m,2020-08-01,2020-09-01,0.0006650422918412964,0.7777777777777777
bank_budget__24_amount_max_6m,2020-08-01,2020-09-01,0.0006411890743343189,0.7333333333333333
bank_budget__24_amount_max_3m,2020-08-01,2020-09-01,0.0005171507008062371,0.7333333333333333
bank_budget__24_amount_max_1m,2020-08-01,2020-09-01,0.0006449820266533247,0.7777777777777777
bank_budget__24_amount_cnt_6m,2020-08-01,2020-09-01,0.0002352915888770315,0.9545454545454546
bank_budget__24_amount_cnt_3m,2020-08-01,2020-09-01,0.0003371525211860585,1.0
bank_budget__24_amount_cnt_1m,2020-08-01,2020-09-01,0.0004523038976056339,1.0
bank_budget__23_cnt_6m,2020-08-01,2020-09-01,7.651405360389412e-05,0.9555555555555554
bank_budget__23_cnt_3m,2020-08-01,2020-09-01,9.433433456441848e-05,1.0
bank_budget__23_cnt_1m,2020-08-01,2020-09-01,0.0002842136024689362,1.0
bank_budget__23_amount_min_6m,2020-08-01,2020-09-01,6.794492734537945e-05,0.9555555555555554
bank_budget__23_amount_min_3m,2020-08-01,2020-09-01,5.204745056763359e-06,0.9555555555555554
bank_budget__23_amount_min_1m,2020-08-01,2020-09-01,8.713945799969133e-05,1.0
bank_budget__23_amount_max_6m,2020-08-01,2020-09-01,6.663018241372901e-05,1.0
bank_budget__23_amount_max_3m,2020-08-01,2020-09-01,8.512176034709959e-06,1.0
bank_budget__23_amount_max_1m,2020-08-01,2020-09-01,6.791015482579935e-05,1.0
bank_budget__22_orgcnt_6m,2020-08-01,2020-09-01,0.00049819498097302,1.0
bank_budget__22_orgcnt_3m,2020-08-01,2020-09-01,0.00031597695860162385,1.0
bank_budget__22_orgcnt_1m,2020-08-01,2020-09-01,0.0008144372478614298,1.0
bank_budget__22_cnt_6m,2020-08-01,2020-09-01,0.00046959726739873915,1.0
bank_budget__22_cnt_3m,2020-08-01,2020-09-01,0.0009249026806886307,1.0
bank_budget__22_cnt_1m,2020-08-01,2020-09-01,0.0021388634781370017,0.9555555555555554
bank_budget__22_amount_sum_6m,2020-08-01,2020-09-01,0.0004916652853525505,1.0
bank_budget__22_amount_sum_3m,2020-08-01,2020-09-01,0.00016839244332396186,0.9555555555555554
bank_budget__22_amount_sum_1m,2020-08-01,2020-09-01,0.0002734928200416075,0.9111111111111109
bank_budget__22_amount_max_6m,2020-08-01,2020-09-01,0.0004583269648859767,0.9555555555555554
bank_budget__22_amount_max_3m,2020-08-01,2020-09-01,0.00020151346789035055,1.0
bank_budget__22_amount_max_1m,2020-08-01,2020-09-01,0.00031814234938775955,0.9111111111111109
bank_budget__22_amount_cnt_6m,2020-08-01,2020-09-01,0.00033992611257098183,1.0
bank_budget__22_amount_cnt_3m,2020-08-01,2020-09-01,0.00036047677151279466,1.0
bank_budget__22_amount_cnt_1m,2020-08-01,2020-09-01,0.0005458125372420848,0.9555555555555554
bank_budget__22_amount_big_6m,2020-08-01,2020-09-01,0.0002213647442530696,1.0
bank_budget__22_amount_big_3m,2020-08-01,2020-09-01,3.346347823486472e-05,1.0
bank_budget__22_amount_big_1m,2020-08-01,2020-09-01,0.000197858870001804,0.9555555555555554
bank_budget__21_orgcnt_6m,2020-08-01,2020-09-01,0.00020120477739308891,1.0
bank_budget__21_orgcnt_3m,2020-08-01,2020-09-01,7.661981844835644e-05,1.0
bank_budget__21_orgcnt_1m,2020-08-01,2020-09-01,0.0005289825136674028,1.0
bank_budget__21_cnt_6m,2020-08-01,2020-09-01,0.00016982612428477543,1.0
bank_budget__21_cnt_3m,2020-08-01,2020-09-01,6.864068695203263e-05,1.0
bank_budget__21_cnt_1m,2020-08-01,2020-09-01,0.0009602353807047346,0.9111111111111109
bank_budget__21_amount_sum_6m,2020-08-01,2020-09-01,0.00044705177941288836,0.9555555555555554
bank_budget__21_amount_sum_3m,2020-08-01,2020-09-01,0.00014045314408855645,1.0
bank_budget__21_amount_sum_1m,2020-08-01,2020-09-01,0.000591447883233694,1.0
bank_budget__21_amount_max_6m,2020-08-01,2020-09-01,0.0003939055903966882,0.9555555555555554
bank_budget__21_amount_max_3m,2020-08-01,2020-09-01,8.65523538876299e-05,1.0
bank_budget__21_amount_max_1m,2020-08-01,2020-09-01,0.0005302059370634218,0.8666666666666666
bank_budget__21_amount_cnt_6m,2020-08-01,2020-09-01,0.00025418270817906795,1.0
bank_budget__21_amount_cnt_3m,2020-08-01,2020-09-01,8.01555888861012e-06,1.0
bank_budget__21_amount_cnt_1m,2020-08-01,2020-09-01,0.0008097860737389731,0.9555555555555554
bank_budget__21_amount_big_6m,2020-08-01,2020-09-01,0.00012529038382292786,1.0
bank_budget__21_amount_big_3m,2020-08-01,2020-09-01,4.296610294935908e-05,1.0
bank_budget__21_amount_big_1m,2020-08-01,2020-09-01,0.0004765942824436097,0.9555555555555554
bank_budget__1_cnt_6m,2020-08-01,2020-09-01,0.0004302823248589793,1.0
bank_budget__1_cnt_3m,2020-08-01,2020-09-01,0.00018009851432978312,1.0
bank_budget__1_cnt_1m,2020-08-01,2020-09-01,0.0010306666548830106,1.0
airplane__7_cnt_6m,2020-08-01,2020-09-01,0.000314135789295816,1.0
airplane__7_cnt_1m,2020-08-01,2020-09-01,3.079106011821482e-05,1.0
airplane__7_amount_sum_6m,2020-08-01,2020-09-01,0.0003656936228845277,0.6444444444444444
airplane__7_amount_sum_1m,2020-08-01,2020-09-01,0.0015658857871837413,0.24444444444444444
airplane__7_amount_cnt_6m,2020-08-01,2020-09-01,5.0968003999827776e-05,0.9487179487179488
airplane__7_amount_cnt_1m,2020-08-01,2020-09-01,0.0005090019158322881,1.0
airplane__6_cnt_6m,2020-08-01,2020-09-01,0.0007803951541140362,1.0
airplane__6_cnt_1m,2020-08-01,2020-09-01,0.0018308508803822655,1.0
airplane__6_amount_sum_6m,2020-08-01,2020-09-01,0.0004313526282680067,0.9111111111111109
airplane__6_amount_sum_1m,2020-08-01,2020-09-01,0.0010938279938420637,0.6888888888888888
airplane__6_amount_cnt_6m,2020-08-01,2020-09-01,0.0002671046874396408,1.0
airplane__6_amount_cnt_1m,2020-08-01,2020-09-01,5.6621747969256924e-05,1.0
airplane__2_cnt_6m,2020-08-01,2020-09-01,3.879097241944054e-05,1.0
airplane__2_cnt_1m,2020-08-01,2020-09-01,1.8645749928231868e-05,1.0
airplane__1_cnt_6m,2020-08-01,2020-09-01,0.0003803795641846227,0.9111111111111109
airplane__1_cnt_1m,2020-08-01,2020-09-01,9.072838056024546e-05,1.0
yys__20_cnt_6m,2020-08-01,2020-09-01,0.002937559631228517,0.9555555555555554
yys__20_cnt_1m,2020-08-01,2020-09-01,0.007007507656855836,1.0
yys__20_amount_sum_6m,2020-08-01,2020-09-01,0.0003882558402990904,0.9555555555555554
yys__20_amount_sum_1m,2020-08-01,2020-09-01,0.003074377469104248,0.9111111111111109
yys__20_amount_cnt_6m,2020-08-01,2020-09-01,0.0016479471631922725,1.0
yys__20_amount_cnt_1m,2020-08-01,2020-09-01,0.010765439927094164,0.8666666666666666
yys__1_cnt_6m,2020-08-01,2020-09-01,0.0013992359978928835,1.0
yys__1_cnt_1m,2020-08-01,2020-09-01,0.0024213851683012075,1.0
yys__16_cnt_6m,2020-08-01,2020-09-01,2.252976629287805e-05,1.0
yys__16_cnt_1m,2020-08-01,2020-09-01,0.0002650755677919644,1.0
yys__16_amount_sum_6m,2020-08-01,2020-09-01,3.3575372903207834e-05,1.0
yys__16_amount_sum_1m,2020-08-01,2020-09-01,0.00019299257945295232,0.9555555555555554
yys__16_amount_cnt_6m,2020-08-01,2020-09-01,0.00013278138506834326,1.0
yys__16_amount_cnt_1m,2020-08-01,2020-09-01,0.00022065161119428042,1.0
yys__15_cnt_6m,2020-08-01,2020-09-01,0.006160166383046656,0.9555555555555554
yys__15_cnt_1m,2020-08-01,2020-09-01,0.0028257778070263965,1.0
yys__15_amount_sum_6m,2020-08-01,2020-09-01,0.017152372438649324,0.8666666666666666
yys__15_amount_sum_1m,2020-08-01,2020-09-01,0.0022498756824974393,1.0
yys__15_amount_max_6m,2020-08-01,2020-09-01,0.0287228796112802,0.8222222222222221
yys__15_amount_max_1m,2020-08-01,2020-09-01,0.002696488540234231,1.0
yys__15_amount_cnt_6m,2020-08-01,2020-09-01,0.0006876128374567794,0.9555555555555554
yys__15_amount_cnt_1m,2020-08-01,2020-09-01,0.0029370778783657393,0.9555555555555554
yi_bao__1_cnt_1m,2020-08-01,2020-09-01,6.26377130529444e-19,1.0
yi_bao__17_cnt_1m,2020-08-01,2020-09-01,6.26377130529444e-19,1.0
yi_bao__15_cnt_1m,2020-08-01,2020-09-01,6.26377130529444e-19,1.0
train__7_cnt_6m,2020-08-01,2020-09-01,0.0002321101042395839,1.0
train__7_cnt_1m,2020-08-01,2020-09-01,0.0003794150757945377,1.0
train__7_amount_sum_6m,2020-08-01,2020-09-01,0.0004644783957048785,0.5555555555555555
train__7_amount_sum_1m,2020-08-01,2020-09-01,0.0010247986563852046,0.6444444444444444
train__7_amount_cnt_6m,2020-08-01,2020-09-01,0.00022168134184245503,1.0
train__7_amount_cnt_1m,2020-08-01,2020-09-01,0.0005101762127783203,1.0
train__6_cnt_6m,2020-08-01,2020-09-01,0.0006392104838496905,1.0
train__6_cnt_1m,2020-08-01,2020-09-01,0.0019366016747378448,0.9545454545454546
train__6_amount_sum_6m,2020-08-01,2020-09-01,0.00024725863923299643,1.0
train__6_amount_sum_1m,2020-08-01,2020-09-01,0.0001083111995197184,0.9111111111111109
train__6_amount_cnt_6m,2020-08-01,2020-09-01,0.00022910163071425562,1.0
train__6_amount_cnt_1m,2020-08-01,2020-09-01,4.525314138318175e-05,1.0
train__5_cnt_6m,2020-08-01,2020-09-01,0.00012297887097081396,1.0
train__5_cnt_1m,2020-08-01,2020-09-01,0.0003283909019357913,1.0
train__1_cnt_6m,2020-08-01,2020-09-01,0.0004130602161202001,1.0
train__1_cnt_1m,2020-08-01,2020-09-01,0.001646221915324154,1.0
tourism__7_cnt_6m,2020-08-01,2020-09-01,0.00029371934968914034,0.9090909090909092
tourism__7_cnt_1m,2020-08-01,2020-09-01,8.859454393807879e-06,0.9555555555555554
tourism__6_cnt_6m,2020-08-01,2020-09-01,8.547213322096239e-05,1.0
tourism__6_cnt_1m,2020-08-01,2020-09-01,2.1411633614127425e-05,1.0
tourism__1_cnt_6m,2020-08-01,2020-09-01,0.00045967927823770984,1.0
tourism__1_cnt_1m,2020-08-01,2020-09-01,7.723298049906201e-05,1.0
taxi__8_cnt_6m,2020-08-01,2020-09-01,3.902786306896861e-08,1.0
taxi__8_cnt_1m,2020-08-01,2020-09-01,5.489659439413913e-09,1.0
taxi__7_cnt_6m,2020-08-01,2020-09-01,8.568714596702759e-07,1.0
taxi__7_cnt_1m,2020-08-01,2020-09-01,1.8077215893422863e-05,0.8461538461538461
taxi__6_cnt_6m,2020-08-01,2020-09-01,0.0004287718187697669,0.9111111111111109
taxi__6_cnt_1m,2020-08-01,2020-09-01,0.00031269245316297106,0.9555555555555554
taxi__41_cnt_6m,2020-08-01,2020-09-01,0.00014596953992219048,1.0
taxi__41_cnt_1m,2020-08-01,2020-09-01,0.0019347313360953675,0.9487179487179488
taxi__41_amount_sum_6m,2020-08-01,2020-09-01,0.0027819745885978397,0.8222222222222221
taxi__41_amount_sum_1m,2020-08-01,2020-09-01,0.003284016363101149,0.6888888888888888
taxi__41_amount_cnt_6m,2020-08-01,2020-09-01,2.395960401757401e-05,1.0
taxi__41_amount_cnt_1m,2020-08-01,2020-09-01,0.0009177206984453321,1.0
taxi__1_cnt_6m,2020-08-01,2020-09-01,0.0006629486589141317,1.0
taxi__1_cnt_1m,2020-08-01,2020-09-01,0.00010323715872075288,1.0
takeoutfood__87_cnt_6m,2020-08-01,2020-09-01,0.0007731644079416582,1.0
takeoutfood__87_cnt_1m,2020-08-01,2020-09-01,0.0037830905471206047,0.9523809523809522
takeoutfood__86_cnt_6m,2020-08-01,2020-09-01,0.00012518441772495692,1.0
takeoutfood__86_cnt_1m,2020-08-01,2020-09-01,4.287362954461963e-05,1.0
takeoutfood__7_cnt_6m,2020-08-01,2020-09-01,0.0007647280329105154,0.9555555555555554
takeoutfood__7_cnt_1m,2020-08-01,2020-09-01,4.742818854377502e-05,1.0
takeoutfood__6_cnt_6m,2020-08-01,2020-09-01,0.00017404648538362914,0.9111111111111109
takeoutfood__6_cnt_1m,2020-08-01,2020-09-01,0.0006954497370647562,0.9090909090909092
takeoutfood__508_cnt_6m,2020-08-01,2020-09-01,0.002508127191337307,0.9555555555555554
takeoutfood__508_cnt_1m,2020-08-01,2020-09-01,0.0019503295681287535,0.9523809523809522
takeoutfood__508_amount_sum_6m,2020-08-01,2020-09-01,0.001475253106598123,0.7727272727272727
takeoutfood__508_amount_sum_1m,2020-08-01,2020-09-01,0.0028606743485742104,0.7727272727272727
takeoutfood__508_amount_cnt_6m,2020-08-01,2020-09-01,0.000945862052270715,1.0
takeoutfood__508_amount_cnt_1m,2020-08-01,2020-09-01,0.0013533588408626113,1.0
takeoutfood__1_cnt_6m,2020-08-01,2020-09-01,0.0006186320184051992,1.0
takeoutfood__1_cnt_1m,2020-08-01,2020-09-01,1.3986638782239099e-05,1.0
she_bao__1_cnt_1m,2020-08-01,2020-09-01,2.5068126079494892e-05,1.0
she_bao__17_cnt_1m,2020-08-01,2020-09-01,6.743248103634509e-07,0.9166666666666669
she_bao__15_cnt_1m,2020-08-01,2020-09-01,5.074581869931265e-05,1.0
room__508_cnt_6m,2020-08-01,2020-09-01,0.0031225133377691763,0.9111111111111109
room__508_cnt_1m,2020-08-01,2020-09-01,0.006848293581812259,0.9487179487179488
room__508_amount_sum_6m,2020-08-01,2020-09-01,3.3392677481751497e-06,1.0
room__508_amount_sum_1m,2020-08-01,2020-09-01,1.8820133883038027e-05,0.9555555555555554
room__508_amount_cnt_6m,2020-08-01,2020-09-01,1.605883915945076e-05,0.7333333333333333
room__508_amount_cnt_1m,2020-08-01,2020-09-01,1.6484586867997636e-05,1.0
room__1_cnt_6m,2020-08-01,2020-09-01,3.5167284049780574e-05,0.9555555555555554
room__1_cnt_1m,2020-08-01,2020-09-01,7.385872104547482e-05,1.0
room__12_cnt_6m,2020-08-01,2020-09-01,0.00024965542697391764,1.0
room__12_cnt_1m,2020-08-01,2020-09-01,0.00036955599478467465,0.9545454545454546
room__11_cnt_6m,2020-08-01,2020-09-01,0.0003099196945225402,1.0
room__11_cnt_1m,2020-08-01,2020-09-01,8.995398155290925e-05,1.0
restaurant__7_cnt_6m,2020-08-01,2020-09-01,2.2149412976248472e-05,1.0
restaurant__7_cnt_1m,2020-08-01,2020-09-01,5.4968840336090385e-06,0.9487179487179488
restaurant__6_cnt_6m,2020-08-01,2020-09-01,2.3644928729795715e-05,1.0
restaurant__6_cnt_1m,2020-08-01,2020-09-01,0.00022521976079057447,1.0
restaurant__1_cnt_6m,2020-08-01,2020-09-01,0.00044274854891152715,1.0
restaurant__1_cnt_1m,2020-08-01,2020-09-01,1.5311540779234197e-05,1.0
report__5_cnt_6m,2020-08-01,2020-09-01,0.0009341655618708123,1.0
report__5_cnt_3m,2020-08-01,2020-09-01,0.0015907627029852574,1.0
report__5_cnt_1m,2020-08-01,2020-09-01,0.0012226223310334936,1.0
report__1_cnt_6m,2020-08-01,2020-09-01,2.5132814109554073e-06,1.0
report__1_cnt_3m,2020-08-01,2020-09-01,1.5686894480052793e-05,1.0
report__1_cnt_1m,2020-08-01,2020-09-01,1.4733180077971307e-05,1.0
renting__7_cnt_3m,2020-08-01,2020-09-01,1.482860086624831e-07,1.0
renting__7_cnt_1m,2020-08-01,2020-09-01,6.266406670968593e-08,0.9523809523809522
renting__7_amount_sum_3m,2020-08-01,2020-09-01,1.5994592793148382e-07,1.0
renting__7_amount_sum_1m,2020-08-01,2020-09-01,3.0701095771173985e-08,1.0
renting__7_amount_cnt_3m,2020-08-01,2020-09-01,8.187378712167901e-08,1.0
renting__7_amount_cnt_1m,2020-08-01,2020-09-01,4.201660580261317e-08,1.0
renting__6_cnt_3m,2020-08-01,2020-09-01,8.189821379210093e-07,1.0
renting__6_cnt_1m,2020-08-01,2020-09-01,1.0463593839619986e-06,1.0
renting__6_amount_sum_3m,2020-08-01,2020-09-01,2.258272226288009e-06,1.0
renting__6_amount_sum_1m,2020-08-01,2020-09-01,1.388868296932644e-06,0.8222222222222221
renting__6_amount_cnt_3m,2020-08-01,2020-09-01,1.9869798089219486e-06,1.0
renting__6_amount_cnt_1m,2020-08-01,2020-09-01,2.8581609314538285e-07,0.9523809523809522
renting__1_cnt_3m,2020-08-01,2020-09-01,3.4777636085702858e-06,1.0
renting__1_cnt_1m,2020-08-01,2020-09-01,4.079338624072029e-05,1.0
renting__156_cnt_3m,2020-08-01,2020-09-01,1.5044751377752405e-05,0.9555555555555554
renting__156_cnt_1m,2020-08-01,2020-09-01,5.0824776227050315e-05,1.0
renting__152_cnt_3m,2020-08-01,2020-09-01,3.548079445050027e-06,1.0
renting__152_cnt_1m,2020-08-01,2020-09-01,8.35177921768987e-07,1.0
renting__152_amount_sum_3m,2020-08-01,2020-09-01,2.5657980706638782e-06,0.9555555555555554
renting__152_amount_sum_1m,2020-08-01,2020-09-01,1.2790584737744373e-05,0.7777777777777777
renting__152_amount_cnt_3m,2020-08-01,2020-09-01,7.857984994988211e-08,1.0
renting__152_amount_cnt_1m,2020-08-01,2020-09-01,1.4318143467417694e-06,1.0
renting__151_cnt_3m,2020-08-01,2020-09-01,4.130569870518867e-05,0.9555555555555554
renting__151_cnt_1m,2020-08-01,2020-09-01,6.151663013964225e-05,1.0
recruit__1_cnt_6m,2020-08-01,2020-09-01,0.00013012410773510734,0.9555555555555554
recruit__1_cnt_1m,2020-08-01,2020-09-01,0.002960104391894387,1.0
other_budget__42_wechatpay_amount_sum_6m,2020-08-01,2020-09-01,0.0012916396045037108,0.9555555555555554
other_budget__42_wechatpay_amount_sum_3m,2020-08-01,2020-09-01,0.0004586169674725222,0.9111111111111109
other_budget__42_wechatpay_amount_sum_1m,2020-08-01,2020-09-01,5.9622929186340906e-05,1.0
other_budget__42_orgcnt_6m,2020-08-01,2020-09-01,0.003771771620359269,1.0
other_budget__42_orgcnt_3m,2020-08-01,2020-09-01,0.0014926066762314925,1.0
other_budget__42_orgcnt_1m,2020-08-01,2020-09-01,0.0002542301988717064,1.0
other_budget__42_jdpay_amount_sum_6m,2020-08-01,2020-09-01,0.00018066364435253922,1.0
other_budget__42_jdpay_amount_sum_3m,2020-08-01,2020-09-01,0.00016393025013280004,1.0
other_budget__42_jdpay_amount_sum_1m,2020-08-01,2020-09-01,0.0007717687923456928,0.9090909090909092
other_budget__42_cnt_6m,2020-08-01,2020-09-01,0.003403987393768239,1.0
other_budget__42_cnt_3m,2020-08-01,2020-09-01,0.0012986105687946895,0.9555555555555554
other_budget__42_cnt_1m,2020-08-01,2020-09-01,0.0007483382007462629,1.0
loan__54_orgcnt_1m,2020-08-01,2020-09-01,5.281704030862704e-05,1.0
loan__54_little_orgcnt_6m,2020-08-01,2020-09-01,4.4765071763174155e-05,0.9523809523809522
loan__54_little_orgcnt_3m,2020-08-01,2020-09-01,4.693294596058673e-05,1.0
loan__54_little_orgcnt_1m,2020-08-01,2020-09-01,1.1570696159248786e-05,1.0
loan__54_little_cnt_6m,2020-08-01,2020-09-01,4.225781613702623e-05,1.0
loan__54_little_cnt_3m,2020-08-01,2020-09-01,4.1211206561130934e-05,1.0
loan__54_little_cnt_1m,2020-08-01,2020-09-01,1.2537023696466493e-05,1.0
loan__54_finance_orgcnt_6m,2020-08-01,2020-09-01,2.768119906283192e-07,1.0
loan__54_finance_orgcnt_3m,2020-08-01,2020-09-01,1.6975642166565192e-06,1.0
loan__54_finance_orgcnt_1m,2020-08-01,2020-09-01,1.5843312481294642e-06,1.0
loan__54_finance_cnt_6m,2020-08-01,2020-09-01,2.7341531680828434e-07,1.0
loan__54_finance_cnt_3m,2020-08-01,2020-09-01,2.0249072437691216e-06,0.9555555555555554
loan__54_finance_cnt_1m,2020-08-01,2020-09-01,1.9509686813792266e-06,0.9545454545454546
loan__54_cnt_6m,2020-08-01,2020-09-01,1.2146735419340226e-05,1.0
loan__54_cnt_3m,2020-08-01,2020-09-01,4.90415935730862e-06,1.0
loan__54_cnt_1m,2020-08-01,2020-09-01,5.077871576729848e-05,1.0
loan__53_strong_orgcnt_6m,2020-08-01,2020-09-01,2.606828312784711e-06,1.0
loan__53_strong_orgcnt_3m,2020-08-01,2020-09-01,3.1145996242374815e-06,1.0
loan__53_strong_orgcnt_1m,2020-08-01,2020-09-01,1.6678747298927153e-07,1.0
loan__53_strong_cnt_6m,2020-08-01,2020-09-01,2.1834044290238584e-06,1.0
loan__53_strong_cnt_3m,2020-08-01,2020-09-01,4.3503867181047985e-06,0.9428571428571428
loan__53_strong_cnt_1m,2020-08-01,2020-09-01,6.447850634727578e-06,1.0
loan__53_stages_orgcnt_6m,2020-08-01,2020-09-01,0.0002106516506145912,0.9438798074485388
loan__53_stages_orgcnt_3m,2020-08-01,2020-09-01,0.00021383264462137148,1.0
loan__53_stages_orgcnt_1m,2020-08-01,2020-09-01,0.0008055717930057753,0.9258200997725514
loan__53_stages_cnt_6m,2020-08-01,2020-09-01,2.895453573289363e-05,0.9111111111111109
loan__53_stages_cnt_3m,2020-08-01,2020-09-01,0.00013389632209505768,0.9090909090909092
loan__53_stages_cnt_1m,2020-08-01,2020-09-01,0.0009422118046491578,0.9523809523809522
loan__53_petty_orgcnt_6m,2020-08-01,2020-09-01,0.00018659982703956768,1.0
loan__53_petty_orgcnt_3m,2020-08-01,2020-09-01,0.0010818051652019855,1.0
loan__53_petty_orgcnt_1m,2020-08-01,2020-09-01,8.53768996714214e-06,1.0
loan__53_petty_cnt_6m,2020-08-01,2020-09-01,0.0001987536025589296,1.0
loan__53_petty_cnt_3m,2020-08-01,2020-09-01,0.0007811785943073738,0.9555555555555554
loan__53_petty_cnt_1m,2020-08-01,2020-09-01,3.2842905612368546e-06,1.0
loan__53_orgcnt_6m,2020-08-01,2020-09-01,6.521270333475697e-05,1.0
loan__53_orgcnt_3m,2020-08-01,2020-09-01,0.0004391734446089936,1.0
loan__53_orgcnt_1m,2020-08-01,2020-09-01,0.00014847415702642287,0.9770084209183943
loan__53_little_orgcnt_6m,2020-08-01,2020-09-01,9.404021652188953e-06,1.0
loan__53_little_orgcnt_3m,2020-08-01,2020-09-01,3.927823696401458e-06,1.0
loan__53_little_orgcnt_1m,2020-08-01,2020-09-01,1.4336992946630116e-06,1.0
loan__53_little_cnt_6m,2020-08-01,2020-09-01,1.0063034263716273e-05,1.0
loan__53_little_cnt_3m,2020-08-01,2020-09-01,4.49619188350378e-06,1.0
loan__53_little_cnt_1m,2020-08-01,2020-09-01,1.4912059766366281e-06,1.0
loan__53_finance_orgcnt_6m,2020-08-01,2020-09-01,4.7937201103296835e-05,0.9258200997725514
loan__53_finance_orgcnt_3m,2020-08-01,2020-09-01,7.357574980926794e-05,0.9258200997725516
loan__53_finance_orgcnt_1m,2020-08-01,2020-09-01,7.722016752526357e-05,1.0
loan__53_finance_cnt_6m,2020-08-01,2020-09-01,4.645535556564639e-05,1.0
loan__53_finance_cnt_3m,2020-08-01,2020-09-01,7.121833909402599e-05,1.0
loan__53_finance_cnt_1m,2020-08-01,2020-09-01,0.00011126203674038059,1.0
loan__53_cnt_6m,2020-08-01,2020-09-01,9.36895295797242e-05,1.0
loan__53_cnt_3m,2020-08-01,2020-09-01,0.0003994556061154903,1.0
loan__53_cnt_1m,2020-08-01,2020-09-01,0.00033417379586686384,1.0
loan__1_strong_cnt_6m,2020-08-01,2020-09-01,7.251159712035464e-08,1.0
loan__1_strong_cnt_3m,2020-08-01,2020-09-01,4.9352208972580605e-08,1.0
loan__1_strong_cnt_1m,2020-08-01,2020-09-01,6.830657193688712e-10,1.0
loan__1_stages_cnt_6m,2020-08-01,2020-09-01,3.043687409427092e-06,1.0
loan__1_stages_cnt_3m,2020-08-01,2020-09-01,2.4095704282020638e-05,1.0
loan__1_stages_cnt_1m,2020-08-01,2020-09-01,0.00060996776192565,1.0
loan__1_petty_cnt_6m,2020-08-01,2020-09-01,2.877670924733398e-05,1.0
loan__1_petty_cnt_3m,2020-08-01,2020-09-01,1.3485242864984446e-05,1.0
loan__1_petty_cnt_1m,2020-08-01,2020-09-01,7.004155065028129e-05,1.0
loan__1_little_cnt_6m,2020-08-01,2020-09-01,9.788505719075404e-08,1.0
loan__1_little_cnt_3m,2020-08-01,2020-09-01,2.285282384142945e-07,1.0
loan__1_little_cnt_1m,2020-08-01,2020-09-01,7.761385406846859e-07,1.0
loan__1_finance_cnt_6m,2020-08-01,2020-09-01,6.6976475676551126e-06,1.0
loan__1_finance_cnt_3m,2020-08-01,2020-09-01,2.340048576430456e-05,1.0
loan__1_finance_cnt_1m,2020-08-01,2020-09-01,1.492951454730524e-05,1.0
loan__1_cnt_6m,2020-08-01,2020-09-01,2.0889221646660335e-05,1.0
loan__1_cnt_3m,2020-08-01,2020-09-01,1.3254281636754229e-05,1.0
loan__1_cnt_1m,2020-08-01,2020-09-01,0.00032973868793576786,1.0
loan__141_strong_cnt_6m,2020-08-01,2020-09-01,1.1561282548438081e-07,1.0
loan__141_strong_cnt_3m,2020-08-01,2020-09-01,1.618015600404311e-08,1.0
loan__141_strong_cnt_1m,2020-08-01,2020-09-01,9.008811846373601e-10,1.0
loan__141_stages_cnt_6m,2020-08-01,2020-09-01,2.1963492104681993e-09,0.847579379526013
loan__141_stages_cnt_3m,2020-08-01,2020-09-01,6.435355201526486e-10,0.9166666666666669
loan__141_stages_cnt_1m,2020-08-01,2020-09-01,4.917501659538263e-10,0.9789450103725612
loan__141_petty_cnt_6m,2020-08-01,2020-09-01,2.196919875331224e-07,0.9555555555555554
loan__141_petty_cnt_3m,2020-08-01,2020-09-01,5.306362608960473e-06,0.9090909090909092
loan__141_petty_cnt_1m,2020-08-01,2020-09-01,1.616848045335651e-06,0.9090909090909092
loan__141_little_cnt_6m,2020-08-01,2020-09-01,3.0278739030907623e-06,1.0
loan__141_little_cnt_3m,2020-08-01,2020-09-01,1.6411734125933556e-08,1.0
loan__141_little_cnt_1m,2020-08-01,2020-09-01,2.3481055262770437e-08,1.0
loan__141_finance_cnt_6m,2020-08-01,2020-09-01,1.5659430327068818e-11,1.0
loan__141_finance_cnt_3m,2020-08-01,2020-09-01,3.0835178657318076e-08,0.9789450103725612
loan__141_finance_cnt_1m,2020-08-01,2020-09-01,6.26377130529444e-19,1.0
loan__141_cnt_6m,2020-08-01,2020-09-01,3.2729985883852354e-07,1.0
loan__141_cnt_3m,2020-08-01,2020-09-01,5.0119912462277725e-06,0.9545454545454546
loan__141_cnt_1m,2020-08-01,2020-09-01,1.3285077389072942e-06,0.9090909090909092
loan__140_strong_cnt_6m,2020-08-01,2020-09-01,6.26377130529444e-19,1.0
loan__140_strong_cnt_3m,2020-08-01,2020-09-01,6.26377130529444e-19,1.0
loan__140_strong_cnt_1m,2020-08-01,2020-09-01,6.26377130529444e-19,1.0
loan__140_stages_cnt_6m,2020-08-01,2020-09-01,6.26377130529444e-19,1.0
loan__140_stages_cnt_3m,2020-08-01,2020-09-01,6.26377130529444e-19,1.0
loan__140_stages_cnt_1m,2020-08-01,2020-09-01,6.26377130529444e-19,1.0
loan__140_petty_cnt_6m,2020-08-01,2020-09-01,6.26377130529444e-19,1.0
loan__140_petty_cnt_3m,2020-08-01,2020-09-01,6.26377130529444e-19,1.0
loan__140_petty_cnt_1m,2020-08-01,2020-09-01,6.26377130529444e-19,1.0
loan__140_little_cnt_6m,2020-08-01,2020-09-01,6.26377130529444e-19,1.0
loan__140_little_cnt_3m,2020-08-01,2020-09-01,6.26377130529444e-19,1.0
loan__140_little_cnt_1m,2020-08-01,2020-09-01,6.26377130529444e-19,1.0
loan__140_finance_cnt_6m,2020-08-01,2020-09-01,6.26377130529444e-19,1.0
loan__140_finance_cnt_3m,2020-08-01,2020-09-01,6.26377130529444e-19,1.0
loan__140_finance_cnt_1m,2020-08-01,2020-09-01,6.26377130529444e-19,1.0
loan__140_cnt_6m,2020-08-01,2020-09-01,6.26377130529444e-19,1.0
loan__140_cnt_3m,2020-08-01,2020-09-01,6.26377130529444e-19,1.0
loan__140_cnt_1m,2020-08-01,2020-09-01,6.26377130529444e-19,1.0
loan__138_strong_cnt_6m,2020-08-01,2020-09-01,2.6447039721669404e-12,1.0
loan__138_strong_cnt_3m,2020-08-01,2020-09-01,4.716008250835356e-10,1.0
loan__138_strong_cnt_1m,2020-08-01,2020-09-01,6.5253489885451575e-09,0.8091547798786778
loan__138_stages_cnt_6m,2020-08-01,2020-09-01,9.90294102063363e-07,1.0
loan__138_stages_cnt_3m,2020-08-01,2020-09-01,9.407584819334616e-07,1.0
loan__138_stages_cnt_1m,2020-08-01,2020-09-01,4.397030285325634e-05,1.0
loan__138_petty_cnt_6m,2020-08-01,2020-09-01,8.632165849277106e-06,1.0
loan__138_petty_cnt_3m,2020-08-01,2020-09-01,4.526481002290633e-06,1.0
loan__138_petty_cnt_1m,2020-08-01,2020-09-01,8.093724073129808e-06,1.0
loan__138_little_cnt_6m,2020-08-01,2020-09-01,6.565273487588892e-08,1.0
loan__138_little_cnt_3m,2020-08-01,2020-09-01,2.075731694914403e-08,1.0
loan__138_little_cnt_1m,2020-08-01,2020-09-01,4.7421114677229736e-08,1.0
loan__138_finance_cnt_6m,2020-08-01,2020-09-01,4.3340370409465225e-10,1.0
loan__138_finance_cnt_3m,2020-08-01,2020-09-01,3.69369504190724e-08,0.9428571428571428
loan__138_finance_cnt_1m,2020-08-01,2020-09-01,6.184089208542801e-08,0.9428571428571428
loan__138_cnt_6m,2020-08-01,2020-09-01,6.743852880211614e-07,1.0
loan__138_cnt_3m,2020-08-01,2020-09-01,2.7358354284669914e-07,1.0
loan__138_cnt_1m,2020-08-01,2020-09-01,4.210678776269786e-05,0.9487179487179488
loan__137_strong_overdue2_6m,2020-08-01,2020-09-01,1.2552599191301077e-06,1.0
loan__137_strong_overdue2_3m,2020-08-01,2020-09-01,1.8904698069310443e-06,1.0
loan__137_strong_overdue2_1m,2020-08-01,2020-09-01,3.7015459648442017e-07,1.0
loan__137_strong_overdue1_6m,2020-08-01,2020-09-01,2.470986247620178e-05,1.0
loan__137_strong_overdue1_3m,2020-08-01,2020-09-01,1.3624330816983056e-05,1.0
loan__137_strong_overdue1_1m,2020-08-01,2020-09-01,6.256840050411693e-05,0.9523809523809522
loan__137_strong_orgcnt_6m,2020-08-01,2020-09-01,2.6135010798350312e-05,1.0
loan__137_strong_orgcnt_3m,2020-08-01,2020-09-01,1.6381923498959594e-05,1.0
loan__137_strong_orgcnt_1m,2020-08-01,2020-09-01,5.821759838077296e-05,1.0
loan__137_strong_cnt_6m,2020-08-01,2020-09-01,2.469311834756493e-05,1.0
loan__137_strong_cnt_3m,2020-08-01,2020-09-01,1.423832351953089e-05,1.0
loan__137_strong_cnt_1m,2020-08-01,2020-09-01,5.826286299094897e-05,0.9523809523809522
loan__137_strong_amount_sum_6m,2020-08-01,2020-09-01,1.1887896621804018e-05,0.9111111111111109
loan__137_strong_amount_sum_3m,2020-08-01,2020-09-01,1.1954648887897347e-05,0.8666666666666666
loan__137_strong_amount_sum_1m,2020-08-01,2020-09-01,7.840477948315584e-05,0.7777777777777777
loan__137_stages_overdue2_6m,2020-08-01,2020-09-01,3.335732006373758e-05,0.9555555555555554
loan__137_stages_overdue2_3m,2020-08-01,2020-09-01,9.107704325869064e-06,1.0
loan__137_stages_overdue2_1m,2020-08-01,2020-09-01,1.719106107292736e-05,0.9545454545454546
loan__137_stages_overdue1_6m,2020-08-01,2020-09-01,2.0963006411350765e-05,0.9555555555555554
loan__137_stages_overdue1_3m,2020-08-01,2020-09-01,1.4526004827558374e-05,1.0
loan__137_stages_overdue1_1m,2020-08-01,2020-09-01,1.865051483487968e-05,1.0
loan__137_stages_orgcnt_6m,2020-08-01,2020-09-01,2.7661373075987355e-05,1.0
loan__137_stages_orgcnt_3m,2020-08-01,2020-09-01,1.38597688810561e-05,0.9888264649460884
loan__137_stages_orgcnt_1m,2020-08-01,2020-09-01,3.5749179425900217e-05,0.947330933431342
loan__137_stages_cnt_6m,2020-08-01,2020-09-01,1.840774553969716e-05,1.0
loan__137_stages_cnt_3m,2020-08-01,2020-09-01,9.025095740800232e-06,1.0
loan__137_stages_cnt_1m,2020-08-01,2020-09-01,3.5087548518275896e-05,1.0
loan__137_stages_amount_sum_6m,2020-08-01,2020-09-01,5.160497524663507e-06,1.0
loan__137_stages_amount_sum_3m,2020-08-01,2020-09-01,7.240565266545485e-06,0.9555555555555554
loan__137_stages_amount_sum_1m,2020-08-01,2020-09-01,1.873200444605842e-05,1.0
loan__137_petty_overdue2_6m,2020-08-01,2020-09-01,2.7364886753037272e-05,1.0
loan__137_petty_overdue2_3m,2020-08-01,2020-09-01,3.109058753643581e-05,1.0
loan__137_petty_overdue2_1m,2020-08-01,2020-09-01,0.00038406495014388245,0.9111111111111109
loan__137_petty_overdue1_6m,2020-08-01,2020-09-01,0.00010915621492884276,1.0
loan__137_petty_overdue1_3m,2020-08-01,2020-09-01,3.086098748139385e-05,1.0
loan__137_petty_overdue1_1m,2020-08-01,2020-09-01,0.000466651092766949,1.0
loan__137_petty_orgcnt_6m,2020-08-01,2020-09-01,1.8111832315058617e-05,0.9555555555555554
loan__137_petty_orgcnt_3m,2020-08-01,2020-09-01,3.22417069364707e-07,1.0
loan__137_petty_orgcnt_1m,2020-08-01,2020-09-01,0.0005928594205308826,1.0
loan__137_petty_cnt_6m,2020-08-01,2020-09-01,7.739438955947265e-05,1.0
loan__137_petty_cnt_3m,2020-08-01,2020-09-01,2.2738822698438865e-05,1.0
loan__137_petty_cnt_1m,2020-08-01,2020-09-01,0.0006080542064795184,0.9555555555555554
loan__137_petty_amount_sum_6m,2020-08-01,2020-09-01,2.083068401511644e-05,1.0
loan__137_petty_amount_sum_3m,2020-08-01,2020-09-01,5.684389793867652e-06,0.9555555555555554
loan__137_petty_amount_sum_1m,2020-08-01,2020-09-01,0.0002542055993044295,0.9555555555555554
loan__137_overdue2_6m,2020-08-01,2020-09-01,3.976716776854421e-05,0.9555555555555554
loan__137_overdue2_3m,2020-08-01,2020-09-01,2.36257928778084e-05,1.0
loan__137_overdue2_1m,2020-08-01,2020-09-01,0.0003287292288965519,1.0
loan__137_overdue1_6m,2020-08-01,2020-09-01,0.00011882097906970105,0.9555555555555554
loan__137_overdue1_3m,2020-08-01,2020-09-01,3.440845474517262e-05,1.0
loan__137_overdue1_1m,2020-08-01,2020-09-01,0.0004506327090771858,0.9555555555555554
loan__137_orgcnt_6m,2020-08-01,2020-09-01,2.0386928425841297e-05,1.0
loan__137_orgcnt_3m,2020-08-01,2020-09-01,1.6294002335310567e-06,0.9555555555555554
loan__137_orgcnt_1m,2020-08-01,2020-09-01,0.0005621166277823034,1.0
loan__137_little_overdue2_6m,2020-08-01,2020-09-01,4.3801626255030286e-06,0.9545454545454546
loan__137_little_overdue2_3m,2020-08-01,2020-09-01,8.356268858208948e-07,0.9545454545454546
loan__137_little_overdue2_1m,2020-08-01,2020-09-01,6.565871080972672e-06,1.0
loan__137_little_overdue1_6m,2020-08-01,2020-09-01,8.067449219053301e-07,1.0
loan__137_little_overdue1_3m,2020-08-01,2020-09-01,3.705770066061743e-07,0.9545454545454546
loan__137_little_overdue1_1m,2020-08-01,2020-09-01,2.749107254180014e-05,1.0
loan__137_little_orgcnt_6m,2020-08-01,2020-09-01,3.4089425400481524e-06,1.0
loan__137_little_orgcnt_3m,2020-08-01,2020-09-01,7.031936626045541e-07,0.9523809523809522
loan__137_little_orgcnt_1m,2020-08-01,2020-09-01,2.336198179112529e-05,1.0
loan__137_little_cnt_6m,2020-08-01,2020-09-01,2.59018410889432e-06,1.0
loan__137_little_cnt_3m,2020-08-01,2020-09-01,4.2647992526909277e-07,1.0
loan__137_little_cnt_1m,2020-08-01,2020-09-01,2.991271697539311e-05,1.0
loan__137_little_amount_sum_6m,2020-08-01,2020-09-01,5.46658422659248e-07,1.0
loan__137_little_amount_sum_3m,2020-08-01,2020-09-01,6.467561675225016e-07,1.0
loan__137_little_amount_sum_1m,2020-08-01,2020-09-01,9.7233283959823e-06,0.8666666666666666
loan__137_finance_overdue2_6m,2020-08-01,2020-09-01,4.8609471366633254e-05,0.8222222222222221
loan__137_finance_overdue2_3m,2020-08-01,2020-09-01,1.733338434535644e-05,0.9555555555555554
loan__137_finance_overdue2_1m,2020-08-01,2020-09-01,2.779565554192443e-05,0.9555555555555554
loan__137_finance_overdue1_6m,2020-08-01,2020-09-01,2.8510312746592888e-05,1.0
loan__137_finance_overdue1_3m,2020-08-01,2020-09-01,1.303830185318536e-05,1.0
loan__137_finance_overdue1_1m,2020-08-01,2020-09-01,5.594362708216396e-05,1.0
loan__137_finance_orgcnt_6m,2020-08-01,2020-09-01,3.900711656916849e-05,1.0
loan__137_finance_orgcnt_3m,2020-08-01,2020-09-01,1.5639427455036757e-05,1.0
loan__137_finance_orgcnt_1m,2020-08-01,2020-09-01,4.218700172981509e-05,1.0
loan__137_finance_cnt_6m,2020-08-01,2020-09-01,3.317623872952751e-05,0.9555555555555554
loan__137_finance_cnt_3m,2020-08-01,2020-09-01,1.7359794143663747e-05,1.0
loan__137_finance_cnt_1m,2020-08-01,2020-09-01,5.907611135631795e-05,0.9555555555555554
loan__137_finance_amount_sum_6m,2020-08-01,2020-09-01,3.542349395835778e-06,1.0
loan__137_finance_amount_sum_3m,2020-08-01,2020-09-01,5.945122866351333e-06,1.0
loan__137_finance_amount_sum_1m,2020-08-01,2020-09-01,0.00015791127713667426,0.8666666666666666
loan__137_cnt_6m,2020-08-01,2020-09-01,8.412483057997441e-05,0.9555555555555554
loan__137_cnt_3m,2020-08-01,2020-09-01,1.9064799214037587e-05,0.9555555555555554
loan__137_cnt_1m,2020-08-01,2020-09-01,0.0006047185343390699,1.0
loan__137_amount_sum_6m,2020-08-01,2020-09-01,1.1689988330681865e-05,0.9555555555555554
loan__137_amount_sum_3m,2020-08-01,2020-09-01,4.296612018074856e-06,1.0
loan__137_amount_sum_1m,2020-08-01,2020-09-01,0.00037375211233540447,0.8666666666666666
loan__135_strong_orgcnt_6m,2020-08-01,2020-09-01,0.00017478961839122276,1.0
loan__135_strong_orgcnt_3m,2020-08-01,2020-09-01,1.24721720612438e-05,1.0
loan__135_strong_orgcnt_1m,2020-08-01,2020-09-01,6.372738146300583e-05,1.0
loan__135_strong_cnt_6m,2020-08-01,2020-09-01,0.0001367725296468215,0.9555555555555554
loan__135_strong_cnt_3m,2020-08-01,2020-09-01,1.1849163269699506e-05,1.0
loan__135_strong_cnt_1m,2020-08-01,2020-09-01,0.00013797957388216896,1.0
loan__135_strong_amount_sum_6m,2020-08-01,2020-09-01,1.7126777201438762e-06,1.0
loan__135_strong_amount_sum_3m,2020-08-01,2020-09-01,4.136527303760854e-06,1.0
loan__135_strong_amount_sum_1m,2020-08-01,2020-09-01,1.7848573504583846e-05,0.9111111111111109
loan__135_strong_amount_min_6m,2020-08-01,2020-09-01,5.551575730547939e-07,1.0
loan__135_strong_amount_min_3m,2020-08-01,2020-09-01,2.4352419602652617e-06,1.0
loan__135_strong_amount_min_1m,2020-08-01,2020-09-01,1.4904542051118927e-05,1.0
loan__135_strong_amount_max_6m,2020-08-01,2020-09-01,1.4764368905164709e-06,0.9555555555555554
loan__135_strong_amount_max_3m,2020-08-01,2020-09-01,3.3982329756161836e-06,1.0
loan__135_strong_amount_max_1m,2020-08-01,2020-09-01,1.5788438540172033e-05,0.9555555555555554
loan__135_strong_amount_cnt_6m,2020-08-01,2020-09-01,1.5024336136056881e-06,0.9555555555555554
loan__135_strong_amount_cnt_3m,2020-08-01,2020-09-01,4.305957568661467e-06,0.9555555555555554
loan__135_strong_amount_cnt_1m,2020-08-01,2020-09-01,1.6989856169301413e-05,1.0
loan__135_stages_orgcnt_6m,2020-08-01,2020-09-01,7.529396096889376e-05,1.0
loan__135_stages_orgcnt_3m,2020-08-01,2020-09-01,0.00017025923172905646,0.9555555555555554
loan__135_stages_orgcnt_1m,2020-08-01,2020-09-01,4.106104752928111e-05,0.9636241116594316
loan__135_stages_cnt_6m,2020-08-01,2020-09-01,7.860027308813079e-05,0.9555555555555554
loan__135_stages_cnt_3m,2020-08-01,2020-09-01,6.509168860544745e-05,1.0
loan__135_stages_cnt_1m,2020-08-01,2020-09-01,3.5370017580621754e-05,1.0
loan__135_stages_amount_sum_6m,2020-08-01,2020-09-01,1.5864676626062758e-05,1.0
loan__135_stages_amount_sum_3m,2020-08-01,2020-09-01,3.094336108156864e-05,1.0
loan__135_stages_amount_sum_1m,2020-08-01,2020-09-01,6.773164137262953e-05,1.0
loan__135_stages_amount_min_6m,2020-08-01,2020-09-01,1.8070581926913014e-05,0.9111111111111109
loan__135_stages_amount_min_3m,2020-08-01,2020-09-01,2.8013718531165242e-05,1.0
loan__135_stages_amount_min_1m,2020-08-01,2020-09-01,5.169877206413576e-05,1.0
loan__135_stages_amount_max_6m,2020-08-01,2020-09-01,1.821798451112045e-05,1.0
loan__135_stages_amount_max_3m,2020-08-01,2020-09-01,3.324868110429529e-05,1.0
loan__135_stages_amount_max_1m,2020-08-01,2020-09-01,5.9655180270764086e-05,0.9555555555555554
loan__135_stages_amount_cnt_6m,2020-08-01,2020-09-01,6.782000673154475e-05,0.9555555555555554
loan__135_stages_amount_cnt_3m,2020-08-01,2020-09-01,2.981312498198452e-05,1.0
loan__135_stages_amount_cnt_1m,2020-08-01,2020-09-01,0.0003960863439681136,0.9555555555555554
loan__135_petty_orgcnt_6m,2020-08-01,2020-09-01,0.00019190823012643654,0.9111111111111109
loan__135_petty_orgcnt_3m,2020-08-01,2020-09-01,0.00012812917419474922,1.0
loan__135_petty_orgcnt_1m,2020-08-01,2020-09-01,0.000455067236967117,1.0
loan__135_petty_cnt_6m,2020-08-01,2020-09-01,0.0001236136121454651,1.0
loan__135_petty_cnt_3m,2020-08-01,2020-09-01,0.00022718933287121191,0.9111111111111109
loan__135_petty_cnt_1m,2020-08-01,2020-09-01,0.0006006890934310961,1.0
loan__135_petty_amount_sum_6m,2020-08-01,2020-09-01,0.0003841371195801188,0.9111111111111109
loan__135_petty_amount_sum_3m,2020-08-01,2020-09-01,0.000364078282327527,0.9555555555555554
loan__135_petty_amount_sum_1m,2020-08-01,2020-09-01,0.00016031465286194823,0.9555555555555554
loan__135_petty_amount_min_6m,2020-08-01,2020-09-01,0.0009178838835572847,0.9555555555555554
loan__135_petty_amount_min_3m,2020-08-01,2020-09-01,0.0008409984958294227,0.8222222222222221
loan__135_petty_amount_min_1m,2020-08-01,2020-09-01,0.0006182919113375116,0.9111111111111109
loan__135_petty_amount_max_6m,2020-08-01,2020-09-01,0.0005637398337814344,1.0
loan__135_petty_amount_max_3m,2020-08-01,2020-09-01,0.0007733483683555671,1.0
loan__135_petty_amount_max_1m,2020-08-01,2020-09-01,0.0004423432245924279,0.9111111111111109
loan__135_petty_amount_cnt_6m,2020-08-01,2020-09-01,0.0001369208269319772,1.0
loan__135_petty_amount_cnt_3m,2020-08-01,2020-09-01,0.0003731228149990394,0.9555555555555554
loan__135_petty_amount_cnt_1m,2020-08-01,2020-09-01,0.0005829151081216992,1.0
loan__135_orgcnt_6m,2020-08-01,2020-09-01,0.0004968732066756747,1.0
loan__135_orgcnt_3m,2020-08-01,2020-09-01,0.0005149665619880291,0.9555555555555554
loan__135_orgcnt_1m,2020-08-01,2020-09-01,0.000211237344969324,1.0
loan__135_little_orgcnt_6m,2020-08-01,2020-09-01,0.002518954315201007,1.0
loan__135_little_orgcnt_3m,2020-08-01,2020-09-01,0.0014774729456832622,1.0
loan__135_little_orgcnt_1m,2020-08-01,2020-09-01,2.860600764090723e-05,1.0
loan__135_little_cnt_6m,2020-08-01,2020-09-01,0.0015553323315153393,0.9111111111111109
loan__135_little_cnt_3m,2020-08-01,2020-09-01,0.0016093129259974286,1.0
loan__135_little_cnt_1m,2020-08-01,2020-09-01,0.0005735794642896593,0.9545454545454546
loan__135_little_amount_sum_6m,2020-08-01,2020-09-01,1.2751364563518488e-05,1.0
loan__135_little_amount_sum_3m,2020-08-01,2020-09-01,9.956750903490144e-06,1.0
loan__135_little_amount_sum_1m,2020-08-01,2020-09-01,0.00033197259605142283,0.8222222222222221
loan__135_little_amount_min_6m,2020-08-01,2020-09-01,1.0180359771682553e-05,1.0
loan__135_little_amount_min_3m,2020-08-01,2020-09-01,1.2133691666399167e-05,1.0
loan__135_little_amount_min_1m,2020-08-01,2020-09-01,0.00042692757126994234,0.8222222222222221
loan__135_little_amount_max_6m,2020-08-01,2020-09-01,1.0076686483897012e-05,0.9555555555555554
loan__135_little_amount_max_3m,2020-08-01,2020-09-01,9.385069524564346e-06,1.0
loan__135_little_amount_max_1m,2020-08-01,2020-09-01,0.0004191322104769349,0.8222222222222221
loan__135_little_amount_cnt_6m,2020-08-01,2020-09-01,0.00010512293189616108,0.7777777777777777
loan__135_little_amount_cnt_3m,2020-08-01,2020-09-01,5.6312222899315236e-05,0.9555555555555554
loan__135_little_amount_cnt_1m,2020-08-01,2020-09-01,0.0007419521670718512,0.9111111111111109
loan__135_finance_orgcnt_6m,2020-08-01,2020-09-01,0.0004199993202473866,0.9555555555555554
loan__135_finance_orgcnt_3m,2020-08-01,2020-09-01,0.0003451219732592826,0.9555555555555554
loan__135_finance_orgcnt_1m,2020-08-01,2020-09-01,8.302539231832325e-06,1.0
loan__135_finance_cnt_6m,2020-08-01,2020-09-01,0.00026037960832276345,0.8666666666666666
loan__135_finance_cnt_3m,2020-08-01,2020-09-01,0.0003801419271880508,0.9555555555555554
loan__135_finance_cnt_1m,2020-08-01,2020-09-01,1.8886325238006928e-05,1.0
loan__135_finance_amount_sum_6m,2020-08-01,2020-09-01,0.00021682612528238447,0.7777777777777777
loan__135_finance_amount_sum_3m,2020-08-01,2020-09-01,0.0005847513649565992,0.4666666666666666
loan__135_finance_amount_sum_1m,2020-08-01,2020-09-01,0.0002847236133139236,0.8222222222222221
loan__135_finance_amount_min_6m,2020-08-01,2020-09-01,0.0001258653325707178,1.0
loan__135_finance_amount_min_3m,2020-08-01,2020-09-01,0.00018845318256558932,0.8666666666666666
loan__135_finance_amount_min_1m,2020-08-01,2020-09-01,0.00020329216614634475,0.7777777777777777
loan__135_finance_amount_max_6m,2020-08-01,2020-09-01,0.00020865800710117533,0.8222222222222221
loan__135_finance_amount_max_3m,2020-08-01,2020-09-01,0.00029384856636696465,0.8222222222222221
loan__135_finance_amount_max_1m,2020-08-01,2020-09-01,0.00024188425211046528,0.7777777777777777
loan__135_finance_amount_cnt_6m,2020-08-01,2020-09-01,0.00043098849695446287,0.9555555555555554
loan__135_finance_amount_cnt_3m,2020-08-01,2020-09-01,0.0004896438246199394,0.8666666666666666
loan__135_finance_amount_cnt_1m,2020-08-01,2020-09-01,3.0936149069388354e-05,1.0
loan__135_cnt_6m,2020-08-01,2020-09-01,0.0003137779198295525,0.9555555555555554
loan__135_cnt_3m,2020-08-01,2020-09-01,0.00026979403472296887,1.0
loan__135_cnt_1m,2020-08-01,2020-09-01,0.0003622507720014922,0.9555555555555554
loan__135_amount_sum_6m,2020-08-01,2020-09-01,0.00020633014827108566,0.9111111111111109
loan__135_amount_sum_3m,2020-08-01,2020-09-01,0.00012110864036011223,1.0
loan__135_amount_sum_1m,2020-08-01,2020-09-01,0.00025360746219440134,1.0
loan__135_amount_min_6m,2020-08-01,2020-09-01,0.00045188806504077307,0.9555555555555554
loan__135_amount_min_3m,2020-08-01,2020-09-01,0.00047626913108256877,0.9555555555555554
loan__135_amount_min_1m,2020-08-01,2020-09-01,0.000394717041681955,1.0
loan__135_amount_max_6m,2020-08-01,2020-09-01,0.0003031328430756404,1.0
loan__135_amount_max_3m,2020-08-01,2020-09-01,0.00033603657071489153,0.9555555555555554
loan__135_amount_max_1m,2020-08-01,2020-09-01,0.0003442341450270114,0.8666666666666666
loan__135_amount_cnt_6m,2020-08-01,2020-09-01,7.533030410891864e-05,1.0
loan__135_amount_cnt_3m,2020-08-01,2020-09-01,9.77664675809333e-05,1.0
loan__135_amount_cnt_1m,2020-08-01,2020-09-01,0.00041469609503403147,1.0
loan__134_strong_cnt_6m,2020-08-01,2020-09-01,3.3571075934144743e-07,1.0
loan__134_strong_cnt_3m,2020-08-01,2020-09-01,3.650807531480536e-06,0.9428571428571428
loan__134_strong_cnt_1m,2020-08-01,2020-09-01,5.038175924379625e-06,0.9428571428571428
loan__134_stages_cnt_6m,2020-08-01,2020-09-01,1.7980067547977205e-05,1.0
loan__134_stages_cnt_3m,2020-08-01,2020-09-01,1.1766042874109687e-05,1.0
loan__134_stages_cnt_1m,2020-08-01,2020-09-01,5.357273884370023e-05,1.0
loan__134_petty_cnt_6m,2020-08-01,2020-09-01,8.054469686802655e-05,1.0
loan__134_petty_cnt_3m,2020-08-01,2020-09-01,1.2714358416325106e-05,1.0
loan__134_petty_cnt_1m,2020-08-01,2020-09-01,4.3181477767261495e-05,1.0
loan__134_little_cnt_6m,2020-08-01,2020-09-01,6.189046366843492e-06,0.9555555555555554
loan__134_little_cnt_3m,2020-08-01,2020-09-01,4.262850243172944e-06,1.0
loan__134_little_cnt_1m,2020-08-01,2020-09-01,7.2827288278936725e-06,1.0
loan__134_finance_cnt_6m,2020-08-01,2020-09-01,7.622473042768411e-05,1.0
loan__134_finance_cnt_3m,2020-08-01,2020-09-01,7.198460427744799e-05,1.0
loan__134_finance_cnt_1m,2020-08-01,2020-09-01,2.7879762572175482e-05,1.0
loan__134_cnt_6m,2020-08-01,2020-09-01,6.865712769708757e-05,1.0
loan__134_cnt_3m,2020-08-01,2020-09-01,1.5397637704135322e-05,1.0
loan__134_cnt_1m,2020-08-01,2020-09-01,5.3673283278724906e-05,1.0
loan__131_strong_orgcnt_6m,2020-08-01,2020-09-01,1.0243774719418918e-05,1.0
loan__131_strong_orgcnt_3m,2020-08-01,2020-09-01,1.8593494149015218e-06,1.0
loan__131_strong_orgcnt_1m,2020-08-01,2020-09-01,0.00011379073293390872,1.0
loan__131_strong_cnt_6m,2020-08-01,2020-09-01,1.0296892138572184e-05,1.0
loan__131_strong_cnt_3m,2020-08-01,2020-09-01,2.753667793084976e-06,0.9111111111111109
loan__131_strong_cnt_1m,2020-08-01,2020-09-01,0.0001292558561703745,0.7619047619047619
loan__131_stages_orgcnt_6m,2020-08-01,2020-09-01,8.128778011092537e-05,1.0
loan__131_stages_orgcnt_3m,2020-08-01,2020-09-01,7.575518080551881e-05,1.0
loan__131_stages_orgcnt_1m,2020-08-01,2020-09-01,4.8513958160419865e-06,0.9258200997725514
loan__131_stages_cnt_6m,2020-08-01,2020-09-01,7.787444816600597e-05,1.0
loan__131_stages_cnt_3m,2020-08-01,2020-09-01,7.698255746571297e-05,1.0
loan__131_stages_cnt_1m,2020-08-01,2020-09-01,6.881869061237517e-06,0.9487179487179488
loan__131_petty_orgcnt_6m,2020-08-01,2020-09-01,5.986361752599042e-05,1.0
loan__131_petty_orgcnt_3m,2020-08-01,2020-09-01,0.001255389085046164,1.0
loan__131_petty_orgcnt_1m,2020-08-01,2020-09-01,5.886901848949657e-05,1.0
loan__131_petty_cnt_6m,2020-08-01,2020-09-01,2.3058314132419446e-05,1.0
loan__131_petty_cnt_3m,2020-08-01,2020-09-01,0.0013792666647417,1.0
loan__131_petty_cnt_1m,2020-08-01,2020-09-01,2.0524390168919287e-05,1.0
loan__131_orgcnt_6m,2020-08-01,2020-09-01,7.38336262695335e-05,1.0
loan__131_orgcnt_3m,2020-08-01,2020-09-01,0.0009905894361420013,1.0
loan__131_orgcnt_1m,2020-08-01,2020-09-01,4.557692071020998e-05,1.0
loan__131_little_orgcnt_6m,2020-08-01,2020-09-01,7.437208251882593e-05,1.0
loan__131_little_orgcnt_3m,2020-08-01,2020-09-01,6.298814920158387e-05,1.0
loan__131_little_orgcnt_1m,2020-08-01,2020-09-01,3.12474106641034e-05,1.0
loan__131_little_cnt_6m,2020-08-01,2020-09-01,7.716468204678994e-05,0.9555555555555554
loan__131_little_cnt_3m,2020-08-01,2020-09-01,6.897005953339293e-05,1.0
loan__131_little_cnt_1m,2020-08-01,2020-09-01,5.326109459888146e-05,0.9523809523809522
loan__131_finance_orgcnt_6m,2020-08-01,2020-09-01,3.8417578266400376e-05,1.0
loan__131_finance_orgcnt_3m,2020-08-01,2020-09-01,1.7893363065324803e-05,1.0
loan__131_finance_orgcnt_1m,2020-08-01,2020-09-01,3.893123902374921e-09,1.0
loan__131_finance_cnt_6m,2020-08-01,2020-09-01,3.91612696079835e-05,1.0
loan__131_finance_cnt_3m,2020-08-01,2020-09-01,2.8522239057355382e-05,1.0
loan__131_finance_cnt_1m,2020-08-01,2020-09-01,5.563681204250106e-06,0.9545454545454546
loan__131_cnt_6m,2020-08-01,2020-09-01,3.0984978909081514e-05,1.0
loan__131_cnt_3m,2020-08-01,2020-09-01,0.001120479256879065,1.0
loan__131_cnt_1m,2020-08-01,2020-09-01,1.714504158778625e-05,1.0
loan__888_strong_cnt_6m,2020-08-01,2020-09-01,2.1225760711558712e-07,1.0
loan__888_strong_cnt_3m,2020-08-01,2020-09-01,3.3903366099033184e-07,0.9428571428571428
loan__888_strong_cnt_1m,2020-08-01,2020-09-01,9.78107543259307e-07,1.0
loan__888_stages_cnt_6m,2020-08-01,2020-09-01,6.649295028793626e-06,1.0
loan__888_stages_cnt_3m,2020-08-01,2020-09-01,3.325906291780005e-06,1.0
loan__888_stages_cnt_1m,2020-08-01,2020-09-01,2.7870774214783665e-05,1.0
loan__888_petty_cnt_6m,2020-08-01,2020-09-01,2.9133273968068542e-05,1.0
loan__888_petty_cnt_3m,2020-08-01,2020-09-01,1.0131790906409226e-05,1.0
loan__888_petty_cnt_1m,2020-08-01,2020-09-01,0.00028225209068622126,1.0
loan__888_little_cnt_6m,2020-08-01,2020-09-01,2.332433042897631e-05,0.9545454545454546
loan__888_little_cnt_3m,2020-08-01,2020-09-01,2.5310974824538863e-07,1.0
loan__888_little_cnt_1m,2020-08-01,2020-09-01,4.662668720629979e-06,0.9487179487179488
loan__888_finance_cnt_6m,2020-08-01,2020-09-01,1.5500556566009922e-06,1.0
loan__888_finance_cnt_3m,2020-08-01,2020-09-01,1.407562284197198e-06,1.0
loan__888_finance_cnt_1m,2020-08-01,2020-09-01,0.00017097994918271824,1.0
loan__888_cnt_6m,2020-08-01,2020-09-01,2.9293897706777477e-05,0.9555555555555554
loan__888_cnt_3m,2020-08-01,2020-09-01,7.04187932128226e-06,1.0
loan__888_cnt_1m,2020-08-01,2020-09-01,0.0003288158697976019,1.0
loan__59_strong_orgcnt_6m,2020-08-01,2020-09-01,2.911832470356713e-07,1.0
loan__59_strong_orgcnt_3m,2020-08-01,2020-09-01,1.871022894636868e-07,1.0
loan__59_strong_orgcnt_1m,2020-08-01,2020-09-01,1.8288524615024815e-06,1.0
loan__59_strong_cnt_6m,2020-08-01,2020-09-01,2.999785781375013e-07,1.0
loan__59_strong_cnt_3m,2020-08-01,2020-09-01,2.525950524739397e-07,1.0
loan__59_strong_cnt_1m,2020-08-01,2020-09-01,1.8285509854823869e-06,1.0
loan__59_stages_orgcnt_6m,2020-08-01,2020-09-01,2.622419600193977e-05,1.0
loan__59_stages_orgcnt_3m,2020-08-01,2020-09-01,2.197865584737188e-06,1.0
loan__59_stages_orgcnt_1m,2020-08-01,2020-09-01,3.6544335296050176e-05,1.0
loan__59_stages_cnt_6m,2020-08-01,2020-09-01,7.227167425271244e-07,1.0
loan__59_stages_cnt_3m,2020-08-01,2020-09-01,1.943148693257639e-06,0.9555555555555554
loan__59_stages_cnt_1m,2020-08-01,2020-09-01,3.987472472389599e-05,1.0
loan__59_petty_orgcnt_6m,2020-08-01,2020-09-01,1.3194283738883181e-05,0.9545454545454546
loan__59_petty_orgcnt_3m,2020-08-01,2020-09-01,6.694428501141723e-06,1.0
loan__59_petty_orgcnt_1m,2020-08-01,2020-09-01,1.8354438679342513e-05,1.0
loan__59_petty_cnt_6m,2020-08-01,2020-09-01,4.870417704025874e-05,0.9111111111111109
loan__59_petty_cnt_3m,2020-08-01,2020-09-01,4.8332968882365584e-05,1.0
loan__59_petty_cnt_1m,2020-08-01,2020-09-01,0.0005438005649827513,0.9111111111111109
loan__59_orgcnt_6m,2020-08-01,2020-09-01,1.2972790954382787e-05,1.0
loan__59_orgcnt_3m,2020-08-01,2020-09-01,4.661236055845665e-06,1.0
loan__59_orgcnt_1m,2020-08-01,2020-09-01,3.710256178636496e-05,1.0
loan__59_little_orgcnt_6m,2020-08-01,2020-09-01,4.528443238945828e-07,0.8181818181818182
loan__59_little_orgcnt_3m,2020-08-01,2020-09-01,6.450469635076987e-09,1.0
loan__59_little_orgcnt_1m,2020-08-01,2020-09-01,2.273417519970604e-07,1.0
loan__59_little_cnt_6m,2020-08-01,2020-09-01,2.7653451038460296e-08,1.0
loan__59_little_cnt_3m,2020-08-01,2020-09-01,1.4535056076008704e-08,1.0
loan__59_little_cnt_1m,2020-08-01,2020-09-01,8.850393103365261e-07,0.9047619047619048
loan__59_finance_orgcnt_6m,2020-08-01,2020-09-01,1.3600022473366625e-05,1.0
loan__59_finance_orgcnt_3m,2020-08-01,2020-09-01,3.255664288177353e-06,1.0
loan__59_finance_orgcnt_1m,2020-08-01,2020-09-01,7.917659608697389e-07,1.0
loan__59_finance_cnt_6m,2020-08-01,2020-09-01,2.2573793366221124e-05,0.9555555555555554
loan__59_finance_cnt_3m,2020-08-01,2020-09-01,7.570699337203511e-06,1.0
loan__59_finance_cnt_1m,2020-08-01,2020-09-01,5.858424632834151e-06,1.0
loan__59_cnt_6m,2020-08-01,2020-09-01,2.2122889095055492e-05,0.9555555555555554
loan__59_cnt_3m,2020-08-01,2020-09-01,3.129829549550381e-05,0.9555555555555554
loan__59_cnt_1m,2020-08-01,2020-09-01,0.0004543339497403241,0.9111111111111109
loan__58_strong_orgcnt_6m,2020-08-01,2020-09-01,2.989279922235125e-05,0.9487179487179488
loan__58_strong_orgcnt_3m,2020-08-01,2020-09-01,3.2023446141457296e-05,1.0
loan__58_strong_orgcnt_1m,2020-08-01,2020-09-01,5.2450765885123355e-05,1.0
loan__58_strong_cnt_6m,2020-08-01,2020-09-01,2.709826755063923e-05,0.9545454545454546
loan__58_strong_cnt_3m,2020-08-01,2020-09-01,3.432746061438805e-05,1.0
loan__58_strong_cnt_1m,2020-08-01,2020-09-01,5.315714000516098e-05,1.0
loan__58_strong_amount_sum_6m,2020-08-01,2020-09-01,9.772341250651352e-06,1.0
loan__58_strong_amount_sum_3m,2020-08-01,2020-09-01,2.017650360224136e-05,1.0
loan__58_strong_amount_sum_1m,2020-08-01,2020-09-01,5.313908809466593e-05,0.9555555555555554
loan__58_strong_amount_max_6m,2020-08-01,2020-09-01,1.3739239820952256e-06,1.0
loan__58_strong_amount_max_3m,2020-08-01,2020-09-01,1.4714192093497006e-05,0.9555555555555554
loan__58_strong_amount_max_1m,2020-08-01,2020-09-01,5.343567124206921e-05,0.9555555555555554
loan__58_strong_amount_cnt_6m,2020-08-01,2020-09-01,2.3165597677045804e-05,1.0
loan__58_strong_amount_cnt_3m,2020-08-01,2020-09-01,2.897271767367469e-05,1.0
loan__58_strong_amount_cnt_1m,2020-08-01,2020-09-01,5.355272777752544e-05,1.0
loan__58_stages_orgcnt_6m,2020-08-01,2020-09-01,3.2307414105242746e-05,0.9111111111111109
loan__58_stages_orgcnt_3m,2020-08-01,2020-09-01,2.9853380649541805e-05,1.0
loan__58_stages_orgcnt_1m,2020-08-01,2020-09-01,5.0411157552299734e-05,0.9258200997725514
loan__58_stages_cnt_6m,2020-08-01,2020-09-01,1.6994671083749765e-05,1.0
loan__58_stages_cnt_3m,2020-08-01,2020-09-01,3.4393576216343467e-05,0.9555555555555554
loan__58_stages_cnt_1m,2020-08-01,2020-09-01,4.083831868678269e-05,0.9555555555555554
loan__58_stages_amount_sum_6m,2020-08-01,2020-09-01,3.566832075352652e-06,0.9111111111111109
loan__58_stages_amount_sum_3m,2020-08-01,2020-09-01,1.5519513707577264e-06,1.0
loan__58_stages_amount_sum_1m,2020-08-01,2020-09-01,5.378841471399365e-05,0.8222222222222221
loan__58_stages_amount_max_6m,2020-08-01,2020-09-01,3.813263608075609e-06,1.0
loan__58_stages_amount_max_3m,2020-08-01,2020-09-01,1.3224630546808598e-06,0.9555555555555554
loan__58_stages_amount_max_1m,2020-08-01,2020-09-01,5.2447039761679105e-05,0.9111111111111109
loan__58_stages_amount_cnt_6m,2020-08-01,2020-09-01,2.5903876963179e-06,1.0
loan__58_stages_amount_cnt_3m,2020-08-01,2020-09-01,1.7892897646733521e-06,1.0
loan__58_stages_amount_cnt_1m,2020-08-01,2020-09-01,4.503472469857224e-05,1.0
loan__58_petty_orgcnt_6m,2020-08-01,2020-09-01,1.6231491595129158e-05,1.0
loan__58_petty_orgcnt_3m,2020-08-01,2020-09-01,9.94621171850114e-05,1.0
loan__58_petty_orgcnt_1m,2020-08-01,2020-09-01,2.1118747986191685e-05,0.9770084209183943
loan__58_petty_cnt_6m,2020-08-01,2020-09-01,3.2578745172516634e-05,1.0
loan__58_petty_cnt_3m,2020-08-01,2020-09-01,0.0001429787528026405,1.0
loan__58_petty_cnt_1m,2020-08-01,2020-09-01,1.4808093700121787e-05,1.0
loan__58_petty_amount_sum_6m,2020-08-01,2020-09-01,1.7010642613873418e-05,1.0
loan__58_petty_amount_sum_3m,2020-08-01,2020-09-01,2.7791190797663976e-05,0.9555555555555554
loan__58_petty_amount_sum_1m,2020-08-01,2020-09-01,8.312892904512743e-05,0.9555555555555554
loan__58_petty_amount_max_6m,2020-08-01,2020-09-01,4.970398066532793e-06,1.0
loan__58_petty_amount_max_3m,2020-08-01,2020-09-01,2.837297209105301e-05,1.0
loan__58_petty_amount_max_1m,2020-08-01,2020-09-01,0.00010271960820055859,0.9111111111111109
loan__58_petty_amount_cnt_6m,2020-08-01,2020-09-01,6.844046426034595e-06,0.9555555555555554
loan__58_petty_amount_cnt_3m,2020-08-01,2020-09-01,4.99812065445021e-05,0.9555555555555554
loan__58_petty_amount_cnt_1m,2020-08-01,2020-09-01,8.492372803137072e-05,1.0
loan__58_orgcnt_6m,2020-08-01,2020-09-01,5.614016320348693e-05,0.9555555555555554
loan__58_orgcnt_3m,2020-08-01,2020-09-01,8.206467325395108e-05,1.0
loan__58_orgcnt_1m,2020-08-01,2020-09-01,8.087852569895627e-05,0.9888264649460884
loan__58_little_orgcnt_6m,2020-08-01,2020-09-01,8.501091171739261e-05,0.9555555555555554
loan__58_little_orgcnt_3m,2020-08-01,2020-09-01,8.111839569649444e-05,0.9487179487179488
loan__58_little_orgcnt_1m,2020-08-01,2020-09-01,9.147946734924036e-05,1.0
loan__58_little_cnt_6m,2020-08-01,2020-09-01,6.568346969818557e-05,0.9111111111111109
loan__58_little_cnt_3m,2020-08-01,2020-09-01,5.024166571714818e-05,1.0
loan__58_little_cnt_1m,2020-08-01,2020-09-01,9.383707596635761e-05,0.9555555555555554
loan__58_little_amount_sum_6m,2020-08-01,2020-09-01,1.0908555288842493e-05,1.0
loan__58_little_amount_sum_3m,2020-08-01,2020-09-01,5.086636015812889e-06,0.9555555555555554
loan__58_little_amount_sum_1m,2020-08-01,2020-09-01,7.522323453809109e-05,0.9555555555555554
loan__58_little_amount_max_6m,2020-08-01,2020-09-01,1.1750156129102298e-05,1.0
loan__58_little_amount_max_3m,2020-08-01,2020-09-01,5.857191531128867e-06,1.0
loan__58_little_amount_max_1m,2020-08-01,2020-09-01,7.480411918188349e-05,1.0
loan__58_little_amount_cnt_6m,2020-08-01,2020-09-01,6.359096477708908e-05,0.9111111111111109
loan__58_little_amount_cnt_3m,2020-08-01,2020-09-01,5.249696270796576e-05,1.0
loan__58_little_amount_cnt_1m,2020-08-01,2020-09-01,7.519700903475431e-05,0.9555555555555554
loan__58_finance_orgcnt_6m,2020-08-01,2020-09-01,3.6942963106654573e-06,1.0
loan__58_finance_orgcnt_3m,2020-08-01,2020-09-01,5.537085659940028e-06,1.0
loan__58_finance_orgcnt_1m,2020-08-01,2020-09-01,1.2885523911852925e-05,1.0
loan__58_finance_cnt_6m,2020-08-01,2020-09-01,4.1888860747649045e-06,1.0
loan__58_finance_cnt_3m,2020-08-01,2020-09-01,5.225848708326012e-06,1.0
loan__58_finance_cnt_1m,2020-08-01,2020-09-01,2.161383013200931e-05,0.8636363636363636
loan__58_finance_amount_sum_6m,2020-08-01,2020-09-01,1.57362705785071e-06,1.0
loan__58_finance_amount_sum_3m,2020-08-01,2020-09-01,2.61786133115159e-06,0.9555555555555554
loan__58_finance_amount_sum_1m,2020-08-01,2020-09-01,9.274464372707737e-06,0.9555555555555554
loan__58_finance_amount_max_6m,2020-08-01,2020-09-01,2.2848391586781842e-06,0.9555555555555554
loan__58_finance_amount_max_3m,2020-08-01,2020-09-01,2.2254441798745448e-06,1.0
loan__58_finance_amount_max_1m,2020-08-01,2020-09-01,9.540083853665753e-06,1.0
loan__58_finance_amount_cnt_6m,2020-08-01,2020-09-01,4.0424894155502505e-06,1.0
loan__58_finance_amount_cnt_3m,2020-08-01,2020-09-01,5.239273206020592e-06,1.0
loan__58_finance_amount_cnt_1m,2020-08-01,2020-09-01,1.0442605029717174e-05,0.9111111111111109
loan__58_cnt_6m,2020-08-01,2020-09-01,2.9906063360072968e-05,0.9555555555555554
loan__58_cnt_3m,2020-08-01,2020-09-01,9.923813456630035e-05,1.0
loan__58_cnt_1m,2020-08-01,2020-09-01,6.0270922834672595e-05,0.9555555555555554
loan__58_amount_sum_6m,2020-08-01,2020-09-01,1.3400663377362989e-05,1.0
loan__58_amount_sum_3m,2020-08-01,2020-09-01,2.2834748853700524e-05,0.9111111111111109
loan__58_amount_sum_1m,2020-08-01,2020-09-01,0.00014049351120215748,0.9555555555555554
loan__58_amount_max_6m,2020-08-01,2020-09-01,1.0579782736029057e-05,0.9555555555555554
loan__58_amount_max_3m,2020-08-01,2020-09-01,2.5421982688021443e-05,1.0
loan__58_amount_max_1m,2020-08-01,2020-09-01,0.00016223867705339118,0.8222222222222221
loan__58_amount_cnt_6m,2020-08-01,2020-09-01,2.755354129465918e-05,1.0
loan__58_amount_cnt_3m,2020-08-01,2020-09-01,7.104862362428368e-05,1.0
loan__58_amount_cnt_1m,2020-08-01,2020-09-01,0.00011893656508041562,1.0
loan__54_strong_orgcnt_6m,2020-08-01,2020-09-01,1.9747668241864682e-08,1.0
loan__54_strong_orgcnt_3m,2020-08-01,2020-09-01,1.912046972572561e-06,1.0
loan__54_strong_orgcnt_1m,2020-08-01,2020-09-01,1.561330394506219e-07,1.0
loan__54_strong_cnt_6m,2020-08-01,2020-09-01,2.1839192252741482e-08,1.0
loan__54_strong_cnt_3m,2020-08-01,2020-09-01,1.9318045284297818e-06,1.0
loan__54_strong_cnt_1m,2020-08-01,2020-09-01,1.5623719674545008e-07,1.0
loan__54_stages_orgcnt_6m,2020-08-01,2020-09-01,0.00022429245216502682,1.0
loan__54_stages_orgcnt_3m,2020-08-01,2020-09-01,1.2818147796115744e-06,1.0
loan__54_stages_orgcnt_1m,2020-08-01,2020-09-01,2.699645057189889e-05,1.0
loan__54_stages_cnt_6m,2020-08-01,2020-09-01,0.00018150025706283016,1.0
loan__54_stages_cnt_3m,2020-08-01,2020-09-01,2.5558517028739714e-06,1.0
loan__54_stages_cnt_1m,2020-08-01,2020-09-01,3.260391137599842e-05,1.0
loan__54_petty_orgcnt_6m,2020-08-01,2020-09-01,1.5221528269293424e-05,1.0
loan__54_petty_orgcnt_3m,2020-08-01,2020-09-01,2.3895955192160585e-06,1.0
loan__54_petty_orgcnt_1m,2020-08-01,2020-09-01,2.4651335245382685e-05,1.0
loan__54_petty_cnt_6m,2020-08-01,2020-09-01,8.351269587984931e-06,1.0
loan__54_petty_cnt_3m,2020-08-01,2020-09-01,7.1869881741148895e-06,1.0
loan__54_petty_cnt_1m,2020-08-01,2020-09-01,2.218539280813064e-05,1.0
loan__54_orgcnt_6m,2020-08-01,2020-09-01,2.4049334118479394e-05,1.0
loan__54_orgcnt_3m,2020-08-01,2020-09-01,4.72001850477713e-06,1.0
