loan__58_finance_amount_cnt_7d,2020-03-16,2020-03-23,7.526350142503494e-06,1.0
loan__58_finance_amount_cnt_15d,2020-03-16,2020-03-23,3.1881075837371424e-06,1.0
loan__58_cnt_7d,2020-03-16,2020-03-23,0.0008863231071952035,1.0
loan__58_cnt_15d,2020-03-16,2020-03-23,0.00011202315932399743,1.0
loan__58_amount_sum_7d,2020-03-16,2020-03-23,0.0007148472040877293,0.9555555555555554
loan__58_amount_sum_15d,2020-03-16,2020-03-23,0.00021680842219890068,0.9555555555555554
loan__58_amount_max_7d,2020-03-16,2020-03-23,0.0007488097782989027,0.9555555555555554
loan__58_amount_max_15d,2020-03-16,2020-03-23,0.0002588824969746071,0.9111111111111109
loan__58_amount_cnt_7d,2020-03-16,2020-03-23,0.0008654827547795983,0.9555555555555554
loan__58_amount_cnt_15d,2020-03-16,2020-03-23,0.0003870405180808466,1.0
loan__54_strong_orgcnt_7d,2020-03-16,2020-03-23,3.27395345575376e-08,0.8416254115301732
loan__54_strong_orgcnt_15d,2020-03-16,2020-03-23,5.803261583441776e-08,1.0
loan__54_strong_cnt_7d,2020-03-16,2020-03-23,2.7396792996037536e-09,1.0
loan__54_strong_cnt_15d,2020-03-16,2020-03-23,5.760654374283825e-08,1.0
loan__54_stages_orgcnt_7d,2020-03-16,2020-03-23,4.81448732464824e-06,1.0
loan__54_stages_orgcnt_15d,2020-03-16,2020-03-23,1.076302942553611e-06,1.0
loan__54_stages_cnt_7d,2020-03-16,2020-03-23,1.2828975342973553e-05,1.0
loan__54_stages_cnt_15d,2020-03-16,2020-03-23,4.794036163879724e-06,1.0
loan__54_petty_orgcnt_7d,2020-03-16,2020-03-23,1.0737197030610937e-05,1.0
loan__54_petty_orgcnt_15d,2020-03-16,2020-03-23,0.00014977070899857694,1.0
loan__54_petty_cnt_7d,2020-03-16,2020-03-23,8.217207670949779e-06,1.0
loan__54_petty_cnt_15d,2020-03-16,2020-03-23,0.00016228615501299502,1.0
loan__54_orgcnt_7d,2020-03-16,2020-03-23,5.965908295724812e-06,1.0
loan__54_orgcnt_15d,2020-03-16,2020-03-23,8.544499388623135e-05,1.0
loan__54_little_orgcnt_7d,2020-03-16,2020-03-23,2.521026955038226e-06,1.0
loan__54_little_orgcnt_15d,2020-03-16,2020-03-23,8.757168065580176e-08,1.0
loan__54_little_cnt_7d,2020-03-16,2020-03-23,3.407216455421081e-06,0.9487179487179488
loan__54_little_cnt_15d,2020-03-16,2020-03-23,2.9369614718375733e-07,1.0
loan__54_finance_orgcnt_7d,2020-03-16,2020-03-23,5.668190571116467e-06,1.0
loan__54_finance_orgcnt_15d,2020-03-16,2020-03-23,1.3606252942834526e-06,1.0
loan__54_finance_cnt_7d,2020-03-16,2020-03-23,5.860070740730663e-06,1.0
loan__54_finance_cnt_15d,2020-03-16,2020-03-23,1.390993808094726e-06,1.0
loan__54_cnt_7d,2020-03-16,2020-03-23,2.008202757595411e-06,1.0
loan__54_cnt_15d,2020-03-16,2020-03-23,9.243655801467453e-05,1.0
loan__53_strong_orgcnt_7d,2020-03-16,2020-03-23,1.3994604130161688e-06,1.0
loan__53_strong_orgcnt_15d,2020-03-16,2020-03-23,1.1211583231616902e-06,1.0
loan__53_strong_cnt_7d,2020-03-16,2020-03-23,1.462295058469416e-06,1.0
loan__53_strong_cnt_15d,2020-03-16,2020-03-23,1.1549986992094532e-06,1.0
loan__53_stages_orgcnt_7d,2020-03-16,2020-03-23,0.00019528056849531022,1.0
loan__53_stages_orgcnt_15d,2020-03-16,2020-03-23,7.090442277332424e-05,1.0
loan__53_stages_cnt_7d,2020-03-16,2020-03-23,0.00020781795228486002,1.0
loan__53_stages_cnt_15d,2020-03-16,2020-03-23,0.00010927448744206871,1.0
loan__53_petty_orgcnt_7d,2020-03-16,2020-03-23,6.9383721080659055e-06,1.0
loan__53_petty_orgcnt_15d,2020-03-16,2020-03-23,7.524855362111425e-05,1.0
loan__53_petty_cnt_7d,2020-03-16,2020-03-23,4.87082952539298e-05,1.0
loan__53_petty_cnt_15d,2020-03-16,2020-03-23,4.787145588021078e-05,1.0
loan__53_orgcnt_7d,2020-03-16,2020-03-23,1.5494205496517302e-05,1.0
loan__53_orgcnt_15d,2020-03-16,2020-03-23,3.913161458196158e-05,1.0
loan__53_little_orgcnt_7d,2020-03-16,2020-03-23,5.34294240497997e-06,1.0
loan__53_little_orgcnt_15d,2020-03-16,2020-03-23,3.546666861763185e-06,1.0
loan__53_little_cnt_7d,2020-03-16,2020-03-23,5.355712889256736e-06,1.0
loan__53_little_cnt_15d,2020-03-16,2020-03-23,3.731662292424794e-06,1.0
loan__53_finance_orgcnt_7d,2020-03-16,2020-03-23,8.55928633542145e-08,0.8944271909999159
loan__53_finance_orgcnt_15d,2020-03-16,2020-03-23,2.2916793084923543e-06,1.0
loan__53_finance_cnt_7d,2020-03-16,2020-03-23,3.125918999738936e-05,0.9428571428571428
loan__53_finance_cnt_15d,2020-03-16,2020-03-23,2.613753915503842e-05,0.9487179487179488
loan__53_cnt_7d,2020-03-16,2020-03-23,6.412804443983298e-05,1.0
loan__53_cnt_15d,2020-03-16,2020-03-23,2.605200969585253e-05,1.0
loan__1_strong_cnt_7d,2020-03-16,2020-03-23,5.209408847787209e-10,1.0
loan__1_strong_cnt_15d,2020-03-16,2020-03-23,3.168535162347328e-12,1.0
loan__1_stages_cnt_7d,2020-03-16,2020-03-23,3.063277726450501e-06,1.0
loan__1_stages_cnt_15d,2020-03-16,2020-03-23,8.870184059185012e-07,1.0
loan__1_petty_cnt_7d,2020-03-16,2020-03-23,1.7984353367423592e-06,1.0
loan__1_petty_cnt_15d,2020-03-16,2020-03-23,1.9029391874051602e-06,1.0
loan__1_little_cnt_7d,2020-03-16,2020-03-23,4.507820757171371e-08,1.0
loan__1_little_cnt_15d,2020-03-16,2020-03-23,6.332362385940112e-08,1.0
loan__1_finance_cnt_7d,2020-03-16,2020-03-23,1.3169467842333795e-06,1.0
loan__1_finance_cnt_15d,2020-03-16,2020-03-23,3.289735349676065e-06,1.0
loan__1_cnt_7d,2020-03-16,2020-03-23,3.2636320479607965e-06,1.0
loan__1_cnt_15d,2020-03-16,2020-03-23,2.5304958876491853e-06,1.0
loan__141_strong_cnt_7d,2020-03-16,2020-03-23,7.964276332532024e-09,1.0
loan__141_strong_cnt_15d,2020-03-16,2020-03-23,6.352066186370161e-09,1.0
loan__141_stages_cnt_7d,2020-03-16,2020-03-23,9.505580119697836e-18,1.0
loan__141_stages_cnt_15d,2020-03-16,2020-03-23,9.059382081694084e-09,0.7276068751089989
loan__141_petty_cnt_7d,2020-03-16,2020-03-23,1.295291059163675e-07,1.0
loan__141_petty_cnt_15d,2020-03-16,2020-03-23,0.00015003540862229816,1.0
loan__141_little_cnt_7d,2020-03-16,2020-03-23,3.25640813320456e-09,1.0
loan__141_little_cnt_15d,2020-03-16,2020-03-23,2.6121293050051697e-09,1.0
loan__141_finance_cnt_7d,2020-03-16,2020-03-23,9.505580119697836e-18,1.0
loan__141_finance_cnt_15d,2020-03-16,2020-03-23,9.505580119697836e-18,1.0
loan__141_cnt_7d,2020-03-16,2020-03-23,1.2100548985106789e-07,1.0
loan__141_cnt_15d,2020-03-16,2020-03-23,0.00015001019439089938,1.0
loan__140_strong_cnt_7d,2020-03-16,2020-03-23,9.505580119697836e-18,1.0
loan__140_strong_cnt_15d,2020-03-16,2020-03-23,9.505580119697836e-18,1.0
loan__140_stages_cnt_7d,2020-03-16,2020-03-23,9.505580119697836e-18,1.0
loan__140_stages_cnt_15d,2020-03-16,2020-03-23,9.505580119697836e-18,1.0
loan__140_petty_cnt_7d,2020-03-16,2020-03-23,9.505580119697836e-18,1.0
loan__140_petty_cnt_15d,2020-03-16,2020-03-23,9.505580119697836e-18,1.0
loan__140_little_cnt_7d,2020-03-16,2020-03-23,9.505580119697836e-18,1.0
loan__140_little_cnt_15d,2020-03-16,2020-03-23,9.505580119697836e-18,1.0
loan__140_finance_cnt_7d,2020-03-16,2020-03-23,9.505580119697836e-18,1.0
loan__140_finance_cnt_15d,2020-03-16,2020-03-23,9.505580119697836e-18,1.0
loan__140_cnt_7d,2020-03-16,2020-03-23,9.505580119697836e-18,1.0
loan__140_cnt_15d,2020-03-16,2020-03-23,9.505580119697836e-18,1.0
loan__138_strong_cnt_7d,2020-03-16,2020-03-23,9.059382081694084e-09,0.7276068751089989
loan__138_strong_cnt_15d,2020-03-16,2020-03-23,1.0561840189683924e-12,1.0
loan__138_stages_cnt_7d,2020-03-16,2020-03-23,1.9394379549930545e-05,1.0
loan__138_stages_cnt_15d,2020-03-16,2020-03-23,1.633322002512805e-05,1.0
loan__138_petty_cnt_7d,2020-03-16,2020-03-23,1.9651048830572947e-06,1.0
loan__138_petty_cnt_15d,2020-03-16,2020-03-23,2.8684042944804413e-07,1.0
loan__138_little_cnt_7d,2020-03-16,2020-03-23,1.887810618185015e-08,1.0
loan__138_little_cnt_15d,2020-03-16,2020-03-23,1.248384053517343e-08,1.0
loan__138_finance_cnt_7d,2020-03-16,2020-03-23,5.147067913770158e-09,1.0
loan__138_finance_cnt_15d,2020-03-16,2020-03-23,6.748296974721243e-09,1.0
loan__138_cnt_7d,2020-03-16,2020-03-23,1.8394862615129446e-05,1.0
loan__138_cnt_15d,2020-03-16,2020-03-23,1.2184435889832056e-05,1.0
loan__137_strong_overdue2_7d,2020-03-16,2020-03-23,3.44603423777788e-07,0.9428571428571428
loan__137_strong_overdue2_15d,2020-03-16,2020-03-23,6.882969318450888e-06,1.0
loan__137_strong_overdue1_7d,2020-03-16,2020-03-23,2.4745627922924358e-05,1.0
loan__137_strong_overdue1_15d,2020-03-16,2020-03-23,2.7771867760869643e-05,1.0
loan__137_strong_orgcnt_7d,2020-03-16,2020-03-23,2.3063289673716454e-05,1.0
loan__137_strong_orgcnt_15d,2020-03-16,2020-03-23,2.261999868662359e-05,1.0
loan__137_strong_cnt_7d,2020-03-16,2020-03-23,2.5012483482822077e-05,1.0
loan__137_strong_cnt_15d,2020-03-16,2020-03-23,2.3057147583370112e-05,1.0
loan__137_strong_amount_sum_7d,2020-03-16,2020-03-23,8.8895066520914e-05,0.8666666666666666
loan__137_strong_amount_sum_15d,2020-03-16,2020-03-23,4.642457524278351e-05,0.9111111111111109
loan__137_stages_overdue2_7d,2020-03-16,2020-03-23,7.320000335585004e-05,1.0
loan__137_stages_overdue2_15d,2020-03-16,2020-03-23,1.5502591775038096e-05,0.9523809523809522
loan__137_stages_overdue1_7d,2020-03-16,2020-03-23,2.071315813319992e-05,1.0
loan__137_stages_overdue1_15d,2020-03-16,2020-03-23,4.1548352424105045e-05,1.0
loan__137_stages_orgcnt_7d,2020-03-16,2020-03-23,3.655209648866872e-05,1.0
loan__137_stages_orgcnt_15d,2020-03-16,2020-03-23,8.334659859569609e-06,1.0
loan__137_stages_cnt_7d,2020-03-16,2020-03-23,3.650088768894821e-05,1.0
loan__137_stages_cnt_15d,2020-03-16,2020-03-23,3.3517332449707945e-05,1.0
loan__137_stages_amount_sum_7d,2020-03-16,2020-03-23,5.026470617764855e-05,0.8666666666666666
loan__137_stages_amount_sum_15d,2020-03-16,2020-03-23,1.0573061397372735e-06,1.0
loan__137_petty_overdue2_7d,2020-03-16,2020-03-23,3.799755911020749e-05,0.9555555555555554
loan__137_petty_overdue2_15d,2020-03-16,2020-03-23,3.0002810400755652e-05,1.0
loan__137_petty_overdue1_7d,2020-03-16,2020-03-23,0.0004326494791886163,0.9555555555555554
loan__137_petty_overdue1_15d,2020-03-16,2020-03-23,0.002856128344368215,0.9111111111111109
loan__137_petty_orgcnt_7d,2020-03-16,2020-03-23,9.30868736068852e-05,1.0
loan__137_petty_orgcnt_15d,2020-03-16,2020-03-23,6.206578053391301e-05,1.0
loan__137_petty_cnt_7d,2020-03-16,2020-03-23,0.0002740111057810331,1.0
loan__137_petty_cnt_15d,2020-03-16,2020-03-23,0.0020200342195982024,1.0
loan__137_petty_amount_sum_7d,2020-03-16,2020-03-23,0.0005039842169923573,0.8666666666666666
loan__137_petty_amount_sum_15d,2020-03-16,2020-03-23,0.0007013406254407217,1.0
loan__137_overdue2_7d,2020-03-16,2020-03-23,5.9110800193394715e-05,1.0
loan__137_overdue2_15d,2020-03-16,2020-03-23,2.331856422495445e-05,1.0
loan__137_overdue1_7d,2020-03-16,2020-03-23,0.0003737297517126894,0.9555555555555554
loan__137_overdue1_15d,2020-03-16,2020-03-23,0.002346507563029684,0.9111111111111109
loan__137_orgcnt_7d,2020-03-16,2020-03-23,4.067833349274068e-05,1.0
loan__137_orgcnt_15d,2020-03-16,2020-03-23,0.00010412154322637288,1.0
loan__137_little_overdue2_7d,2020-03-16,2020-03-23,2.8449469819567697e-07,1.0
loan__137_little_overdue2_15d,2020-03-16,2020-03-23,7.904974673502435e-07,0.9523809523809522
loan__137_little_overdue1_7d,2020-03-16,2020-03-23,6.079390467824498e-05,0.9555555555555554
loan__137_little_overdue1_15d,2020-03-16,2020-03-23,9.010953655542654e-05,0.9090909090909092
loan__137_little_orgcnt_7d,2020-03-16,2020-03-23,4.843264255843342e-05,1.0
loan__137_little_orgcnt_15d,2020-03-16,2020-03-23,7.481163991952053e-05,1.0
loan__137_little_cnt_7d,2020-03-16,2020-03-23,5.430998884511615e-05,0.9047619047619048
loan__137_little_cnt_15d,2020-03-16,2020-03-23,8.769630978398779e-05,0.9090909090909092
loan__137_little_amount_sum_7d,2020-03-16,2020-03-23,5.896711731268227e-05,0.8666666666666666
loan__137_little_amount_sum_15d,2020-03-16,2020-03-23,3.8254230129817875e-05,0.8666666666666666
loan__137_finance_overdue2_7d,2020-03-16,2020-03-23,2.215279757325132e-05,0.9090909090909092
loan__137_finance_overdue2_15d,2020-03-16,2020-03-23,1.9305149763835176e-06,0.9111111111111109
loan__137_finance_overdue1_7d,2020-03-16,2020-03-23,2.0738986690483604e-05,1.0
loan__137_finance_overdue1_15d,2020-03-16,2020-03-23,6.558818334484062e-06,0.9555555555555554
loan__137_finance_orgcnt_7d,2020-03-16,2020-03-23,2.7177989582711207e-06,1.0
loan__137_finance_orgcnt_15d,2020-03-16,2020-03-23,1.5305601393525291e-06,1.0
loan__137_finance_cnt_7d,2020-03-16,2020-03-23,6.448327365597917e-06,1.0
loan__137_finance_cnt_15d,2020-03-16,2020-03-23,2.786611197962461e-06,0.9111111111111109
loan__137_finance_amount_sum_7d,2020-03-16,2020-03-23,5.661175984257066e-06,0.9555555555555554
loan__137_finance_amount_sum_15d,2020-03-16,2020-03-23,6.9098188628191956e-06,1.0
loan__137_cnt_7d,2020-03-16,2020-03-23,0.0002284397229554438,1.0
loan__137_cnt_15d,2020-03-16,2020-03-23,0.00172958375730101,1.0
loan__137_amount_sum_7d,2020-03-16,2020-03-23,0.00045749461346897735,0.8666666666666666
loan__137_amount_sum_15d,2020-03-16,2020-03-23,0.0006533937823514942,1.0
loan__135_strong_orgcnt_7d,2020-03-16,2020-03-23,5.5639584068037784e-05,1.0
loan__135_strong_orgcnt_15d,2020-03-16,2020-03-23,4.586600438430452e-07,1.0
loan__135_strong_cnt_7d,2020-03-16,2020-03-23,6.66710804143444e-05,1.0
loan__135_strong_cnt_15d,2020-03-16,2020-03-23,6.99858012471714e-06,1.0
loan__135_strong_amount_sum_7d,2020-03-16,2020-03-23,5.14901877994629e-06,0.8666666666666666
loan__135_strong_amount_sum_15d,2020-03-16,2020-03-23,5.476524249424759e-06,1.0
loan__135_strong_amount_min_7d,2020-03-16,2020-03-23,5.365735535422047e-06,0.9111111111111109
loan__135_strong_amount_min_15d,2020-03-16,2020-03-23,5.291910437076248e-06,0.9555555555555554
loan__135_strong_amount_max_7d,2020-03-16,2020-03-23,5.659364686877332e-06,0.9555555555555554
loan__135_strong_amount_max_15d,2020-03-16,2020-03-23,5.348419395840754e-06,0.9111111111111109
loan__135_strong_amount_cnt_7d,2020-03-16,2020-03-23,5.744534326373519e-06,1.0
loan__135_strong_amount_cnt_15d,2020-03-16,2020-03-23,8.328189400384511e-06,1.0
loan__135_stages_orgcnt_7d,2020-03-16,2020-03-23,0.0028695413127078425,1.0
loan__135_stages_orgcnt_15d,2020-03-16,2020-03-23,0.00015554553140478803,1.0
loan__135_stages_cnt_7d,2020-03-16,2020-03-23,0.003129002742918009,0.9090909090909092
loan__135_stages_cnt_15d,2020-03-16,2020-03-23,0.0006413167625414802,1.0
loan__135_stages_amount_sum_7d,2020-03-16,2020-03-23,0.00015187105909282775,1.0
loan__135_stages_amount_sum_15d,2020-03-16,2020-03-23,8.140796923298673e-05,1.0
loan__135_stages_amount_min_7d,2020-03-16,2020-03-23,0.00014869585374159227,0.8666666666666666
loan__135_stages_amount_min_15d,2020-03-16,2020-03-23,8.128680933318744e-05,0.9555555555555554
loan__135_stages_amount_max_7d,2020-03-16,2020-03-23,0.00015130686694352254,0.9555555555555554
loan__135_stages_amount_max_15d,2020-03-16,2020-03-23,8.085255605983348e-05,1.0
loan__135_stages_amount_cnt_7d,2020-03-16,2020-03-23,0.00015033854057093298,1.0
loan__135_stages_amount_cnt_15d,2020-03-16,2020-03-23,7.487101112559241e-05,1.0
loan__135_petty_orgcnt_7d,2020-03-16,2020-03-23,0.00038293078633812235,1.0
loan__135_petty_orgcnt_15d,2020-03-16,2020-03-23,0.0002235873688847375,1.0
loan__135_petty_cnt_7d,2020-03-16,2020-03-23,0.0012222687311423403,0.8666666666666666
loan__135_petty_cnt_15d,2020-03-16,2020-03-23,0.06657255406376399,0.7777777777777777
loan__135_petty_amount_sum_7d,2020-03-16,2020-03-23,0.001211936048256334,0.9111111111111109
loan__135_petty_amount_sum_15d,2020-03-16,2020-03-23,0.0011134360918334727,0.9555555555555554
loan__135_petty_amount_min_7d,2020-03-16,2020-03-23,0.0012165466727932285,0.9555555555555554
loan__135_petty_amount_min_15d,2020-03-16,2020-03-23,0.001340309344462565,0.9555555555555554
loan__135_petty_amount_max_7d,2020-03-16,2020-03-23,0.0012930224334934935,0.9555555555555554
loan__135_petty_amount_max_15d,2020-03-16,2020-03-23,0.0012328676427622266,0.9111111111111109
loan__135_petty_amount_cnt_7d,2020-03-16,2020-03-23,0.0004657510900922542,1.0
loan__135_petty_amount_cnt_15d,2020-03-16,2020-03-23,0.0011343213912271071,1.0
loan__135_orgcnt_7d,2020-03-16,2020-03-23,0.0004790711400003184,1.0
loan__135_orgcnt_15d,2020-03-16,2020-03-23,0.00017941992794120128,1.0
loan__135_little_orgcnt_7d,2020-03-16,2020-03-23,0.00019979949332451756,1.0
loan__135_little_orgcnt_15d,2020-03-16,2020-03-23,0.00031518815451378235,1.0
loan__135_little_cnt_7d,2020-03-16,2020-03-23,0.00022237204383191523,1.0
loan__135_little_cnt_15d,2020-03-16,2020-03-23,0.0003209198001214098,1.0
loan__135_little_amount_sum_7d,2020-03-16,2020-03-23,0.0003257389513796699,1.0
loan__135_little_amount_sum_15d,2020-03-16,2020-03-23,0.0007235479715464821,1.0
loan__135_little_amount_min_7d,2020-03-16,2020-03-23,0.0003441892745440833,0.9555555555555554
loan__135_little_amount_min_15d,2020-03-16,2020-03-23,0.0007201632695292519,1.0
loan__135_little_amount_max_7d,2020-03-16,2020-03-23,0.00033425078051158887,0.9555555555555554
loan__135_little_amount_max_15d,2020-03-16,2020-03-23,0.0007241650867968919,0.9555555555555554
loan__135_little_amount_cnt_7d,2020-03-16,2020-03-23,0.0003692118665843959,1.0
loan__135_little_amount_cnt_15d,2020-03-16,2020-03-23,0.0007612412616851294,1.0
loan__135_finance_orgcnt_7d,2020-03-16,2020-03-23,4.86085631259947e-06,1.0
loan__135_finance_orgcnt_15d,2020-03-16,2020-03-23,5.817061616647521e-05,1.0
loan__135_finance_cnt_7d,2020-03-16,2020-03-23,0.00010232059214543572,1.0
loan__135_finance_cnt_15d,2020-03-16,2020-03-23,6.082262044253856e-05,1.0
loan__135_finance_amount_sum_7d,2020-03-16,2020-03-23,0.00017468956734929375,0.7777777777777777
loan__135_finance_amount_sum_15d,2020-03-16,2020-03-23,0.0001149885149931359,0.9555555555555554
loan__135_finance_amount_min_7d,2020-03-16,2020-03-23,0.00015360668480475092,0.8666666666666666
loan__135_finance_amount_min_15d,2020-03-16,2020-03-23,0.00011281310898398501,0.9555555555555554
loan__135_finance_amount_max_7d,2020-03-16,2020-03-23,0.00015482320387946114,0.8666666666666666
loan__135_finance_amount_max_15d,2020-03-16,2020-03-23,0.00012536821139705738,0.9111111111111109
loan__135_finance_amount_cnt_7d,2020-03-16,2020-03-23,0.00015434371660945012,1.0
loan__135_finance_amount_cnt_15d,2020-03-16,2020-03-23,9.119075455239574e-05,1.0
loan__135_cnt_7d,2020-03-16,2020-03-23,0.0006233398792568688,0.9555555555555554
loan__135_cnt_15d,2020-03-16,2020-03-23,0.04042231488824452,0.9555555555555554
loan__135_amount_sum_7d,2020-03-16,2020-03-23,0.0008547873665270151,0.8222222222222221
loan__135_amount_sum_15d,2020-03-16,2020-03-23,0.0010371459600080485,1.0
loan__135_amount_min_7d,2020-03-16,2020-03-23,0.0008982025152485019,0.8666666666666666
loan__135_amount_min_15d,2020-03-16,2020-03-23,0.0011960703963952728,0.9111111111111109
loan__135_amount_max_7d,2020-03-16,2020-03-23,0.0008961774472447604,0.8666666666666666
loan__135_amount_max_15d,2020-03-16,2020-03-23,0.0010705289677172673,1.0
loan__135_amount_cnt_7d,2020-03-16,2020-03-23,0.00034230800040867786,0.9555555555555554
loan__135_amount_cnt_15d,2020-03-16,2020-03-23,0.0009813191053267172,1.0
loan__134_strong_cnt_7d,2020-03-16,2020-03-23,2.0077091113870445e-06,1.0
loan__134_strong_cnt_15d,2020-03-16,2020-03-23,5.217423403203763e-07,1.0
loan__134_stages_cnt_7d,2020-03-16,2020-03-23,2.4495761703056383e-06,1.0
loan__134_stages_cnt_15d,2020-03-16,2020-03-23,1.1847531646732993e-06,1.0
loan__134_petty_cnt_7d,2020-03-16,2020-03-23,0.00011921879551406987,1.0
loan__134_petty_cnt_15d,2020-03-16,2020-03-23,3.889630133176242e-05,1.0
loan__134_little_cnt_7d,2020-03-16,2020-03-23,1.678055038733117e-06,1.0
loan__134_little_cnt_15d,2020-03-16,2020-03-23,3.4123845028129484e-06,1.0
loan__134_finance_cnt_7d,2020-03-16,2020-03-23,4.42246987603814e-07,0.9428571428571428
loan__134_finance_cnt_15d,2020-03-16,2020-03-23,7.435648140113591e-08,1.0
loan__134_cnt_7d,2020-03-16,2020-03-23,0.00011116943274992204,1.0
loan__134_cnt_15d,2020-03-16,2020-03-23,4.1250323512283416e-05,1.0
loan__131_strong_orgcnt_7d,2020-03-16,2020-03-23,7.458499445323952e-07,1.0
loan__131_strong_orgcnt_15d,2020-03-16,2020-03-23,1.2166672944085153e-07,1.0
loan__131_strong_cnt_7d,2020-03-16,2020-03-23,7.809521263160634e-07,1.0
loan__131_strong_cnt_15d,2020-03-16,2020-03-23,6.444616558582226e-07,1.0
loan__131_stages_orgcnt_7d,2020-03-16,2020-03-23,7.171207117961177e-06,1.0
loan__131_stages_orgcnt_15d,2020-03-16,2020-03-23,1.0837708832367896e-05,1.0
loan__131_stages_cnt_7d,2020-03-16,2020-03-23,4.529449521420995e-05,1.0
loan__131_stages_cnt_15d,2020-03-16,2020-03-23,1.4874056544949426e-05,1.0
loan__131_petty_orgcnt_7d,2020-03-16,2020-03-23,0.0010015565033878703,1.0
loan__131_petty_orgcnt_15d,2020-03-16,2020-03-23,0.0017932246376365496,1.0
loan__131_petty_cnt_7d,2020-03-16,2020-03-23,0.0010041328101252148,0.9523809523809522
loan__131_petty_cnt_15d,2020-03-16,2020-03-23,0.0018771332834408797,1.0
loan__131_orgcnt_7d,2020-03-16,2020-03-23,0.0008830673941960525,1.0
loan__131_orgcnt_15d,2020-03-16,2020-03-23,0.0014751609984212462,1.0
loan__131_little_orgcnt_7d,2020-03-16,2020-03-23,2.235567346495048e-07,1.0
loan__131_little_orgcnt_15d,2020-03-16,2020-03-23,1.4384954485594672e-07,1.0
loan__131_little_cnt_7d,2020-03-16,2020-03-23,6.592122031287994e-07,0.9487179487179488
loan__131_little_cnt_15d,2020-03-16,2020-03-23,3.229005242964943e-07,1.0
loan__131_finance_orgcnt_7d,2020-03-16,2020-03-23,2.056937285599122e-05,1.0
loan__131_finance_orgcnt_15d,2020-03-16,2020-03-23,2.1988869505201272e-07,1.0
loan__131_finance_cnt_7d,2020-03-16,2020-03-23,2.6577953208781465e-05,1.0
loan__131_finance_cnt_15d,2020-03-16,2020-03-23,2.332403107489589e-06,1.0
loan__131_cnt_7d,2020-03-16,2020-03-23,0.0009240381600168397,1.0
loan__131_cnt_15d,2020-03-16,2020-03-23,0.001599961073793522,1.0
law__29_cnt_7d,2020-03-16,2020-03-23,0.00012463119557621394,0.8974358974358975
law__29_cnt_15d,2020-03-16,2020-03-23,9.48424228957484e-05,1.0
invest__1_cnt_7d,2020-03-16,2020-03-23,9.505580119697836e-18,1.0
invest__127_cnt_7d,2020-03-16,2020-03-23,1.9889113938986232e-05,0.9523809523809522
invest__126_cnt_7d,2020-03-16,2020-03-23,9.505580119697836e-18,1.0
invest__126_amount_sum_7d,2020-03-16,2020-03-23,9.505580119697836e-18,1.0
invest__126_amount_cnt_7d,2020-03-16,2020-03-23,9.505580119697836e-18,1.0
invest__125_cnt_7d,2020-03-16,2020-03-23,1.1047087323639708e-06,1.0
invest__125_amount_sum_7d,2020-03-16,2020-03-23,8.755890343362206e-07,1.0
invest__125_amount_cnt_7d,2020-03-16,2020-03-23,8.602537107372239e-07,1.0
invest__124_cnt_7d,2020-03-16,2020-03-23,9.505580119697836e-18,1.0
invest__124_amount_sum_7d,2020-03-16,2020-03-23,9.505580119697836e-18,1.0
invest__124_amount_cnt_7d,2020-03-16,2020-03-23,9.505580119697836e-18,1.0
invest__123_cnt_7d,2020-03-16,2020-03-23,0.00010455977978487686,1.0
invest__123_amount_sum_7d,2020-03-16,2020-03-23,2.597876793560918e-05,0.9111111111111109
invest__123_amount_cnt_7d,2020-03-16,2020-03-23,2.510346618477053e-05,1.0
invest__122_cnt_7d,2020-03-16,2020-03-23,8.380778496622907e-05,1.0
invest__122_amount_sum_7d,2020-03-16,2020-03-23,6.639815772249065e-05,0.7777777777777777
invest__122_amount_cnt_7d,2020-03-16,2020-03-23,6.7270334581167255e-06,1.0
invest__121_cnt_7d,2020-03-16,2020-03-23,0.0001159176601888356,0.8974358974358975
hotel__7_cnt_7d,2020-03-16,2020-03-23,7.507982505634962e-07,1.0
hotel__6_cnt_7d,2020-03-16,2020-03-23,0.0011544730718944937,1.0
hotel__27_cnt_7d,2020-03-16,2020-03-23,2.6992387601820104e-05,1.0
hotel__25_cnt_7d,2020-03-16,2020-03-23,0.00035086489344783454,1.0
hotel__1_cnt_7d,2020-03-16,2020-03-23,3.718040028626852e-05,1.0
games__7_cnt_7d,2020-03-16,2020-03-23,7.894715656242233e-08,1.0
games__7_amount_sum_7d,2020-03-16,2020-03-23,1.580063762210631e-08,0.7191465199607915
games__7_amount_cnt_7d,2020-03-16,2020-03-23,7.892049239959133e-09,1.0
games__6_cnt_7d,2020-03-16,2020-03-23,7.616138463685637e-06,1.0
games__6_amount_sum_7d,2020-03-16,2020-03-23,0.0001827362762815904,0.7333333333333333
games__6_amount_cnt_7d,2020-03-16,2020-03-23,3.539126539106401e-05,1.0
games__1_cnt_7d,2020-03-16,2020-03-23,7.363509502805314e-05,1.0
express__83_cnt_7d,2020-03-16,2020-03-23,0.0012496202866390544,0.9523809523809522
express__82_cnt_7d,2020-03-16,2020-03-23,0.00039639030528884286,0.9523809523809522
express__81_cnt_7d,2020-03-16,2020-03-23,0.0002936090918395068,1.0
express__7_cnt_7d,2020-03-16,2020-03-23,0.0007898077465464218,0.9428571428571428
express__6_cnt_7d,2020-03-16,2020-03-23,0.0005057190575915402,1.0
express__1_cnt_7d,2020-03-16,2020-03-23,8.236137365751844e-06,1.0
credit_card__62_cnt_7d,2020-03-16,2020-03-23,1.1565957969158623e-06,1.0
credit_card__62_cnt_15d,2020-03-16,2020-03-23,1.142463267910293e-06,1.0
credit_card__60_overdue2_7d,2020-03-16,2020-03-23,9.073816406969797e-06,1.0
credit_card__60_overdue2_15d,2020-03-16,2020-03-23,1.4699563512265302e-05,1.0
credit_card__60_overdue1_7d,2020-03-16,2020-03-23,0.0007228223088278169,1.0
credit_card__60_overdue1_15d,2020-03-16,2020-03-23,0.0027521591729188764,0.9545454545454546
credit_card__60_orgcnt_7d,2020-03-16,2020-03-23,8.352743825449011e-05,1.0
credit_card__60_orgcnt_15d,2020-03-16,2020-03-23,5.880824126887388e-06,1.0
credit_card__60_cnt_7d,2020-03-16,2020-03-23,0.0006733916135171058,1.0
credit_card__60_cnt_15d,2020-03-16,2020-03-23,0.002604415570262876,0.9545454545454546
credit_card__60_amount_sum_7d,2020-03-16,2020-03-23,0.00018246610065778899,1.0
credit_card__60_amount_sum_15d,2020-03-16,2020-03-23,0.00022534791274404398,0.9555555555555554
credit_card__59_cnt_7d,2020-03-16,2020-03-23,0.007010616135186052,1.0
credit_card__59_cnt_15d,2020-03-16,2020-03-23,0.0008915456247804854,1.0
credit_card__59_amount_cnt_7d,2020-03-16,2020-03-23,0.0056330650328246315,1.0
credit_card__59_amount_cnt_15d,2020-03-16,2020-03-23,0.001276266912147513,1.0
credit_card__58_cnt_7d,2020-03-16,2020-03-23,0.0018155546720198304,1.0
credit_card__58_cnt_15d,2020-03-16,2020-03-23,0.00015390554404193701,1.0
credit_card__56_cnt_7d,2020-03-16,2020-03-23,4.723819267218206e-05,0.9555555555555554
credit_card__56_cnt_15d,2020-03-16,2020-03-23,4.425119087060308e-05,1.0
credit_card__55_orgcnt_7d,2020-03-16,2020-03-23,8.633145473571608e-05,1.0
credit_card__55_orgcnt_15d,2020-03-16,2020-03-23,6.828693103416456e-05,1.0
credit_card__55_cnt_7d,2020-03-16,2020-03-23,0.001824300919271278,1.0
credit_card__55_cnt_15d,2020-03-16,2020-03-23,0.00030325468083488373,1.0
credit_card__55_amount_sum_7d,2020-03-16,2020-03-23,0.007791326001313666,0.7333333333333333
credit_card__55_amount_sum_15d,2020-03-16,2020-03-23,0.0007356787014743786,0.9555555555555554
credit_card__55_amount_max_7d,2020-03-16,2020-03-23,0.007092603841334417,0.9111111111111109
credit_card__55_amount_max_15d,2020-03-16,2020-03-23,0.000895513785213143,0.9555555555555554
credit_card__55_amount_cnt_7d,2020-03-16,2020-03-23,0.0022450202236458288,1.0
credit_card__55_amount_cnt_15d,2020-03-16,2020-03-23,0.0001972143044800148,1.0
credit_card__55_amount_big_7d,2020-03-16,2020-03-23,2.585567332187981e-06,1.0
credit_card__55_amount_big_15d,2020-03-16,2020-03-23,6.660759205410719e-05,1.0
credit_card__54_cnt_7d,2020-03-16,2020-03-23,2.1756869812721037e-06,1.0
credit_card__54_cnt_15d,2020-03-16,2020-03-23,2.447209424039533e-06,1.0
credit_card__53_cnt_7d,2020-03-16,2020-03-23,2.789899602373775e-05,1.0
credit_card__53_cnt_15d,2020-03-16,2020-03-23,5.594296443598107e-06,1.0
credit_card__52_cnt_7d,2020-03-16,2020-03-23,3.761338225959523e-07,1.0
credit_card__52_cnt_15d,2020-03-16,2020-03-23,8.166741041539043e-07,1.0
credit_card__20_orgcnt_7d,2020-03-16,2020-03-23,0.01371988914001706,1.0
credit_card__20_orgcnt_15d,2020-03-16,2020-03-23,0.030728024961549194,1.0
credit_card__20_cnt_7d,2020-03-16,2020-03-23,0.01566616486671327,1.0
credit_card__20_cnt_15d,2020-03-16,2020-03-23,0.029575268571997607,1.0
credit_card__20_amount_sum_7d,2020-03-16,2020-03-23,0.03347420870323433,0.5111111111111111
credit_card__20_amount_sum_15d,2020-03-16,2020-03-23,0.04608916208992779,0.9111111111111109
credit_card__20_amount_min_7d,2020-03-16,2020-03-23,0.030370813671809525,0.2888888888888889
credit_card__20_amount_min_15d,2020-03-16,2020-03-23,0.043445122318887884,0.6
credit_card__20_amount_max_7d,2020-03-16,2020-03-23,0.033394366592915475,0.3333333333333333
credit_card__20_amount_max_15d,2020-03-16,2020-03-23,0.04598130472941072,0.9555555555555554
credit_card__20_amount_cnt_7d,2020-03-16,2020-03-23,0.0236942377901694,0.9545454545454546
credit_card__20_amount_cnt_15d,2020-03-16,2020-03-23,0.03530586339472904,1.0
credit_card__1_cnt_7d,2020-03-16,2020-03-23,6.586355275617379e-06,1.0
credit_card__1_cnt_15d,2020-03-16,2020-03-23,1.1509305751584893e-06,1.0
car__502_cnt_7d,2020-03-16,2020-03-23,0.00011212830649583508,0.9487179487179488
car__502_amount_sum_7d,2020-03-16,2020-03-23,0.0005460689095886172,0.9166666666666669
car__502_amount_cnt_7d,2020-03-16,2020-03-23,0.0003901805592205977,0.9166666666666669
car__501_cnt_7d,2020-03-16,2020-03-23,9.832596655982823e-05,0.9545454545454546
car__501_amount_sum_7d,2020-03-16,2020-03-23,3.3639902156930014e-06,1.0
car__501_amount_cnt_7d,2020-03-16,2020-03-23,4.094610243598467e-06,0.9523809523809522
car__1_cnt_7d,2020-03-16,2020-03-23,1.4902032881835174e-05,0.9545454545454546
car__12_cnt_7d,2020-03-16,2020-03-23,0.00025959747673535917,1.0
car__11_cnt_7d,2020-03-16,2020-03-23,0.0007893228953835152,1.0
business_insurance__33_cnt_7d,2020-03-16,2020-03-23,1.9587270981949284e-06,1.0
business_insurance__32_cnt_7d,2020-03-16,2020-03-23,2.376134248082929e-05,1.0
business_insurance__32_amount_sum_7d,2020-03-16,2020-03-23,2.2122234597405625e-05,0.9555555555555554
business_insurance__32_amount_cnt_7d,2020-03-16,2020-03-23,1.8105457891089408e-05,1.0
business_insurance__31_cnt_7d,2020-03-16,2020-03-23,9.505580119697836e-18,1.0
business_insurance__31_amount_sum_7d,2020-03-16,2020-03-23,9.505580119697836e-18,1.0
business_insurance__31_amount_cnt_7d,2020-03-16,2020-03-23,9.505580119697836e-18,1.0
business_insurance__1_cnt_7d,2020-03-16,2020-03-23,2.0695693949621373e-05,0.9555555555555554
bank_budget__24_cnt_7d,2020-03-16,2020-03-23,0.011587353397062256,1.0
bank_budget__24_cnt_15d,2020-03-16,2020-03-23,0.0027281225908512567,1.0
bank_budget__24_amount_sum_7d,2020-03-16,2020-03-23,1.2449508049794834e-05,0.8666666666666666
bank_budget__24_amount_sum_15d,2020-03-16,2020-03-23,7.692364145602412e-06,0.9111111111111109
bank_budget__24_amount_min_7d,2020-03-16,2020-03-23,1.306327692295522e-05,0.9438798074485388
bank_budget__24_amount_min_15d,2020-03-16,2020-03-23,7.513152434156981e-06,0.8666666666666666
bank_budget__24_amount_max_7d,2020-03-16,2020-03-23,1.3263214204341605e-05,0.9555555555555554
bank_budget__24_amount_max_15d,2020-03-16,2020-03-23,7.651697716716334e-06,0.7777777777777777
bank_budget__24_amount_cnt_7d,2020-03-16,2020-03-23,1.2397844079873815e-05,1.0
bank_budget__24_amount_cnt_15d,2020-03-16,2020-03-23,6.17703413748057e-06,1.0
bank_budget__23_cnt_7d,2020-03-16,2020-03-23,6.04100429312611e-05,1.0
bank_budget__23_cnt_15d,2020-03-16,2020-03-23,0.0004034055408543047,1.0
bank_budget__23_amount_min_7d,2020-03-16,2020-03-23,4.052006952517019e-05,0.9555555555555554
bank_budget__23_amount_min_15d,2020-03-16,2020-03-23,0.00022419138025685483,1.0
bank_budget__23_amount_max_7d,2020-03-16,2020-03-23,3.850822704440157e-05,0.9555555555555554
bank_budget__23_amount_max_15d,2020-03-16,2020-03-23,0.00022783610338630587,1.0
bank_budget__22_orgcnt_7d,2020-03-16,2020-03-23,0.00011282024606189561,1.0
bank_budget__22_orgcnt_15d,2020-03-16,2020-03-23,0.000709282403576184,1.0
bank_budget__22_cnt_7d,2020-03-16,2020-03-23,0.00017863647669263407,1.0
bank_budget__22_cnt_15d,2020-03-16,2020-03-23,0.0007476040109328058,1.0
bank_budget__22_amount_sum_7d,2020-03-16,2020-03-23,0.000706532255993083,0.9555555555555554
bank_budget__22_amount_sum_15d,2020-03-16,2020-03-23,0.0010276844106552343,1.0
bank_budget__22_amount_max_7d,2020-03-16,2020-03-23,0.0008599424857681918,0.8666666666666666
bank_budget__22_amount_max_15d,2020-03-16,2020-03-23,0.0011778233280597785,1.0
bank_budget__22_amount_cnt_7d,2020-03-16,2020-03-23,0.000598774144129059,1.0
bank_budget__22_amount_cnt_15d,2020-03-16,2020-03-23,0.0007801172067043034,1.0
bank_budget__22_amount_big_7d,2020-03-16,2020-03-23,0.00016497936638362713,1.0
bank_budget__22_amount_big_15d,2020-03-16,2020-03-23,0.00014622150407265342,1.0
bank_budget__21_orgcnt_7d,2020-03-16,2020-03-23,0.00016986185973892393,1.0
bank_budget__21_orgcnt_15d,2020-03-16,2020-03-23,0.0012376283986628382,1.0
bank_budget__21_cnt_7d,2020-03-16,2020-03-23,0.00012891500369775028,1.0
bank_budget__21_cnt_15d,2020-03-16,2020-03-23,0.0011185724060132876,1.0
bank_budget__21_amount_sum_7d,2020-03-16,2020-03-23,0.0019900177958378324,0.8666666666666666
bank_budget__21_amount_sum_15d,2020-03-16,2020-03-23,0.0018745975135932708,0.9555555555555554
bank_budget__21_amount_max_7d,2020-03-16,2020-03-23,0.002048476329037704,1.0
bank_budget__21_amount_max_15d,2020-03-16,2020-03-23,0.001921342085901605,0.9555555555555554
bank_budget__21_amount_cnt_7d,2020-03-16,2020-03-23,0.0007703592633580176,0.9555555555555554
bank_budget__21_amount_cnt_15d,2020-03-16,2020-03-23,0.0014466722139130127,1.0
bank_budget__21_amount_big_7d,2020-03-16,2020-03-23,2.9363795869747858e-05,1.0
bank_budget__21_amount_big_15d,2020-03-16,2020-03-23,0.00024848167214648576,1.0
bank_budget__1_cnt_7d,2020-03-16,2020-03-23,0.0009648951773327297,1.0
bank_budget__1_cnt_15d,2020-03-16,2020-03-23,0.000974900300724228,1.0
airplane__7_cnt_7d,2020-03-16,2020-03-23,7.394342526872298e-05,1.0
airplane__7_amount_sum_7d,2020-03-16,2020-03-23,5.6910130623881885e-05,0.7777777777777777
airplane__7_amount_cnt_7d,2020-03-16,2020-03-23,5.021569618388267e-05,1.0
airplane__6_cnt_7d,2020-03-16,2020-03-23,0.0006111955369432772,1.0
airplane__6_amount_sum_7d,2020-03-16,2020-03-23,0.00044555603154065773,0.6
airplane__6_amount_cnt_7d,2020-03-16,2020-03-23,0.0002082191428444777,1.0
airplane__2_cnt_7d,2020-03-16,2020-03-23,6.86956672502378e-08,0.9487179487179488
airplane__1_cnt_7d,2020-03-16,2020-03-23,0.00226618855685035,0.9047619047619048
yys__20_cnt_7d,2020-03-16,2020-03-23,0.16500671879080692,0.9555555555555554
yys__20_amount_sum_7d,2020-03-16,2020-03-23,0.20957970407503865,0.7777777777777777
yys__20_amount_cnt_7d,2020-03-16,2020-03-23,0.2290256047373631,0.9523809523809522
yys__1_cnt_7d,2020-03-16,2020-03-23,0.005332143479746373,1.0
yys__16_cnt_7d,2020-03-16,2020-03-23,0.0013728781813743055,0.9545454545454546
yys__16_amount_sum_7d,2020-03-16,2020-03-23,0.00032879709545840743,0.7333333333333333
yys__16_amount_cnt_7d,2020-03-16,2020-03-23,0.00010022589351690764,1.0
yys__15_cnt_7d,2020-03-16,2020-03-23,0.002155658294485354,1.0
yys__15_amount_sum_7d,2020-03-16,2020-03-23,0.005171379340815405,0.8222222222222221
yys__15_amount_max_7d,2020-03-16,2020-03-23,0.005525975717350972,0.9555555555555554
yys__15_amount_cnt_7d,2020-03-16,2020-03-23,0.0009713325766191556,1.0
train__7_cnt_7d,2020-03-16,2020-03-23,4.327964837601762e-06,1.0
train__7_amount_sum_7d,2020-03-16,2020-03-23,2.9018325129545533e-06,0.9555555555555554
train__7_amount_cnt_7d,2020-03-16,2020-03-23,2.407386158337126e-06,1.0
train__6_cnt_7d,2020-03-16,2020-03-23,0.00020989679125871854,1.0
train__6_amount_sum_7d,2020-03-16,2020-03-23,0.00047869245007875976,0.7333333333333333
train__6_amount_cnt_7d,2020-03-16,2020-03-23,0.00011662078207885227,1.0
train__5_cnt_7d,2020-03-16,2020-03-23,0.0029280765550669997,1.0
train__1_cnt_7d,2020-03-16,2020-03-23,0.0016076804750543385,0.9555555555555554
tourism__7_cnt_7d,2020-03-16,2020-03-23,2.1876580175847054e-05,1.0
tourism__6_cnt_7d,2020-03-16,2020-03-23,0.0054159429481606255,1.0
tourism__1_cnt_7d,2020-03-16,2020-03-23,2.58323166403476e-05,1.0
taxi__8_cnt_7d,2020-03-16,2020-03-23,3.177156827911957e-07,1.0
taxi__7_cnt_7d,2020-03-16,2020-03-23,2.724776474195676e-07,1.0
taxi__6_cnt_7d,2020-03-16,2020-03-23,0.0007956296134987216,1.0
taxi__41_cnt_7d,2020-03-16,2020-03-23,0.003104074095718541,1.0
taxi__41_amount_sum_7d,2020-03-16,2020-03-23,0.00026499643760453706,0.4222222222222222
taxi__41_amount_cnt_7d,2020-03-16,2020-03-23,0.00010826612451601158,1.0
taxi__1_cnt_7d,2020-03-16,2020-03-23,0.00014343648503076296,1.0
takeoutfood__87_cnt_7d,2020-03-16,2020-03-23,0.0005004155988021237,1.0
takeoutfood__86_cnt_7d,2020-03-16,2020-03-23,3.102525208893804e-06,1.0
takeoutfood__7_cnt_7d,2020-03-16,2020-03-23,5.209378558161442e-06,1.0
takeoutfood__6_cnt_7d,2020-03-16,2020-03-23,0.0001867575511010611,1.0
takeoutfood__508_cnt_7d,2020-03-16,2020-03-23,0.0005925391524562813,1.0
takeoutfood__508_amount_sum_7d,2020-03-16,2020-03-23,0.0109794438829115,0.3333333333333333
takeoutfood__508_amount_cnt_7d,2020-03-16,2020-03-23,0.00012066228313507351,1.0
takeoutfood__1_cnt_7d,2020-03-16,2020-03-23,1.6685490265604627e-05,1.0
room__508_cnt_7d,2020-03-16,2020-03-23,0.001293526811587004,1.0
room__508_amount_sum_7d,2020-03-16,2020-03-23,0.0005357513310984338,0.5111111111111111
room__508_amount_cnt_7d,2020-03-16,2020-03-23,0.0005170993125424045,0.9545454545454546
room__1_cnt_7d,2020-03-16,2020-03-23,9.73767130047198e-06,1.0
room__12_cnt_7d,2020-03-16,2020-03-23,0.0003604321968340018,0.9523809523809522
room__11_cnt_7d,2020-03-16,2020-03-23,0.002944124445232825,1.0
report__5_cnt_7d,2020-03-16,2020-03-23,2.1612197861543617e-06,0.9545454545454546
report__5_cnt_15d,2020-03-16,2020-03-23,6.306285496255784e-06,1.0
report__1_cnt_7d,2020-03-16,2020-03-23,7.802186888405926e-07,1.0
report__1_cnt_15d,2020-03-16,2020-03-23,1.926384786985283e-07,1.0
recruit__1_cnt_7d,2020-03-16,2020-03-23,2.8650797637625734e-05,1.0
other_budget__42_wechatpay_amount_sum_7d,2020-03-16,2020-03-23,0.004916658250682889,0.9111111111111109
other_budget__42_wechatpay_amount_sum_15d,2020-03-16,2020-03-23,0.00019107558654144667,0.7777777777777777
other_budget__42_orgcnt_7d,2020-03-16,2020-03-23,0.0023836380495086663,1.0
other_budget__42_orgcnt_15d,2020-03-16,2020-03-23,0.009395472226697055,1.0
other_budget__42_jdpay_amount_sum_7d,2020-03-16,2020-03-23,2.386771500399783e-05,1.0
other_budget__42_jdpay_amount_sum_15d,2020-03-16,2020-03-23,4.334583593859227e-05,0.9545454545454546
other_budget__42_cnt_7d,2020-03-16,2020-03-23,0.003808476056919981,1.0
other_budget__42_cnt_15d,2020-03-16,2020-03-23,0.014517252756077015,1.0
other_budget__42_amount_sum_7d,2020-03-16,2020-03-23,0.0034482740599834413,0.7777777777777777
other_budget__42_amount_sum_15d,2020-03-16,2020-03-23,0.004170261576261754,0.7777777777777777
other_budget__42_amount_min_7d,2020-03-16,2020-03-23,0.007088956757505507,0.6444444444444444
other_budget__42_amount_min_15d,2020-03-16,2020-03-23,0.008161990192100966,0.8222222222222221
other_budget__42_amount_max_7d,2020-03-16,2020-03-23,0.005978814070527411,0.7777777777777777
other_budget__42_amount_max_15d,2020-03-16,2020-03-23,0.005259077065211969,0.8222222222222221
other_budget__42_amount_cnt_7d,2020-03-16,2020-03-23,0.000578381211777898,1.0
other_budget__42_amount_cnt_15d,2020-03-16,2020-03-23,0.002803453004731809,0.9555555555555554
other_budget__42_amount_big_7d,2020-03-16,2020-03-23,0.0001477541399140126,1.0
other_budget__42_amount_big_15d,2020-03-16,2020-03-23,1.3047347076219187e-05,1.0
other_budget__42_alipay_amount_sum_7d,2020-03-16,2020-03-23,0.008148286500067,0.5111111111111111
other_budget__42_alipay_amount_sum_15d,2020-03-16,2020-03-23,0.008286405790278041,0.7777777777777777
other_budget__41_wechatpay_amount_sum_7d,2020-03-16,2020-03-23,4.588778419170346e-06,1.0
other_budget__41_wechatpay_amount_sum_15d,2020-03-16,2020-03-23,2.490904740257547e-05,0.9111111111111109
other_budget__41_orgcnt_7d,2020-03-16,2020-03-23,0.0029820000615799888,1.0
other_budget__41_orgcnt_15d,2020-03-16,2020-03-23,0.0052177630699185434,1.0
other_budget__41_jdpay_amount_sum_7d,2020-03-16,2020-03-23,7.390219866180678e-06,0.8666666666666666
other_budget__41_jdpay_amount_sum_15d,2020-03-16,2020-03-23,1.6277065161799933e-05,0.9555555555555554
other_budget__41_cnt_7d,2020-03-16,2020-03-23,0.003948975503009958,1.0
other_budget__41_cnt_15d,2020-03-16,2020-03-23,0.00793352280441695,1.0
other_budget__41_amount_sum_7d,2020-03-16,2020-03-23,0.037039682887228496,0.7727272727272727
other_budget__41_amount_sum_15d,2020-03-16,2020-03-23,0.046902978482376484,0.7272727272727273
other_budget__41_amount_min_7d,2020-03-16,2020-03-23,0.05803358106204925,0.7727272727272727
other_budget__41_amount_min_15d,2020-03-16,2020-03-23,0.025704340322926605,0.8181818181818182
other_budget__41_amount_max_7d,2020-03-16,2020-03-23,0.03801851690155692,0.8181818181818182
other_budget__41_amount_max_15d,2020-03-16,2020-03-23,0.014547247048199362,0.9090909090909092
other_budget__41_amount_cnt_7d,2020-03-16,2020-03-23,0.0045644457745555,1.0
other_budget__41_amount_cnt_15d,2020-03-16,2020-03-23,0.008310931457568628,1.0
other_budget__41_amount_big_7d,2020-03-16,2020-03-23,1.7344157862202575e-06,1.0
other_budget__41_amount_big_15d,2020-03-16,2020-03-23,1.619058503089694e-06,1.0
other_budget__41_alipay_amount_sum_7d,2020-03-16,2020-03-23,0.04498870403206308,0.8461538461538461
other_budget__41_alipay_amount_sum_15d,2020-03-16,2020-03-23,0.03436644084802348,0.8974358974358975
other_budget__0_cnt_7d,2020-03-16,2020-03-23,0.0002193983977158788,1.0
other_budget__0_cnt_15d,2020-03-16,2020-03-23,0.00046339665324964836,1.0
onlineshopping__7_cnt_7d,2020-03-16,2020-03-23,8.471910941734532e-06,1.0
onlineshopping__6_cnt_7d,2020-03-16,2020-03-23,4.235195094799865e-05,1.0
onlineshopping__1_cnt_7d,2020-03-16,2020-03-23,0.0024236147550871236,1.0
loan__888_strong_cnt_7d,2020-03-16,2020-03-23,1.9024319911338573e-06,1.0
loan__888_strong_cnt_15d,2020-03-16,2020-03-23,3.7374352925701547e-07,0.9166666666666669
loan__888_stages_cnt_7d,2020-03-16,2020-03-23,1.5411839619867727e-06,1.0
loan__888_stages_cnt_15d,2020-03-16,2020-03-23,5.36937585922775e-07,1.0
loan__888_petty_cnt_7d,2020-03-16,2020-03-23,4.7816402390910514e-05,1.0
loan__888_petty_cnt_15d,2020-03-16,2020-03-23,1.563439135982273e-05,1.0
loan__888_little_cnt_7d,2020-03-16,2020-03-23,3.5175084567305796e-05,1.0
loan__888_little_cnt_15d,2020-03-16,2020-03-23,2.691615783723505e-05,1.0
loan__888_finance_cnt_7d,2020-03-16,2020-03-23,3.116801177304329e-06,1.0
loan__888_finance_cnt_15d,2020-03-16,2020-03-23,1.5699777480272508e-05,0.9111111111111109
loan__888_cnt_7d,2020-03-16,2020-03-23,4.483382288646883e-05,1.0
loan__888_cnt_15d,2020-03-16,2020-03-23,1.332823990070824e-05,1.0
loan__59_strong_orgcnt_7d,2020-03-16,2020-03-23,2.058301696159045e-08,0.8416254115301732
loan__59_strong_orgcnt_15d,2020-03-16,2020-03-23,1.0550530185350461e-07,1.0
loan__59_strong_cnt_7d,2020-03-16,2020-03-23,2.5804650016480787e-09,1.0
loan__59_strong_cnt_15d,2020-03-16,2020-03-23,1.0511614666715687e-07,1.0
loan__59_stages_orgcnt_7d,2020-03-16,2020-03-23,2.298982433899752e-07,1.0
loan__59_stages_orgcnt_15d,2020-03-16,2020-03-23,4.000321313486917e-07,1.0
loan__59_stages_cnt_7d,2020-03-16,2020-03-23,1.1772442948573711e-05,0.8666666666666666
loan__59_stages_cnt_15d,2020-03-16,2020-03-23,2.244415752965697e-05,0.8666666666666666
loan__59_petty_orgcnt_7d,2020-03-16,2020-03-23,3.3729448855161273e-06,1.0
loan__59_petty_orgcnt_15d,2020-03-16,2020-03-23,8.069260436375188e-07,0.9258200997725516
loan__59_petty_cnt_7d,2020-03-16,2020-03-23,0.0008194497684025249,0.6444444444444444
loan__59_petty_cnt_15d,2020-03-16,2020-03-23,4.19719630455576e-05,0.9555555555555554
loan__59_orgcnt_7d,2020-03-16,2020-03-23,1.1986888303800378e-06,1.0
loan__59_orgcnt_15d,2020-03-16,2020-03-23,4.420006879290018e-06,1.0
loan__59_little_orgcnt_7d,2020-03-16,2020-03-23,2.1345936043450825e-05,1.0
loan__59_little_orgcnt_15d,2020-03-16,2020-03-23,9.976305364823292e-07,1.0
loan__59_little_cnt_7d,2020-03-16,2020-03-23,2.418035973618956e-05,0.9111111111111109
loan__59_little_cnt_15d,2020-03-16,2020-03-23,2.5257591504662483e-06,1.0
loan__59_finance_orgcnt_7d,2020-03-16,2020-03-23,4.058485467994407e-07,0.8944271909999159
loan__59_finance_orgcnt_15d,2020-03-16,2020-03-23,1.0387020614562538e-05,0.8944271909999159
loan__59_finance_cnt_7d,2020-03-16,2020-03-23,2.22990423083073e-06,1.0
loan__59_finance_cnt_15d,2020-03-16,2020-03-23,1.594508011809845e-05,1.0
loan__59_cnt_7d,2020-03-16,2020-03-23,0.0005535656923593028,0.7777777777777777
loan__59_cnt_15d,2020-03-16,2020-03-23,3.4863148278734494e-05,0.9555555555555554
loan__58_strong_orgcnt_7d,2020-03-16,2020-03-23,5.66954182108556e-05,1.0
loan__58_strong_orgcnt_15d,2020-03-16,2020-03-23,8.445453839034766e-06,1.0
loan__58_strong_cnt_7d,2020-03-16,2020-03-23,6.0934723321836044e-05,1.0
loan__58_strong_cnt_15d,2020-03-16,2020-03-23,1.4435149544040122e-05,1.0
loan__58_strong_amount_sum_7d,2020-03-16,2020-03-23,8.876098349436769e-05,0.8222222222222221
loan__58_strong_amount_sum_15d,2020-03-16,2020-03-23,3.1563571150484386e-05,0.8222222222222221
loan__58_strong_amount_max_7d,2020-03-16,2020-03-23,8.981572409856303e-05,0.5555555555555555
loan__58_strong_amount_max_15d,2020-03-16,2020-03-23,3.264010679094044e-05,0.8666666666666666
loan__58_strong_amount_cnt_7d,2020-03-16,2020-03-23,7.335286598161947e-05,1.0
loan__58_strong_amount_cnt_15d,2020-03-16,2020-03-23,1.2051097372609975e-05,1.0
loan__58_stages_orgcnt_7d,2020-03-16,2020-03-23,4.291664935131575e-06,1.0
loan__58_stages_orgcnt_15d,2020-03-16,2020-03-23,0.0008899137257031262,1.0
loan__58_stages_cnt_7d,2020-03-16,2020-03-23,4.2955148689851975e-06,1.0
loan__58_stages_cnt_15d,2020-03-16,2020-03-23,0.0011072209624577146,1.0
loan__58_stages_amount_sum_7d,2020-03-16,2020-03-23,3.990508391630538e-06,1.0
loan__58_stages_amount_sum_15d,2020-03-16,2020-03-23,4.167868069427833e-06,0.9555555555555554
loan__58_stages_amount_max_7d,2020-03-16,2020-03-23,4.318659840475788e-06,1.0
loan__58_stages_amount_max_15d,2020-03-16,2020-03-23,3.666855214823294e-06,1.0
loan__58_stages_amount_cnt_7d,2020-03-16,2020-03-23,3.1346676669513493e-06,1.0
loan__58_stages_amount_cnt_15d,2020-03-16,2020-03-23,2.875292236519458e-06,1.0
loan__58_petty_orgcnt_7d,2020-03-16,2020-03-23,0.0003996268839146397,1.0
loan__58_petty_orgcnt_15d,2020-03-16,2020-03-23,0.00013632868989449208,1.0
loan__58_petty_cnt_7d,2020-03-16,2020-03-23,0.0004797591178476033,1.0
loan__58_petty_cnt_15d,2020-03-16,2020-03-23,0.0001701544471763402,1.0
loan__58_petty_amount_sum_7d,2020-03-16,2020-03-23,0.0002601338912358145,0.9111111111111109
loan__58_petty_amount_sum_15d,2020-03-16,2020-03-23,3.122238526351357e-05,1.0
loan__58_petty_amount_max_7d,2020-03-16,2020-03-23,0.0002985747105355472,0.9555555555555554
loan__58_petty_amount_max_15d,2020-03-16,2020-03-23,6.028699234349915e-05,0.9555555555555554
loan__58_petty_amount_cnt_7d,2020-03-16,2020-03-23,0.0004317006581937045,1.0
loan__58_petty_amount_cnt_15d,2020-03-16,2020-03-23,0.00019783949874406517,1.0
loan__58_orgcnt_7d,2020-03-16,2020-03-23,0.0008202794368029321,1.0
loan__58_orgcnt_15d,2020-03-16,2020-03-23,0.00019127241630059776,1.0
loan__58_little_orgcnt_7d,2020-03-16,2020-03-23,0.0007693199385291707,1.0
loan__58_little_orgcnt_15d,2020-03-16,2020-03-23,0.0005541584564305672,1.0
loan__58_little_cnt_7d,2020-03-16,2020-03-23,0.0007985998534548359,1.0
loan__58_little_cnt_15d,2020-03-16,2020-03-23,0.0005486441087103321,1.0
loan__58_little_amount_sum_7d,2020-03-16,2020-03-23,0.0010209224840069318,0.4222222222222222
loan__58_little_amount_sum_15d,2020-03-16,2020-03-23,0.0007497898341217193,0.8222222222222221
loan__58_little_amount_max_7d,2020-03-16,2020-03-23,0.0009745241018959604,0.6
loan__58_little_amount_max_15d,2020-03-16,2020-03-23,0.0007242249413626768,0.7333333333333333
loan__58_little_amount_cnt_7d,2020-03-16,2020-03-23,0.0008404500483302388,1.0
loan__58_little_amount_cnt_15d,2020-03-16,2020-03-23,0.0005930423777602914,1.0
loan__58_finance_orgcnt_7d,2020-03-16,2020-03-23,6.835184335731309e-06,1.0
loan__58_finance_orgcnt_15d,2020-03-16,2020-03-23,2.2650743316056733e-06,1.0
loan__58_finance_cnt_7d,2020-03-16,2020-03-23,7.467105273537552e-06,1.0
loan__58_finance_cnt_15d,2020-03-16,2020-03-23,2.2447690037762832e-06,1.0
loan__58_finance_amount_sum_7d,2020-03-16,2020-03-23,1.0029097434847872e-05,0.8666666666666666
loan__58_finance_amount_sum_15d,2020-03-16,2020-03-23,4.1056048809187445e-06,1.0
loan__58_finance_amount_max_7d,2020-03-16,2020-03-23,1.0898216596263006e-05,0.9555555555555554
loan__58_finance_amount_max_15d,2020-03-16,2020-03-23,4.269126484779087e-06,0.9555555555555554
score_z2,2020-03-16,2020-03-23,6.5520696765988015e-06,1.0
score_z,2020-03-16,2020-03-23,1.9214701836353527e-06,1.0
score_x2,2020-03-16,2020-03-23,9.175317882052887e-06,1.0
score_x,2020-03-16,2020-03-23,2.2615246985559354e-07,1.0
