活跃借记卡数量,活跃信用卡数量,活跃借记卡银行总和,活跃信用卡银行总和,活跃银行,拥有超过5张借记卡的用户数,拥有超过10张借记卡的用户数,拥有超过5张信用卡的用户数,拥有超过10张信用卡的用户数,拥有超过50张信用卡的用户数,拥有超过5家借记卡银行的用户数,拥有超过10家借记卡银行的用户数,拥有超过5家信用卡银行的用户数,拥有超过10家信用卡银行的用户数,拥有超过5家银行的用户数,拥有超过10家银行的用户数,独立用户数,短信条数,dt,prov
7640635,2521601,7093620,2450813,9407646,637762,635623,651913,635880,635479,635632,635474,647835,635495,660629,635555,7960637,7960637,2019/3/1,黑龙江
37859065,7985442,30236468,7188321,36103479,687896,332456,528273,330728,320975,365789,321365,455416,322256,782565,337986,20494601,20494601,2020/8/1,贵州
13882576,3470530,12006201,3298617,15138952,1250027,1207868,1210978,1205565,1205511,1210161,1205699,1206681,1205510,1259635,1205827,11344837,11344837,2020/8/1,内蒙古
11968586,3111002,10459121,2978961,13315462,1325208,1300279,1302336,1299078,1299040,1301336,1299106,1299734,1299040,1332451,1299150,10553771,10553771,2020/1/1,内蒙古
48104731,16874382,43666450,15679800,55409616,934608,693139,1166140,718619,681315,768655,683147,1058547,692842,1610673,736889,29692145,29692145,2020/1/1,湖北
12288783,5767538,10520910,5385803,15453817,589730,561507,707553,565328,559782,561939,559813,670350,560565,752700,563520,10467361,10467361,2019/9/1,吉林
5337301,4458887,4777700,4106206,8479217,510243,493112,608273,502509,487471,492351,487632,576866,492568,629697,498359,5394897,5394897,2019/11/1,天津
11064808,2825608,9738219,2705599,12339216,1276932,1259425,1260980,1258577,1258546,1260163,1258576,1258940,1258546,1283759,1258607,10020712,10020712,2019/11/1,内蒙古
34043813,9675761,29291733,9133180,36994019,1059258,952288,1126084,948226,941673,953860,941791,1076427,943058,1274188,949161,25116134,25116134,2019/7/1,湖南
5661338,3027000,4691819,2795077,7012671,214413,182131,270425,185016,180376,184045,180434,246762,181194,314870,184615,3920417,3920417,2019/12/1,宁夏
4350850,3491538,4070631,3410630,7265175,739109,736511,755088,736468,736278,736471,736278,749764,736288,762992,736321,5921951,5921951,2019/3/1,山西
12713896,5641644,11406882,5076765,15547849,463328,420551,528331,422414,417349,425880,417588,480654,417834,588567,421285,9700170,9700170,2020/5/1,甘肃
7515860,3383682,6756943,3103444,9197574,143655,105909,207400,109505,103524,115918,103682,178943,104626,286251,109818,4945680,4945680,2020/3/1,海南
54921442,15416360,46068118,14039536,58020601,1831755,1597406,1904284,1597290,1570820,1612378,1572772,1795150,1577687,2120261,1599906,38170658,38170658,2020/3/1,四川
56312422,14754233,46461860,13487055,56810735,1249371,781745,1140456,770791,745028,826599,747339,1018260,750326,1531028,780448,33259177,33259177,2020/8/1,湖南
21996674,10058026,18987757,9283527,26749192,1379653,1315022,1607217,1324334,1307115,1316489,1307271,1530098,1310051,1714677,1321600,17859879,17859879,2019/11/1,云南
35766538,7720626,28683291,6984236,34445347,660445,356716,540762,355535,347184,383745,347515,474647,348303,772655,362065,19850815,19850815,2020/6/1,贵州
19161309,14003387,17041928,13197480,28822473,1202662,1146268,1530556,1158424,1142653,1151536,1142607,1441342,1144557,1718811,1154036,17023319,17023319,2019/6/1,福建
50096013,23452628,44056924,21703305,63179858,2315780,2140234,2708615,2160165,2112832,2153035,2113725,2545386,2125401,3020826,2158498,39341099,39341099,2019/9/1,江苏
28312080,8994159,24446374,8258283,31231397,709837,543006,792472,552309,532462,570864,533598,727451,537905,999875,559709,17964391,17964391,2020/5/1,重庆
92242254,58501055,81593130,53169348,127956469,4008262,3611628,5510429,3773257,3566674,3673113,3569934,5042103,3639920,6245197,3770636,72454123,72454123,2020/1/1,广东
64273166,28600886,56720178,26677992,79685642,1424582,1152099,2053813,1189575,1133386,1202254,1134694,1847207,1147564,2692009,1207973,44900207,44900207,2020/2/1,河南
115447018,41200039,101358939,37067121,128173326,2666152,1178223,2462376,1263352,1051193,1703697,1066200,2115642,1133988,4180865,1382340,57367500,57367500,2020/6/1,江苏
17052614,7748201,15512491,7379263,22198407,872334,853785,1029864,857402,852584,854779,852593,990957,853379,1108378,856444,15577023,15577023,2019/6/1,广西
44360001,21342305,39311020,19885449,57107280,2191212,2066035,2557386,2082601,2046593,2072020,2046951,2419304,2056090,2802060,2078880,36694568,36694568,2019/7/1,江苏
16774126,5668268,14333051,5108987,18464278,628032,562741,687363,565418,557558,570116,557952,643896,558925,754942,565918,12280061,12280061,2020/5/1,新疆
20273018,10728345,15093396,9187677,22631992,1155849,1009841,1162702,945243,914470,938438,915246,1059061,921385,1217581,935258,13667068,13667068,2019/10/1,上海
1985523,1545299,1875263,1481512,3268683,441545,440333,459109,441007,440171,440281,440171,453753,440429,461089,440625,2809441,2809441,2019/3/1,天津
565183,169266,509039,155469,630056,94781,93680,94691,93670,93611,93829,93624,94086,93618,95360,93655,560998,560998,2020/1/1,西藏
21422693,12957863,19584493,12113582,30514066,1568620,1520157,1844130,1528435,1515813,1526398,1516011,1759422,1517752,1957915,1525514,20083989,20083989,2019/9/1,河北
12229546,4266676,10972000,4092423,14791691,637743,628920,697059,630444,628516,629325,628504,682274,628739,729409,629621,11100722,11100722,2019/4/1,黑龙江
4063836,1067864,3257071,941801,4027628,113857,92056,110385,92040,91312,92625,91322,101848,91349,118519,91862,2834087,2834087,2019/12/1,青海
22715958,5198030,19086447,4832703,23392303,476816,409539,494114,409267,407780,413037,407801,466075,407903,582459,410205,15562352,15562352,2019/7/1,贵州
13307841,7973754,12469600,7684993,19652209,1350264,1338901,1459622,1340048,1338056,1339675,1338063,1433258,1338333,1510902,1339297,14653010,14653010,2019/4/1,河北
36785031,7858160,29419514,7088614,35238150,672410,343738,533902,342298,333298,373672,333657,464290,334494,776481,349215,20154191,20154191,2020/7/1,贵州
9512229,4187775,8329948,3992998,12063704,606096,594195,678763,595258,593545,594068,593544,659757,593728,706887,594450,8867561,8867561,2019/5/1,吉林
29021659,9161785,25009593,8397091,31874437,708242,528407,784961,537884,516838,558741,518095,717235,522570,1002279,545953,18176726,18176726,2020/6/1,重庆
4366070,2418324,3727932,2259938,5644034,214236,199190,257308,200243,198235,199663,198250,241630,198463,283307,199577,3448641,3448641,2019/8/1,宁夏
29710936,9328392,25555173,8533586,32493767,703777,510931,774250,520589,498364,543788,499741,703713,504407,1000922,529231,18383255,18383255,2020/7/1,重庆
17335034,10064472,15533077,9406519,24083248,1273130,1233130,1497667,1249512,1229357,1238735,1229561,1439490,1235530,1582406,1246793,15974901,15974901,2019/10/1,辽宁
3177493,2278232,2851171,2131898,4755502,196953,192762,237573,193371,192312,193011,192314,223565,192388,250354,192711,3233514,3233514,2019/7/1,海南
655067,189537,586536,172572,716401,112268,110616,111859,110586,110511,110845,110527,111088,110521,112779,110579,630952,630952,2020/6/1,西藏
65538968,34495930,58164324,31777312,86457234,1382186,1042906,2264510,1132502,1014035,1116924,1019545,2002443,1050446,2985013,1165556,45996302,45996302,2020/7/1,山东
94199751,59393737,83227837,53862085,130104543,4046381,3627133,5571386,3794986,3578973,3694961,3582911,5084592,3655011,6334009,3793159,73225120,73225120,2020/2/1,广东
32658093,22102284,28248391,20092063,44897085,1035223,796793,1602925,848131,777197,840030,778697,1394011,790778,2037028,849836,22129880,22129880,2020/6/1,福建
31214617,21495159,27073164,19625050,43456510,1057095,846387,1615955,894088,829503,883487,830737,1421502,842007,2023000,894792,21733884,21733884,2020/4/1,福建
6641725,1716283,6034909,1676363,7684228,1059051,1056149,1056153,1056006,1055998,1056094,1055998,1056001,1055998,1058977,1055998,7152959,7152959,2019/4/1,内蒙古
9965185,3748487,8947672,3488153,11984421,521954,508907,569271,509543,507638,509615,507664,551424,507920,593942,509164,8887059,8887059,2019/7/1,新疆
26675758,16879961,24167782,15640362,38084956,1584025,1493351,2001436,1518399,1484665,1509169,1485509,1877051,1493011,2189747,1516567,23038207,23038207,2020/2/1,河北
58657653,37673926,53104625,35519955,85472725,4102112,3983687,4939988,4032325,3973161,3992547,3973259,4752297,3994104,5276808,4028450,56012129,56012129,2019/5/1,广东
24402508,15169352,21630379,13597006,33102191,1266682,1117585,1473262,1146393,1098264,1150461,1101312,1360178,1113892,1669966,1144807,17901153,17901153,2020/2/1,北京
23315018,8748152,20446040,8056851,27228883,832840,672874,899621,673660,657561,700355,659002,832131,661446,1119199,684740,15914713,15914713,2020/6/1,江西
59220971,16236970,49497531,14699734,61759549,1822544,1532752,1865620,1530451,1499379,1554280,1502154,1742147,1507167,2122226,1534613,39654514,39654514,2020/6/1,四川
2866440,2353350,2670669,2218457,4736881,472526,468983,517554,471531,468332,468806,468330,504616,469348,521647,470252,3618441,3618441,2019/4/1,天津
24423921,11123014,20785610,10230040,29275931,1398858,1309755,1648682,1321990,1298861,1312321,1299149,1559724,1303307,1781309,1320009,18920151,18920151,2020/1/1,云南
25771912,8374138,22442574,7748293,28947297,705614,581722,806891,590498,574325,601001,574901,751954,578921,982133,595736,17150575,17150575,2020/1/1,重庆
46000269,25007873,41559779,23509293,63171254,1625860,1505832,2233401,1537158,1497297,1525228,1497984,2081649,1507369,2600044,1540156,38089827,38089827,2019/9/1,山东
5079518,4274269,4562462,3943883,8126203,509441,494369,602505,502810,489413,493406,489509,572949,493750,620474,498564,5257860,5257860,2019/10/1,天津
2075624,1045571,1878494,1020824,2791591,218403,216790,223824,216668,216618,216694,216619,222230,216622,228544,216641,2209669,2209669,2019/3/1,宁夏
12423184,3195619,10826521,3054432,13746030,1350014,1320849,1323166,1319376,1319333,1322325,1319436,1320149,1319332,1357778,1319498,10782424,10782424,2020/3/1,内蒙古
56423795,15689091,47286635,14262441,59313927,1836604,1583157,1898485,1582140,1554280,1600972,1556614,1784952,1561462,2130188,1585609,38688102,38688102,2020/4/1,四川
20282792,11333806,18365833,10949088,28237024,2089856,2059631,2169548,2060676,2057820,2060362,2057836,2143772,2058452,2250344,2060073,21554069,21554069,2019/3/1,浙江
7099990,3082225,6457114,2856891,8732168,133167,104028,190124,106769,102469,112386,102545,167793,103293,265294,107323,4793237,4793237,2019/11/1,海南
34842120,13237939,31034758,11890844,39199151,707627,426675,780225,444561,412925,517190,415098,669674,422286,1118303,456265,19854771,19854771,2020/7/1,陕西
52311073,17921872,47211159,16529587,59364606,972555,648899,1176358,679375,631878,753195,635163,1050935,646592,1689546,702608,30778540,30778540,2020/5/1,湖北
28812926,15731716,26739259,15205166,41120959,1737436,1707258,2005110,1712836,1705554,1710278,1705592,1951368,1707186,2165929,1712356,28501607,28501607,2019/4/1,山东
7709980,3469594,6902803,3166509,9383420,144903,103144,209242,106938,100402,114095,100602,178253,101582,290684,107212,5007167,5007167,2020/5/1,海南
11086968,6658351,10058445,6246794,15604176,745735,732895,829210,734621,731800,734824,731859,799534,732304,863191,733989,11223388,11223388,2019/7/1,陕西
26350029,12336490,23685337,11570248,33640439,1206635,1162431,1436964,1171101,1158894,1169564,1159162,1366513,1161162,1557737,1168859,22304412,22304412,2019/9/1,湖北
21469021,6782256,18969954,6345259,24452483,689495,619145,780274,623677,615017,629015,615214,741875,617173,901005,625648,15514025,15514025,2019/9/1,重庆
54609709,14510179,45071352,13282233,55333689,1241846,809299,1159415,799442,774884,847858,777027,1041477,779958,1526629,807958,32703824,32703824,2020/7/1,湖南
10532688,9296988,9407195,8692225,17211602,730241,701678,929705,707135,698418,704375,698548,864930,699498,997944,703510,10336963,10336963,2019/10/1,山西
47228876,13208628,39268326,12210801,49099479,1224708,935791,1234084,929147,911015,952788,912140,1139895,914921,1511717,934056,30368516,30368516,2020/2/1,湖南
50454857,12450733,34971869,11425355,43904692,1665844,861479,1028115,748133,727562,766373,729378,936667,732103,1251083,750963,26890341,26890341,2020/5/1,安徽
4551035,3870163,4116227,3586520,7377277,481441,469949,564209,476714,466155,468877,466212,538402,469470,577263,472979,4911284,4911284,2019/8/1,天津
29462813,20854334,25641327,19132511,41809656,1078820,898813,1631398,942876,885090,928549,885897,1451850,896405,2005704,942515,21253558,21253558,2020/2/1,福建
31345745,14055956,28455811,13382104,40781059,2290889,2244815,2485182,2251320,2240468,2246709,2240474,2421941,2243332,2608204,2249249,29504720,29504720,2019/4/1,江苏
259547,66298,239641,63517,294308,49300,49189,49359,49186,49180,49195,49180,49275,49180,49455,49181,297013,297013,2019/4/1,西藏
33709024,7416677,27196712,6738046,32819704,633827,378555,549282,377801,370804,400636,371086,489368,371731,759310,383557,19237160,19237160,2020/4/1,贵州
4953266,2659225,4176240,2464797,6232200,220168,198160,268341,199790,196856,199213,196880,248889,197217,301036,199012,3674442,3674442,2019/10/1,宁夏
9184518,2373216,8182119,2292170,10411982,1180506,1171276,1171821,1170828,1170807,1171379,1170807,1170929,1170807,1183159,1170811,8887000,8887000,2019/7/1,内蒙古
15013777,5288718,12963400,4808110,16952129,643013,595393,707191,597977,591494,600082,591733,670499,592635,763606,598060,11533406,11533406,2020/2/1,新疆
5402950,2532537,4960519,2367258,6930882,137095,124112,181227,125174,123322,127308,123345,165337,123565,229611,125133,4169259,4169259,2019/8/1,海南
50478392,14345183,42623584,13135169,53943767,1768805,1585312,1862835,1587103,1565215,1594176,1566228,1768492,1571044,2041942,1588198,36383426,36383426,2019/12/1,四川
36542878,16905677,32829009,15930083,47354772,2293340,2220822,2577367,2231864,2211617,2223228,2211668,2482179,2216986,2747990,2228930,32488883,32488883,2019/5/1,江苏
26167772,8508096,22750976,7859482,29330438,714862,584552,815196,593644,576648,605201,577337,758149,581432,995398,599292,17291374,17291374,2020/2/1,重庆
25753118,11530643,21744795,10559704,30430112,1374436,1269832,1628502,1283199,1257270,1273480,1257685,1531533,1262144,1770181,1281156,19389791,19389791,2020/3/1,云南
29292181,12417385,24316429,11263606,33301528,1290648,1139967,1539189,1154906,1122644,1145983,1123280,1423633,1128414,1703754,1152496,20548001,20548001,2020/7/1,云南
16367753,9469298,14701667,8878749,22806967,1280569,1246607,1480674,1259738,1243447,1251074,1243591,1428232,1248231,1554162,1256928,15469909,15469909,2019/9/1,辽宁
17173156,12713536,15340841,12046190,26220562,1246112,1204043,1531254,1213221,1201639,1207183,1201588,1456921,1202973,1690767,1209389,15994791,15994791,2019/5/1,福建
15870740,7520832,14245260,7132641,20418011,1470982,1444677,1618456,1446920,1441339,1444517,1441371,1577866,1442059,1689315,1445842,14909105,14909105,2019/6/1,云南
9213424,5217240,8756032,5088073,13573663,1283865,1279878,1314860,1279969,1279555,1279928,1279556,1306622,1279591,1332944,1279712,11337357,11337357,2019/3/1,河北
74138955,35078305,59606208,31737433,85743261,2068516,1302147,2369609,1340546,1200068,1363013,1206069,2064713,1246011,3185119,1376649,43431990,43431990,2020/7/1,浙江
23993790,5450061,20045462,5044469,24507153,494898,414372,508629,414185,412278,418801,412311,476870,412431,605886,415328,16085596,16085596,2019/8/1,贵州
7002831,2979179,6386207,2769375,8600035,131055,103434,183783,105812,102031,111425,102089,163260,102718,258800,106418,4749303,4749303,2019/10/1,海南
17723087,5556131,15923405,5279699,20604921,687784,650383,767157,652662,648067,654675,648127,742852,649263,853776,653747,13884480,13884480,2019/6/1,重庆
59255663,32287606,52781205,29952734,79850072,1483498,1225662,2327683,1300153,1204380,1277404,1208035,2102043,1234194,2936336,1323736,43842395,43842395,2020/3/1,山东
53502330,18235860,48178933,16771815,60484009,977886,627408,1169848,658903,608509,740099,612197,1037576,623827,1704510,683423,31103179,31103179,2020/7/1,湖北
7697044,2026980,6925794,1969384,8858744,1145623,1140701,1140815,1140467,1140456,1140644,1140456,1140471,1140456,1146578,1140456,7948903,7948903,2019/5/1,内蒙古
15323340,9002709,13829825,8473750,21600352,1089101,1061230,1276206,1072601,1058629,1064654,1058727,1229382,1062781,1340752,1069923,14714522,14714522,2019/8/1,辽宁
50921284,17536538,46111391,16238309,58090626,955425,662129,1170395,691047,647422,757804,650095,1053627,661211,1663037,713298,30390476,30390476,2020/3/1,湖北
15885308,7389246,13236140,6804536,19297645,602559,531570,751008,540445,526987,534559,527212,694087,529676,834559,539264,12045570,12045570,2020/4/1,吉林
2589911,664724,2283749,626073,2840158,109987,107278,114276,107157,107041,107319,107042,111711,107045,118983,107144,2212394,2212394,2019/6/1,青海
11949770,5398739,11253154,5271385,16060779,1215223,1211485,1249745,1211831,1211189,1211600,1211190,1241057,1211294,1270869,1211488,13273791,13273791,2019/3/1,湖北
12424158,4377831,10934943,4014050,14316682,558383,532431,613902,533616,530127,534380,530204,587678,530617,649566,533082,10216422,10216422,2019/10/1,新疆
101968804,62407952,89711886,56165573,137971700,3945652,3431092,5525695,3616576,3369986,3522301,3376329,4973693,3453983,6398286,3617501,75886261,75886261,2020/5/1,广东
23678843,13333502,20741115,12252274,31570367,1162332,1054862,1454961,1084490,1041484,1071260,1043159,1358186,1055283,1623125,1085573,18817192,18817192,2020/8/1,辽宁
12989894,11688263,11589117,10925416,21382574,827525,788244,1085787,797533,783791,792712,784062,1005244,786071,1180193,793243,12540880,12540880,2019/12/1,山西
27811152,13023211,24945031,12176606,35346339,1206051,1153843,1459530,1164634,1149694,1162810,1150058,1381229,1152607,1596772,1162290,22992711,22992711,2019/10/1,湖北
24405893,17934814,21439845,16593633,35833676,1117962,1009854,1594675,1037326,1002031,1023756,1002145,1451531,1007237,1862734,1031288,19442395,19442395,2019/10/1,福建
28933021,20612003,25200085,18947739,41239178,1068215,896480,1613098,938628,883501,923972,884178,1439321,894296,1976825,937796,21074310,21074310,2020/1/1,福建
4320579,1162191,3405620,1003687,4218273,127526,92032,115542,91859,90816,92441,90839,102431,90863,121148,91499,2921375,2921375,2020/2/1,青海
52964188,18097052,47738377,16665792,59977199,978784,640353,1176137,671378,622278,749120,625781,1047003,637367,1701140,695302,30954774,30954774,2020/6/1,湖北
14787471,5188756,12781951,4726949,16712689,630347,585358,693435,587726,581663,589540,581860,658377,582742,747731,587752,11423046,11423046,2020/1/1,新疆
15306318,13014770,13576655,12065868,24226993,785312,726611,1085142,738840,719701,735333,720445,984273,722901,1211988,733916,13609586,13609586,2020/4/1,山西
12499295,7283417,11244893,6769056,17174029,768903,750211,865827,752732,748682,753454,748796,828178,749381,907649,751866,12062334,12062334,2019/9/1,陕西
16270703,13577393,14394580,12529340,25386524,766281,698304,1086575,712274,690219,708640,691129,974586,693857,1225497,706695,14020148,14020148,2020/6/1,山西
15589096,5394294,13413699,4891009,17444911,637863,584902,700579,587544,580616,590506,580912,661819,581838,760484,587772,11785107,11785107,2020/3/1,新疆
37363411,21172498,34683698,20464091,53781894,4295275,4261237,4513327,4266518,4258901,4262048,4258921,4463616,4261156,4634512,4264716,41970292,41970292,2019/3/1,广东
22852021,11854157,16379161,10080197,24574452,1186041,1002240,1173427,923746,884936,919076,886699,1051593,894230,1246323,913420,14300190,14300190,2019/12/1,上海
17059457,7748552,15518882,7379579,22205056,872427,853874,1029964,857489,852671,854871,852682,991055,853466,1108510,856533,15581934,15581934,2019/7/1,广西
31222081,18288179,28240801,16817938,42773629,1522673,1384480,1959439,1415179,1371450,1414544,1373030,1811926,1382150,2206303,1415243,24856925,24856925,2020/6/1,河北
16456951,7637345,13684939,7007728,19887034,585081,505938,738281,515851,500689,509723,500973,676966,503710,828353,514729,12249742,12249742,2020/6/1,吉林
25277839,11529475,22428457,10698539,31772472,958744,891398,1270069,910944,887036,899369,887258,1182757,892886,1438603,911563,19857235,19857235,2020/1/1,广西
22864375,10350545,20416204,9669911,28949956,931261,884001,1200937,897814,881043,889261,881161,1128500,884852,1339496,897389,18709657,18709657,2019/11/1,广西
15807778,9349142,14362403,8650229,21913460,1185516,1142063,1315969,1152839,1136834,1146176,1136939,1269118,1141724,1385540,1149415,14075639,14075639,2019/6/1,北京
19852485,11826621,17608109,10987148,27525254,1258226,1195934,1531350,1220897,1189681,1205401,1190288,1457299,1200227,1648859,1219471,17336141,17336141,2020/1/1,辽宁
20227666,12035035,17917824,11161989,27977043,1267444,1200716,1544979,1226607,1193765,1211117,1194539,1468044,1204776,1667394,1225239,17520084,17520084,2020/2/1,辽宁
87254237,31725768,78494184,29219764,101257797,1918039,1254880,2165529,1315091,1200599,1459961,1204442,1952366,1245575,3218291,1385220,50697027,50697027,2019/11/1,江苏
13707503,5131019,12394166,4896588,16787964,799972,763682,857366,764337,761500,768373,761541,835441,762105,945799,765843,11609260,11609260,2019/6/1,江西
29716003,15337861,27304596,14825546,41080239,1536490,1512062,1769690,1515440,1510500,1513557,1510507,1715833,1511373,1910726,1514290,28832763,28832763,2019/4/1,河南
50618503,31419196,46200488,29913633,73707908,4241838,4163093,4832671,4189232,4157060,4167751,4157121,4705587,4168195,5083070,4186149,51206378,51206378,2019/4/1,广东
14177324,12471496,12606383,11610383,22957476,816677,767814,1099425,778684,762219,774284,762674,1008059,764982,1210722,774098,13140987,13140987,2020/2/1,山西
7465953,5498736,6542128,5001288,10945139,440257,404408,555915,417539,393099,406680,393986,512216,401254,602581,413508,6354637,6354637,2020/8/1,天津
8101915,3598819,7202255,3259596,9738313,144460,95416,208635,99578,91990,108007,92240,173731,93290,294914,99751,5133423,5133423,2020/8/1,海南
13220904,4636890,11561779,4244596,15119416,566094,534837,624734,536441,532139,537405,532242,595798,532855,666617,536155,10616986,10616986,2019/11/1,新疆
14846638,6988602,12455901,6470620,18292738,593656,537678,737286,545156,534250,539418,534349,686908,536420,810339,543817,11643241,11643241,2020/1/1,吉林
84144801,53130082,74805725,48523731,117453668,4073205,3763057,5432379,3892675,3728782,3806881,3730509,5030404,3785748,6041581,3885309,68775305,68775305,2019/11/1,广东
309451,82023,283607,77735,349357,53217,53029,53310,53026,53019,53047,53019,53175,53019,53471,53022,339346,339346,2019/5/1,西藏
14164261,4282913,13125135,4174443,16911518,1137834,1129574,1155158,1129157,1128794,1129357,1128797,1148602,1128845,1178146,1129031,14041843,14041843,2019/3/1,湖南
14018348,6239578,12473911,5632913,16993675,420645,364081,485117,365754,359487,370900,359809,432136,360129,559271,364552,10257936,10257936,2020/8/1,甘肃
17982165,5955330,15258662,5341900,19515572,600422,521220,656101,524108,514879,530503,515376,607505,516460,732317,524825,12746620,12746620,2020/8/1,新疆
25576276,5730390,21204667,5281954,25836105,518635,417636,522648,417463,415001,423517,415048,486906,415233,633003,418959,16647779,16647779,2019/9/1,贵州
10478143,3673160,9388320,3583286,12594588,988521,980451,999451,980503,980140,980356,980139,994735,980191,1010142,980289,10942717,10942717,2019/3/1,安徽
76986032,48565844,68648501,44636895,108226603,4078831,3830090,5258637,3926438,3803144,3859698,3804027,4916748,3844007,5765419,3917185,65544894,65544894,2019/9/1,广东
4851718,4091571,4368449,3782248,7796369,500114,486558,587452,494094,482131,485541,482209,559453,485848,602983,490066,5116475,5116475,2019/9/1,天津
4702164,1245545,3630579,1047704,4459224,139158,89229,117643,87593,85978,88180,86018,98554,86042,120168,86862,3032536,3032536,2020/5/1,青海
15585450,6090112,13984174,5746174,19068608,813829,761639,886975,762993,758188,769251,758293,854611,759246,996420,765544,12660108,12660108,2019/8/1,江西
36411026,20028945,31430808,18868800,47981391,1980284,1850561,2314351,1863935,1838215,1853744,1838320,2211601,1845322,2547104,1864161,30770358,30770358,2019/5/1,浙江
31067914,12181588,27927519,11076268,35730150,639137,441495,751274,457516,432355,504968,433772,662891,440290,1030694,467046,18785933,18785933,2020/3/1,陕西
21823863,16093517,19247297,14991239,32441619,1131386,1049845,1532419,1068911,1044163,1058914,1044179,1413454,1047510,1755189,1063198,18313517,18313517,2019/8/1,福建
57182569,31709823,51050876,29478749,77775169,1507711,1276068,2346764,1347425,1257466,1321128,1260409,2130947,1285502,2919491,1367326,43107617,43107617,2020/2/1,山东
15804783,9581662,14687024,9157998,23170434,1457925,1438869,1627428,1441465,1437342,1440482,1437367,1585400,1437921,1701591,1440246,16457149,16457149,2019/5/1,河北
43973503,12077603,37604223,11122360,47371544,1633358,1512757,1722096,1513263,1499679,1516579,1500062,1649314,1502958,1842965,1512520,33432211,33432211,2019/9/1,四川
14261739,5197721,12630344,4944926,17214389,635419,619489,724829,622608,618755,620392,618746,702047,619313,772908,621449,12261900,12261900,2019/5/1,黑龙江
9314456,8292675,8359200,7800358,15416732,698894,678144,858049,681288,675789,679589,675853,805689,676369,909346,678663,9588298,9588298,2019/8/1,山西
21346957,8248228,18792752,7648888,25339002,855639,727709,933900,729414,716191,749006,717233,875936,719494,1126272,738513,15216286,15216286,2020/3/1,江西
6188722,3266453,5078233,2994243,7535157,219428,176539,276948,180195,174205,179575,174307,248750,175272,328989,179815,4087933,4087933,2020/3/1,宁夏
66046226,29049666,58113318,27046399,81331537,1419355,1122035,2047336,1160415,1100944,1176779,1102534,1831869,1115810,2710461,1180642,45527054,45527054,2020/3/1,河南
17857739,10926330,16089633,9974851,24690650,1155861,1090538,1315087,1106287,1082256,1099332,1082630,1249603,1089565,1407715,1101756,14976579,14976579,2019/8/1,北京
53076517,14256491,43897629,13076902,54065627,1237590,836286,1175813,827303,804152,870153,806121,1062825,808986,1524721,835124,32224103,32224103,2020/6/1,湖南
11158569,5068889,10101797,4596030,13974138,488967,460336,548757,461996,458285,463432,458391,510521,458649,596452,461033,9050746,9050746,2020/1/1,甘肃
20038482,8568163,18398672,7969842,24751836,554279,503522,666823,508743,500690,519242,500993,620795,502798,803571,511714,15137408,15137408,2019/10/1,陕西
5152287,2272786,4811163,2159211,6765829,448150,444959,462718,445045,444789,445108,444790,456045,444808,472757,444915,5305255,5305255,2019/4/1,甘肃
39688316,10955983,34257643,10169707,43332660,1471917,1383958,1562360,1384827,1374579,1385496,1374766,1502540,1377056,1658961,1383959,31309315,31309315,2019/7/1,四川
24277487,12487120,17147432,10598543,25754134,1239905,1035437,1213584,949627,907486,947636,909917,1082015,917480,1296499,939224,14806484,14806484,2020/1/1,上海
20523450,12463413,18301007,11227768,27827855,1172087,1068442,1351247,1091219,1055511,1087209,1056780,1264847,1066876,1487115,1087455,15872042,15872042,2019/11/1,北京
61497957,32889613,54671114,30455870,82011103,1461626,1175582,2309223,1253539,1151789,1234296,1156174,2074245,1183358,2954363,1280398,44624814,44624814,2020/4/1,山东
4860823,1285885,3732844,1069354,4572359,143228,89709,118947,86677,84508,86984,84563,97544,84578,120604,85478,3082175,3082175,2020/6/1,青海
96827175,60368563,85399697,54611040,132761845,4046676,3594837,5588221,3768532,3542267,3671104,3547137,5079987,3621191,6389150,3768239,74171227,74171227,2020/3/1,广东
7768307,4239734,7208408,4079127,10927989,807693,803481,842558,803928,803204,803930,803212,832527,803317,861154,803744,8749048,8749048,2019/4/1,陕西
23099141,16672514,20313848,15457410,33837622,1147634,1051833,1567045,1073592,1045146,1063269,1045210,1436547,1048981,1810435,1067623,18839354,18839354,2019/9/1,福建
22020731,12721756,19388687,11735123,29846687,1233142,1146393,1522632,1175258,1136430,1160009,1137738,1435202,1149501,1666093,1174710,18227697,18227697,2020/5/1,辽宁
5892909,3146746,4863857,2898194,7261496,217076,180729,274469,183960,178740,183049,178812,248983,179651,322576,183577,4000109,4000109,2020/1/1,宁夏
19494204,4379307,18021719,4242801,22001584,1456586,1446564,1470245,1446285,1445697,1446273,1445703,1463088,1445826,1484564,1446091,19293560,19293560,2019/3/1,四川
6606798,5157568,5833128,4709965,10013389,475441,446941,587439,459052,437592,448127,438262,548382,445059,625623,455119,5957924,5957924,2020/5/1,天津
13571451,6333105,11532642,5882315,16871842,592375,553617,727034,559506,551289,554800,551347,683282,552785,786371,557792,11067971,11067971,2019/11/1,吉林
26737632,11943212,23643648,11035440,33213178,978513,897102,1299703,919141,891695,907540,892067,1204323,898361,1485323,920108,20479574,20479574,2020/3/1,广西
26937596,8653719,23351253,7976238,29992624,714382,571125,807855,580247,562288,594272,563153,748145,567300,996700,586419,17540231,17540231,2020/3/1,重庆
38717916,11008224,29161176,10212254,37375898,1304017,902475,1101290,868048,853547,874125,854206,1031434,856887,1257695,868600,24177304,24177304,2019/12/1,安徽
110015248,39471040,96975723,35662665,123081544,2514420,1202114,2423146,1286872,1093297,1654206,1105726,2106750,1170492,3995544,1395587,56144672,56144672,2020/4/1,江苏
7233894,3225965,6547523,2980366,8908002,137466,105163,198806,108339,103316,113878,103415,174106,104298,274674,108772,4846977,4846977,2019/12/1,海南
4242525,1127693,3364075,983634,4162550,121533,91152,112186,91100,90209,91732,90227,101413,90253,119471,90828,2896650,2896650,2020/1/1,青海
12960251,6049826,11059918,5631794,16189602,591502,558106,718370,562940,556070,558875,556110,677771,557158,770628,561148,10783073,10783073,2019/10/1,吉林
24973464,10016251,22837904,9277384,29768034,519876,423032,646225,433191,418721,456232,419270,588051,423448,849207,439770,16809154,16809154,2019/11/1,陕西
7434578,3508358,6838809,3222972,9642636,440375,430553,477888,431231,429965,431408,429979,457913,430063,498796,430686,6783167,6783167,2019/7/1,甘肃
53512729,13006672,36681799,11888383,45904311,1746974,841621,998203,699252,676002,721925,678165,897507,681009,1244437,702520,27643125,27643125,2020/7/1,安徽
25490738,9028139,21445983,8284670,28740858,660941,520688,773095,532305,513393,534762,514192,704137,517026,936978,533892,17115574,17115574,2020/4/1,黑龙江
12337015,7151045,11368383,6738563,17387211,1169536,1150016,1254772,1155446,1148460,1151539,1148476,1228834,1150637,1293550,1153643,12331750,12331750,2019/4/1,北京
69397024,45024101,62256663,41770159,99679336,3850847,3661731,4917953,3738659,3641741,3680390,3642155,4634964,3674616,5346895,3730698,61805178,61805178,2019/7/1,广东
13580257,6137992,12113031,5545463,16591550,431044,379545,497307,381282,375389,385734,375692,445864,375994,566981,380136,10100724,10100724,2020/7/1,甘肃
7501191,3575244,5889696,3234934,8451821,224023,146041,262428,149843,141639,151170,141823,226942,143040,329268,149698,4386931,4386931,2020/8/1,宁夏
393564,113190,358686,105636,444465,60207,59847,60366,59838,59820,59884,59822,60082,59821,60600,59832,411109,411109,2019/8/1,西藏
6418029,3334609,5255272,3050314,7722187,217906,170005,273788,173787,167374,173701,167500,244251,168511,328912,173432,4146677,4146677,2020/4/1,宁夏
27774042,11122351,25240768,10241784,32685383,549151,416007,683272,429613,410238,460200,411013,612599,416607,918824,437094,17773671,17773671,2019/12/1,陕西
44254203,15965411,40309435,14870614,51686339,914137,727184,1162974,749415,717758,784340,719099,1063867,727274,1554761,764103,28546678,28546678,2019/12/1,湖北
48972635,21910969,44437463,20796541,62800592,1260410,1151017,1706047,1165572,1144398,1171794,1144591,1585761,1149278,2124187,1171800,38435973,38435973,2019/7/1,河南
24603629,8088111,21517680,7496447,27849283,697517,588883,804469,597422,582461,605745,582919,752798,586713,967665,601848,16717409,16717409,2019/12/1,重庆
532825,159073,480927,146330,595486,89565,88652,89590,88644,88594,88771,88606,89043,88601,90173,88633,534667,534667,2019/12/1,西藏
11648059,5507275,10026123,5161492,14775486,579436,556092,690409,559209,554658,556294,554676,656581,555262,730313,557545,10147444,10147444,2019/8/1,吉林
20841731,12254151,18417876,11342318,28609775,1264315,1190482,1544840,1217213,1182394,1202017,1183377,1464113,1194153,1674617,1216292,17772571,17772571,2020/3/1,辽宁
31321025,13074765,27431950,11949186,37520328,1000743,870409,1334794,898459,861373,889918,862093,1216451,870376,1573214,901809,22267527,22267527,2020/8/1,广西
10177656,5746757,9285823,5444736,14146049,795137,785436,862786,786589,784613,786710,784639,841088,784968,894520,786172,10503330,10503330,2019/6/1,陕西
50744905,26591257,42333351,24554832,63255758,1940748,1635446,2333073,1657035,1599048,1648206,1599928,2152234,1615572,2736596,1662507,36583039,36583039,2019/9/1,浙江
6991997,3460670,5574820,3148913,8092588,222904,159048,269370,162831,155527,163283,155678,236854,156791,330142,162580,4269364,4269364,2020/6/1,宁夏
77202668,31485455,67525727,29086186,92022220,1426438,969900,2027718,1012870,936124,1064279,938856,1768214,954609,2900135,1048137,49240086,49240086,2020/8/1,河南
18289454,7060891,16284249,6596235,22019648,850527,769496,935143,772139,763490,783011,763842,890775,765614,1081775,777249,13928176,13928176,2019/11/1,江西
32130909,12488442,28803523,11314560,36719201,658368,437966,761009,454687,427678,508519,429341,666265,436023,1056226,464928,19097524,19097524,2020/4/1,陕西
17234294,14066431,15205368,12933158,26490202,739947,661182,1074270,676759,651913,673484,652979,952715,655946,1228146,670785,14398652,14398652,2020/8/1,山西
28371266,16729934,24974264,14821238,37159906,1186048,970780,1382469,1002871,941453,1025444,947728,1241705,960296,1651576,1004948,19004684,19004684,2020/7/1,北京
107233362,64261045,94054688,57575696,143223173,3832458,3244832,5437653,3442375,3174085,3352002,3181539,4843790,3263555,6387973,3444563,77570203,77570203,2020/7/1,广东
46161172,12903701,39316407,11855954,49648925,1655823,1516780,1752498,1518215,1501722,1522109,1502227,1671912,1505833,1891755,1517661,34447307,34447307,2019/10/1,四川
9157408,5107257,8404622,4873253,12806449,807951,800994,863969,801864,800432,801756,800446,847150,800698,890367,801540,9775906,9775906,2019/5/1,陕西
15077188,7110713,12624606,6572267,18544350,599911,540406,745991,548341,536698,542501,536831,693635,538998,821460,547028,11742074,11742074,2020/2/1,吉林
28557025,13425231,19029281,11261283,28003960,1324211,1011688,1195998,900617,849316,908875,854231,1041723,861158,1307858,890749,15514343,15514343,2020/5/1,上海
12410423,4584816,11294304,4400201,15280421,786548,759689,836312,760308,758337,762955,758348,819218,758743,910223,761268,10869800,10869800,2019/5/1,江西
4688049,2544393,3970731,2367425,5961301,217717,198798,263081,200062,197651,199538,197673,245413,197926,292673,199339,3573087,3573087,2019/9/1,宁夏
1600176,1015465,1503436,991882,2433709,264010,263559,268879,263587,263537,263564,263536,267459,263540,271709,263549,2100220,2100220,2019/3/1,海南
16144585,7516907,13442437,6908619,19576434,592897,518314,744383,527801,513434,521670,513692,685172,516341,830890,526554,12137996,12137996,2020/5/1,吉林
14173998,8385415,12947738,7806843,19841932,1153409,1122599,1271223,1131535,1119123,1124870,1119150,1233162,1122925,1325436,1128576,13221126,13221126,2019/5/1,北京
5633559,4691691,5026302,4314400,8905675,502481,483125,606787,493704,476675,482556,476910,573456,482644,632455,489545,5550093,5550093,2019/12/1,天津
30124566,12601925,24925625,11410246,33981217,1267925,1105383,1512445,1120550,1086901,1112446,1087586,1393085,1092883,1683909,1118211,20821113,20821113,2020/8/1,云南
17538301,6733731,15639479,6306016,21144265,854575,782495,934433,784517,777306,793865,777534,893708,778937,1068798,788469,13590597,13590597,2019/10/1,江西
22407886,8222809,19019396,7587414,25802487,652874,562377,785040,572905,558038,570165,558342,726961,560890,909053,572275,15990544,15990544,2019/12/1,黑龙江
29841174,11879560,26922921,10837065,34625280,614539,442507,739635,458297,434753,498422,435909,656294,442190,1001005,466555,18418993,18418993,2020/2/1,陕西
10616002,4231399,9936253,4116691,13729229,906616,902423,938909,902613,902195,902459,902195,930581,902243,960313,902408,11238346,11238346,2019/3/1,广西
51955101,12715679,35800781,11642334,44868221,1710297,854787,1016717,727090,705156,747437,707156,920509,709935,1251048,730180,27241947,27241947,2020/6/1,安徽
7817667,3515863,6983068,3200081,9485740,145426,101630,210318,105603,98684,113061,98907,178013,99904,293141,105827,5040134,5040134,2020/6/1,海南
32746048,18954245,29539243,17380772,44477166,1508309,1351783,1958113,1385599,1336865,1386335,1338692,1799588,1348774,2224894,1385943,25503326,25503326,2020/8/1,河北
3571616,932065,2949341,836345,3644097,107094,96781,110693,96718,96287,97129,96290,104648,96306,117389,96591,2649364,2649364,2019/10/1,青海
13603592,3424106,11781646,3258551,14880106,1271318,1231608,1234579,1229440,1229387,1233705,1229555,1230506,1229386,1280545,1229673,11241541,11241541,2020/7/1,内蒙古
47245451,11925924,33062964,10993955,41797467,1599667,899661,1073760,811221,792997,824109,794351,990859,797091,1271357,813197,26140052,26140052,2020/3/1,安徽
25753948,11730117,22828703,10861684,32290402,969115,897464,1287370,918141,892714,906263,892993,1196191,898914,1460786,918803,20076997,20076997,2020/2/1,广西
76642509,35188458,61585543,31839621,87616019,2101544,1264120,2335662,1298124,1154119,1340345,1160714,2027889,1200956,3210975,1339635,43953431,43953431,2020/8/1,浙江
20188893,6474185,17940070,6080091,23238363,670441,613522,762787,617528,610078,621198,610219,728077,611963,870602,619024,14998427,14998427,2019/8/1,重庆
40562323,11224506,34233902,10462721,42831263,1134702,957326,1188288,952203,941026,963499,941363,1117819,943316,1389183,954106,27849007,27849007,2019/10/1,湖南
64367280,32564145,52318577,29736065,77236512,2050635,1511424,2474615,1554093,1442444,1543648,1445584,2221974,1480231,3105745,1577630,40982635,40982635,2020/2/1,浙江
63023836,32120570,51348593,29376225,76014090,2017775,1508054,2452494,1550151,1442997,1536570,1445635,2207996,1479410,3061180,1572024,40601542,40601542,2020/1/1,浙江
53606465,30005928,48049237,27991158,73552907,1519130,1330163,2327556,1393609,1315813,1364355,1317636,2130957,1339945,2835915,1408021,41590687,41590687,2019/12/1,山东
28436496,12211500,23705717,11105476,32616118,1316532,1177677,1567249,1192208,1161609,1183084,1162206,1456508,1167174,1726656,1189976,20277295,20277295,2020/6/1,云南
118104608,41883295,103503081,37599913,130572100,2731456,1156791,2469106,1242660,1021321,1719593,1037510,2108186,1106853,4256524,1365928,57967844,57967844,2020/7/1,江苏
40846648,22103682,34876990,20718456,52902973,1944039,1769023,2300951,1784131,1750341,1773607,1750572,2177592,1759751,2583144,1785463,32756290,32756290,2019/6/1,浙江
30963711,6985615,25100097,6383829,30567182,593927,399889,553779,400021,394411,414223,394578,502054,395122,730521,404269,18412886,18412886,2020/1/1,贵州
13300280,3368080,11533004,3209623,14589199,1296794,1259871,1262648,1257880,1257832,1261790,1257982,1258866,1257831,1305536,1258090,11129586,11129586,2020/6/1,内蒙古
19192280,6212436,17125922,5855432,22261120,659380,611097,749640,614557,608119,617263,608225,718332,609768,848434,615807,14566820,14566820,2019/7/1,重庆
29188800,17019685,25656848,15060437,37981246,1143417,912136,1332327,944442,880930,971992,887654,1187268,900281,1618965,947420,19190366,19190366,2020/8/1,北京
8839576,7914007,7956734,7472890,14748163,690672,672742,835244,675203,670695,673723,670740,788737,671145,882025,672974,9309722,9309722,2019/7/1,山西
18369926,8657398,16215061,8065636,23073739,1377746,1338337,1560842,1342941,1333276,1338519,1333332,1501721,1334593,1638812,1340608,16186808,16186808,2019/8/1,云南
7416847,3344701,6682820,3075468,9106716,143265,107456,206782,110926,105276,116976,105411,179492,106353,284481,111294,4915462,4915462,2020/2/1,海南
33953260,9799982,26219990,9156140,33643054,1223083,931188,1101729,909688,899843,913893,900149,1045666,901941,1223528,909318,22563191,22563191,2019/10/1,安徽
26247565,16516072,23798942,15328637,37455088,1572994,1487046,1979676,1510514,1478952,1501327,1479674,1860408,1486785,2161840,1508723,22799880,22799880,2020/1/1,河北
12323877,5500772,11082555,4960886,15156344,473954,434767,537898,436633,431885,439659,432100,492653,432347,595208,435570,9540213,9540213,2020/4/1,甘肃
15526475,7252428,12946141,6689591,18951343,597072,531077,743717,539495,526920,533570,527099,688922,529426,822817,538295,11911373,11911373,2020/3/1,吉林
26875113,6059124,22202065,5570428,27043738,530340,411451,530635,411604,408302,419270,408366,491013,408643,656176,413652,17113137,17113137,2019/10/1,贵州
16374352,3395272,14417162,3268517,17424289,490257,469475,500268,469194,468959,470257,468960,491869,468981,544248,469384,12832131,12832131,2019/4/1,贵州
15261555,8401782,12162559,7363220,18358659,1034579,948761,1063090,911340,894810,903118,894889,997202,898480,1090872,904956,12038928,12038928,2019/6/1,上海
36030586,10100663,30809349,9497331,38754775,1084221,958296,1146992,953726,946073,960788,946248,1091441,947637,1308659,954804,26005255,26005255,2019/8/1,湖南
346165,95167,316613,89571,391058,55521,55265,55644,55261,55250,55292,55251,55441,55250,55827,55256,370229,370229,2019/6/1,西藏
48699332,26779910,43898288,25109152,66897400,1600519,1460508,2292966,1502407,1450437,1484305,1451341,2125350,1464396,2707948,1507867,39384108,39384108,2019/10/1,山东
26101642,7737026,23175844,7394865,29579351,1103956,1056217,1176570,1054389,1051048,1056312,1051066,1145851,1051754,1277548,1054753,21269235,21269235,2019/5/1,湖南
2820115,768152,2465617,713488,3091816,103081,99533,108963,99419,99232,99621,99235,105237,99241,114208,99383,2343220,2343220,2019/7/1,青海
11723897,6961781,10598864,6501512,16334175,758627,743345,848948,745465,742071,745873,742152,815431,742679,885855,744707,11621488,11621488,2019/8/1,陕西
70284931,34144108,56786075,30997846,82507215,2057754,1384668,2410178,1424571,1296542,1434964,1301645,2126905,1339194,3155939,1456494,42516367,42516367,2020/5/1,浙江
53425221,15149641,44877870,13825803,56705152,1828953,1612239,1910578,1612994,1587929,1624869,1589538,1806353,1594499,2113736,1614977,37609542,37609542,2020/2/1,四川
3026850,818686,2609682,755978,3261834,103276,98728,109592,98614,98374,98881,98377,105193,98388,115154,98556,2439862,2439862,2019/8/1,青海
17158732,6469232,14931745,6070135,20483569,623143,590656,739274,596171,589045,592896,589074,703557,590207,806465,594501,13786026,13786026,2019/7/1,黑龙江
63426751,33478414,56273671,30937657,83949236,1434432,1125654,2289344,1207080,1099833,1189272,1104597,2044638,1132970,2963335,1236379,45326749,45326749,2020/5/1,山东
25213069,12722857,17510593,10765783,26237113,1280261,1047869,1227935,956542,912318,956775,915240,1090935,922758,1316707,946191,14973525,14973525,2020/2/1,上海
60752411,16510947,50684784,14912430,63062688,1799792,1488106,1830184,1485291,1452431,1512081,1455440,1701075,1460462,2098847,1489604,40165559,40165559,2020/7/1,四川
22581845,12942650,19844456,11922472,30440192,1208670,1115207,1500647,1144653,1104200,1129711,1105656,1409911,1117663,1651584,1144537,18433127,18433127,2020/6/1,辽宁
27649927,12195185,24407321,11241216,34071377,971613,881334,1297880,904714,875289,893440,875766,1197626,882542,1493503,906051,20831306,20831306,2020/4/1,广西
26265874,12944028,18050958,10923153,26862162,1288451,1037674,1219439,940362,893892,944106,897551,1076975,904793,1317042,930436,15174441,15174441,2020/3/1,上海
27598748,9979740,23092075,9133779,31026047,600690,419572,704564,432523,409248,439516,410400,624965,413793,902154,435455,17844970,17844970,2020/8/1,黑龙江
22758056,13792136,20778696,12854578,32317091,1583131,1527045,1896714,1538900,1522006,1535074,1522246,1802745,1525076,2026005,1535566,20848188,20848188,2019/10/1,河北
27523977,11986796,23055261,10927499,31881232,1327509,1201086,1580259,1215311,1186315,1205925,1186861,1474173,1191659,1733903,1213148,19971742,19971742,2020/5/1,云南
39927272,17924223,36808747,17241485,52335431,1336205,1276268,1652903,1283338,1273031,1287530,1273100,1578617,1275361,1970759,1286847,33820917,33820917,2019/5/1,河南
38396253,14399736,35016295,13453305,45706970,948180,826257,1191794,841885,819436,861089,820304,1105242,825336,1500087,850689,26708507,26708507,2019/11/1,湖北
17076224,7861215,14178173,7192127,20505037,566451,477997,721390,488472,471989,482929,472322,655595,475033,820166,487750,12462171,12462171,2020/8/1,吉林
8308468,3482503,7365213,3349882,10517832,600845,593203,647604,593554,592803,593104,592803,635534,592888,667782,593139,8098710,8098710,2019/4/1,吉林
496097,143067,449416,131926,552642,73197,72492,73297,72476,72440,72584,72448,72832,72446,73745,72469,492856,492856,2019/11/1,西藏
23473142,7587458,20614615,7049385,26618737,695899,603164,799590,610275,597718,617297,598057,752551,601143,946723,613735,16298387,16298387,2019/11/1,重庆
20766119,15513342,18348787,14515156,31197739,1118182,1046036,1495751,1062493,1041097,1053270,1041075,1387554,1043982,1705200,1057225,17822005,17822005,2019/7/1,福建
4656561,1234854,3595065,1039416,4419960,140913,91500,119565,89856,88305,90399,88345,100709,88365,121824,89153,3016709,3016709,2020/4/1,青海
27562944,16429403,24296393,14595193,36356972,1219116,1018756,1419322,1050110,991516,1068496,997237,1284999,1009938,1673178,1051780,18811789,18811789,2020/6/1,北京
30498437,16972698,26753467,16149191,41056248,1999380,1916873,2241703,1923633,1910257,1919221,1910304,2172138,1913837,2416693,1923353,27788218,27788218,2019/4/1,浙江
19283933,7603213,17125645,7086875,23261420,845527,751382,937182,754717,744082,767525,744597,887463,746773,1100936,761412,14385363,14385363,2019/12/1,江西
33020257,12771841,29532606,11534260,37557744,672165,432701,766770,450079,421409,509185,423230,666538,430095,1075681,460828,19351928,19351928,2020/5/1,陕西
14473145,6385986,13302605,6141986,18918255,877854,866933,979400,868420,866309,867369,866315,955218,866636,1033366,867892,13986907,13986907,2019/4/1,广西
578818,173650,520797,159222,644261,101668,100475,101548,100463,100403,100645,100417,100909,100410,102247,100455,576249,576249,2020/2/1,西藏
62406788,16716645,52028744,15077988,64472064,1787523,1450213,1798158,1446274,1412085,1478460,1415313,1665170,1420366,2085025,1451261,40690606,40690606,2020/8/1,四川
18132767,10591728,16206983,9874812,25159136,1278500,1232758,1520919,1252230,1228371,1239697,1228696,1457870,1236160,1616019,1250046,16412790,16412790,2019/11/1,辽宁
4523132,1152713,4222020,1135158,5342551,887479,886528,886503,886464,886461,886490,886461,886461,886461,887113,886461,5365775,5365775,2019/3/1,内蒙古
32018377,18623278,28920409,17092818,43652970,1516231,1368279,1960603,1400837,1354294,1400779,1355995,1806778,1365650,2217075,1400790,25190948,25190948,2020/7/1,河北
68020614,33575121,54990788,30537233,80422012,2057280,1432982,2436777,1473805,1351556,1475498,1356098,2164757,1392713,3136670,1502505,41909554,41909554,2020/4/1,浙江
16256080,5525746,13937989,4997468,18001250,632530,572598,692794,575240,567833,579280,568190,651719,569136,757046,575622,12057012,12057012,2020/4/1,新疆
56672242,29249593,46772362,26857490,69468169,1972447,1577542,2405165,1611437,1528743,1598048,1530318,2192370,1555105,2904046,1624224,38581110,38581110,2019/11/1,浙江
27751252,8406210,22245818,7937982,28830134,1054071,894289,1030986,887385,881666,888875,881746,991277,882843,1115330,886595,20242552,20242552,2019/7/1,安徽
27689363,8830016,23952637,8124414,30657409,712651,556460,799715,565559,546654,582269,547687,737479,551912,998967,572507,17769088,17769088,2020/4/1,重庆
9607517,4271207,8755893,3876754,12040436,495051,475292,544185,476533,473957,477426,474021,514229,474181,578877,475720,8110703,8110703,2019/11/1,甘肃
29299503,11656642,26491011,10669826,34133541,589662,429794,717435,444889,422722,481837,423725,638406,429830,971517,452913,18264459,18264459,2020/1/1,陕西
66021796,32996942,53517370,30076540,78656456,2048799,1470767,2451448,1512470,1396149,1507854,1399893,2190359,1435524,3113562,1538497,41394509,41394509,2020/3/1,浙江
44830612,24340648,37935263,22651801,57484239,1839632,1614677,2228167,1633585,1589237,1622112,1589650,2078320,1601867,2556482,1636031,34380004,34380004,2019/7/1,浙江
21795120,6441122,19737374,6207463,25187175,1078831,1050672,1129246,1049657,1047948,1050989,1047959,1109977,1048301,1202455,1049827,18844064,18844064,2019/4/1,湖南
73920362,27854707,66662094,25767749,87718061,1828953,1423620,2166999,1461457,1383353,1525411,1385483,1980332,1410027,2941244,1502576,47231878,47231878,2019/10/1,江苏
48969783,12169258,34077455,11195544,42872351,1639500,882331,1051722,780643,761262,796882,762946,964808,765598,1263527,783245,26525950,26525950,2020/4/1,安徽
5982243,3203948,4929399,2945159,7360918,220963,182737,279704,186228,180635,185299,180719,253048,181622,329075,185797,4031392,4031392,2020/2/1,宁夏
25935069,15820907,22934678,14122746,34728624,1251668,1078114,1456255,1107983,1054804,1120045,1059467,1333054,1071879,1681730,1108582,18374245,18374245,2020/4/1,北京
16749155,7621698,15249100,7268008,21843536,868975,851236,1021074,854534,850106,852100,850115,983934,850834,1097642,853694,15390151,15390151,2019/5/1,广西
6898661,5306124,6073945,4843315,10362421,461849,430945,575258,443387,420932,432435,421668,534759,428660,616366,439505,6110813,6110813,2020/6/1,天津
8390392,3821072,7876203,3727786,11253528,1610956,1606267,1634955,1606059,1605773,1606166,1605778,1627779,1605799,1653816,1605941,10052991,10052991,2019/3/1,云南
13160976,5811956,11770988,5227485,16005880,450533,403440,515896,405264,399785,409175,400058,466070,400318,579681,404055,9887752,9887752,2020/6/1,甘肃
72827374,30991899,63573734,28668991,87985511,1423879,1030347,2064202,1073711,1000582,1103527,1002881,1813362,1018247,2845687,1101138,47906075,47906075,2020/7/1,河南
19083933,11328102,16984902,10536818,26515762,1265372,1210724,1530423,1234058,1205456,1218947,1205904,1460815,1215135,1638296,1232386,16922091,16922091,2019/12/1,辽宁
69386273,30112196,60796759,27955049,84702414,1422434,1077998,2062725,1118601,1052835,1141771,1054767,1830076,1068971,2788521,1142785,46710399,46710399,2020/5/1,河南
2840174,1558621,2518047,1502977,3842362,219070,215121,237437,215078,214795,215053,214797,232450,214822,249153,214990,2708029,2708029,2019/4/1,宁夏
18741127,11464265,16821086,10406140,25741279,1168418,1091064,1333057,1108815,1081354,1102887,1081906,1260115,1089551,1438422,1103982,15305205,15305205,2019/9/1,北京
21428198,13182027,19042727,11844153,29053792,1168301,1048779,1355069,1074697,1033798,1071902,1035631,1260684,1047253,1510100,1071861,16175612,16175612,2019/12/1,北京
71018714,30547579,62113972,28310809,86273364,1425297,1057633,2067219,1099941,1030396,1125858,1032474,1825896,1047338,2820203,1125547,47268455,47268455,2020/6/1,河南
3888547,3308186,3555805,3085218,6387501,487598,479842,557787,484849,477502,478951,477508,536779,479798,566228,482041,4460044,4460044,2019/6/1,天津
22111448,9201833,20479985,8893255,28785718,2296984,2280041,2358830,2281800,2278939,2280587,2278933,2335807,2279611,2408284,2280667,23310999,23310999,2019/3/1,江苏
16631335,6373606,14850471,5990280,20116440,853210,789857,926023,791234,785496,799190,785656,889590,786734,1047328,794394,13170346,13170346,2019/9/1,江西
10647391,2743421,9395867,2630400,11930165,1238174,1222993,1224396,1222261,1222235,1223507,1222248,1222574,1222235,1244438,1222271,9768660,9768660,2019/10/1,内蒙古
46988798,22363572,41497095,20766019,59942472,2248336,2101928,2631153,2120298,2078890,2110781,2079469,2481027,2089903,2904483,2117194,37954974,37954974,2019/8/1,江苏
19595513,9031649,17151099,8370325,24213896,1441267,1393873,1633287,1399291,1387843,1394219,1387923,1567626,1389403,1717635,1396532,16827135,16827135,2019/9/1,云南
17836847,9756982,13667910,8447738,20682579,1069753,954434,1088241,901752,878274,893561,878594,1002074,883508,1126072,893226,12941839,12941839,2019/8/1,上海
26700739,11775371,22453166,10758438,31195842,1349839,1233599,1603491,1247430,1219822,1237964,1220325,1501717,1224984,1751423,1245283,19694957,19694957,2020/4/1,云南
7257291,3518322,5727075,3191627,8267056,224083,152784,266173,156501,148767,157297,148933,232151,150095,329635,156303,4327353,4327353,2020/7/1,宁夏
44596043,12480957,37260768,11573570,46647663,1180022,937396,1213889,931652,916104,948770,916777,1128799,919509,1460985,935352,29384714,29384714,2019/12/1,湖南
64598099,34023990,57304016,31389945,85309589,1409482,1084203,2279273,1170023,1056739,1153087,1061910,2025479,1091678,2977457,1201215,45705371,45705371,2020/6/1,山东
22050417,8406387,19378125,7780062,25983529,850319,710285,922566,711333,697308,733839,698536,861894,700796,1124938,721289,15457901,15457901,2020/4/1,江西
30532259,12881800,26790658,11790066,36782072,1003682,882368,1336990,909544,874085,900070,874742,1222448,882730,1565985,912490,21965366,21965366,2020/7/1,广西
63453531,28252426,56070983,26395113,78822437,1397550,1136968,2018135,1172934,1119430,1184350,1120558,1818834,1132987,2643369,1190533,44596571,44596571,2020/1/1,河南
31918976,21807215,27648945,19862894,44169754,1044852,821580,1609114,871130,803461,861526,804815,1407231,816482,2028853,872266,21934233,21934233,2020/5/1,福建
17085123,10455562,15447126,9595578,23764637,1148025,1092037,1300525,1106096,1084945,1098464,1085184,1241434,1091425,1383271,1101785,14670577,14670577,2019/7/1,北京
54235669,18418208,48781861,16915936,61170067,988260,621251,1171752,653352,601372,739664,605277,1035613,617010,1720353,678703,31309378,31309378,2020/8/1,湖北
72136706,34692105,58115561,31424699,84120702,2069870,1352207,2399936,1391100,1256990,1407014,1262538,2105214,1301434,3179178,1425344,42979431,42979431,2020/6/1,浙江
14285844,6727521,12067304,6237234,17704829,586793,539625,729902,546645,536794,541168,536864,682249,538725,797798,545206,11391539,11391539,2019/12/1,吉林
7203390,5406601,6325454,4923758,10671778,450086,416563,564794,429293,405887,418458,406712,522407,413721,608700,425405,6244936,6244936,2020/7/1,天津
1362941,300514,1264535,292437,1538168,118703,118262,118906,118215,118210,118225,118210,118647,118210,119660,118214,1407366,1407366,2019/3/1,青海
14755811,12725497,13105006,11821264,23603828,801893,748256,1092879,759772,742027,755865,742615,996935,745018,1212055,755040,13388960,13388960,2020/3/1,山西
51622630,17717451,46659017,16374689,58718674,965039,656374,1174321,686015,640403,756396,643483,1053388,654707,1676591,708738,30586889,30586889,2020/4/1,湖北
9153460,4062018,8361504,3692303,11501586,504115,487166,549487,488153,486035,488890,486081,522066,486201,579284,487381,7884338,7884338,2019/10/1,甘肃
21484245,12479028,18949777,11531220,29252891,1248152,1167150,1532103,1194767,1158037,1179987,1159216,1448151,1170397,1669673,1194275,18009023,18009023,2020/4/1,辽宁
176767,41843,165849,40710,201806,39477,39430,39472,39426,39426,39429,39426,39460,39426,39510,39426,217440,217440,2019/3/1,西藏
6789969,3068186,6270574,2861595,8788760,458015,450634,487471,451076,450220,451190,450223,473087,450281,506373,450702,6378547,6378547,2019/6/1,甘肃
6087106,2747070,5642349,2578809,7941830,456812,451578,481126,451834,451282,451876,451284,469888,451324,496358,451592,5932594,5932594,2019/5/1,甘肃
26858351,19948774,23354358,18364213,39110534,1080398,936312,1623059,976001,925563,956282,925993,1457624,935231,1940089,972122,20383869,20383869,2019/12/1,福建
23917178,8546235,20198740,7874451,27223312,658455,547533,780416,558422,542205,557071,542632,718658,545309,921322,558642,16603289,16603289,2020/1/1,黑龙江
13717751,12215016,12200800,11392515,22383994,819207,774018,1093071,784244,768884,779532,769267,1006055,771492,1197228,779823,12935523,12935523,2020/1/1,山西
100609446,36722108,89473612,33491302,114574924,2204257,1202207,2317854,1285888,1122208,1528706,1129466,2049807,1189214,3646858,1373855,54109344,54109344,2020/1/1,江苏
30745984,8657062,26806525,8226812,33827958,1091271,1010949,1156725,1008186,1003424,1012306,1003474,1117487,1004417,1285535,1008888,23536589,23536589,2019/6/1,湖南
95275625,34928059,85146301,31986737,109442906,2074533,1211154,2260278,1289321,1142540,1486033,1148034,2014729,1202618,3476014,1369668,52749769,52749769,2019/12/1,江苏
30303375,21195122,26336682,19394206,42663840,1067248,872998,1625112,918946,857699,906255,858755,1437664,869655,2016281,919242,21506387,21506387,2020/3/1,福建
30386924,9468315,26097930,8653722,33099953,702965,496924,764910,506434,483364,532616,484861,692447,489606,1002363,515826,18586360,18586360,2020/8/1,重庆
14123462,5004372,12261364,4574144,16081190,622906,584272,685979,586445,581050,587618,581196,653573,582011,735645,586382,11115731,11115731,2019/12/1,新疆
11823191,2179800,10812481,2125792,12798970,523469,517375,524350,517250,517219,517524,517219,522218,517222,539042,517257,10428752,10428752,2019/3/1,贵州
16764041,13838717,14806657,12741933,25953975,754068,680650,1082843,695654,671970,691918,672960,965369,675814,1228381,689627,14218175,14218175,2020/7/1,山西
29635692,8811335,23482091,8290343,30304840,1111119,916732,1063429,906738,900039,908993,900185,1018759,901432,1156866,905976,21017191,21017191,2019/8/1,安徽
5881204,4840538,5227114,4445604,9217520,503479,481818,610056,492768,474624,481612,474957,575402,481001,638958,488668,5677401,5677401,2020/1/1,天津
26734740,16112280,23605700,14349183,35531008,1235240,1049120,1438151,1079691,1023952,1094772,1029165,1309659,1041732,1677400,1080972,18593261,18593261,2020/5/1,北京
27520722,13196238,18583562,11107241,27474739,1310663,1023621,1206223,919088,870205,925599,874634,1058191,881608,1312317,909476,15358090,15358090,2020/4/1,上海
33924466,13010127,30273826,11718131,38376652,690912,430886,774916,448544,418399,514069,420412,669617,427402,1098059,459725,19602932,19602932,2020/6/1,陕西
20890438,9606351,18147145,8882288,25598950,1409271,1353591,1624485,1361079,1346618,1354463,1346715,1552381,1348724,1720227,1357987,17400009,17400009,2019/10/1,云南
47491847,25426184,39937854,23580694,60155074,1877025,1618446,2272513,1639103,1588445,1628249,1589030,2108730,1602943,2633505,1642629,35408951,35408951,2019/8/1,浙江
377989,109874,344846,102741,428958,59254,58930,59418,58921,58905,58963,58907,59153,58906,59636,58916,399160,399160,2019/7/1,西藏
6414506,5071625,5673305,4638068,9800271,489198,462361,599664,474116,453539,463343,454148,561787,460736,635651,470258,5886338,5886338,2020/4/1,天津
20267712,7407455,17375614,6872420,23574122,650320,589796,778727,598086,586969,595066,587123,730327,588854,874948,596654,15154905,15154905,2019/10/1,黑龙江
21769807,6752792,18216935,6464560,23692056,1031264,959791,1057357,958852,955968,959051,955974,1033372,956561,1115079,958358,17608078,17608078,2019/5/1,安徽
30493932,13918985,19950648,11570982,29083793,1318535,972665,1163597,849186,792821,861222,798534,993221,805419,1285123,838460,15818686,15818686,2020/7/1,上海
26537793,9638717,22257401,8842513,29988761,647408,488005,758375,500486,479364,504677,480347,684161,483452,938570,502677,17547149,17547149,2020/6/1,黑龙江
12109111,3152671,10576038,3016132,13464419,1342468,1316287,1318495,1314981,1314941,1317512,1315024,1315688,1314941,1350384,1315076,10637592,10637592,2020/2/1,内蒙古
41561871,11516512,35733405,10646755,45164579,1522181,1421131,1614359,1421940,1410207,1423664,1410464,1548462,1413061,1720949,1421096,32262761,32262761,2019/8/1,四川
64389981,41024273,58004689,38445628,92720364,4089572,3935325,5027831,3995314,3919876,3948426,3920070,4801992,3946114,5422242,3990671,59151242,59151242,2019/6/1,广东
10190246,2624425,9009997,2521859,11446647,1218767,1205678,1206752,1205061,1205036,1206033,1205044,1205284,1205036,1223632,1205054,9498532,9498532,2019/9/1,内蒙古
22551381,7256661,19867863,6768859,25674650,690975,609560,792158,615649,604767,621584,605019,749016,607578,928050,618206,15950933,15950933,2019/10/1,重庆
2329029,584229,2071256,553897,2570703,112185,110307,115782,110201,110129,110277,110129,113902,110130,119590,110187,2061155,2061155,2019/5/1,青海
7615182,3427943,6831677,3135985,9292215,144656,104785,208673,108476,102218,115310,102400,178929,103362,288766,108774,4977158,4977158,2020/4/1,海南
17978633,6775379,15566161,6333283,21335261,634914,596024,757497,602428,594118,598964,594180,717885,595506,831116,600634,14176553,14176553,2019/8/1,黑龙江
9500280,5092797,8888456,4880804,13311942,1196490,1189023,1229800,1190639,1188537,1189354,1188539,1218957,1189133,1247460,1189813,10599326,10599326,2019/3/1,北京
19668499,9312617,18000231,8910231,25919832,1213830,1196631,1367844,1200391,1195363,1198427,1195385,1330513,1196318,1442162,1199097,18576153,18576153,2019/5/1,湖北
21090567,7734351,18020108,7155630,24449626,655011,584670,787680,594102,581365,591074,581572,735172,583684,894620,592899,15487367,15487367,2019/11/1,黑龙江
10592534,3764495,9751521,3640450,13077205,752967,736949,783903,737174,736239,738801,736244,773601,736402,834652,737440,9776272,9776272,2019/4/1,江西
38477812,10615732,32633176,9930662,40852934,1118067,964103,1169663,958766,949734,967986,949993,1106769,951542,1348878,960140,27017782,27017782,2019/9/1,湖南
28402132,12410769,25015910,11417020,34798912,950530,852462,1280608,877042,845947,865790,846467,1176014,853581,1484258,878647,21112473,21112473,2020/5/1,广西
16237979,5645644,14002984,5446400,18732854,1045077,1015490,1079726,1015649,1014168,1015491,1014167,1064780,1014450,1113702,1015225,14759608,14759608,2019/4/1,安徽
53715330,28034997,44620039,25801155,66496488,1950719,1604257,2376581,1632425,1561853,1620712,1562979,2177179,1582755,2827081,1640515,37591083,37591083,2019/10/1,浙江
15834861,5784174,13892572,5472576,18927754,653943,630058,755472,634180,628932,631565,628931,727392,629733,814191,632852,13118575,13118575,2019/6/1,黑龙江
33412361,22397577,28859126,20315064,45632685,1020515,766874,1591404,820285,745704,813563,747333,1374870,759875,2039641,822282,22323543,22323543,2020/7/1,福建
81224678,51377349,72319957,47053453,113778515,4078457,3795765,5375990,3911520,3764835,3832653,3765998,4998602,3814591,5938779,3901483,67498421,67498421,2019/10/1,广东
432196,121781,392628,112979,482825,65881,65398,65992,65383,65361,65447,65366,65656,65362,66287,65376,442129,442129,2019/9/1,西藏
24890433,11782535,22454796,11087756,32075808,1181127,1144888,1399098,1152433,1141962,1150420,1142149,1335443,1143901,1507385,1150273,21571507,21571507,2019/8/1,湖北
14093523,8573017,12764449,8097941,20220909,1073444,1050258,1248361,1060197,1048068,1052829,1048119,1206521,1051673,1305614,1057683,13958676,13958676,2019/7/1,辽宁
727717,199084,652382,180610,784077,113423,111345,112703,111298,111218,111657,111235,111841,111229,113903,111292,672175,672175,2020/8/1,西藏
24713652,9056014,21612943,8312446,28557241,814097,631186,870282,631395,613368,663483,615047,796987,617655,1109170,643809,16430732,16430732,2020/8/1,江西
4490942,1200417,3497292,1021137,4319393,136810,92503,118997,91856,90581,92428,90614,102607,90636,122457,91346,2971840,2971840,2020/3/1,青海
2926108,2052310,2642450,1951062,4401145,218377,215161,250986,215499,214812,215315,214813,241183,214858,264243,215056,3080215,3080215,2019/6/1,海南
67711575,29726805,59443924,27641982,83107441,1413287,1092555,2057922,1132690,1069322,1151655,1071106,1832955,1085139,2749879,1154617,46126973,46126973,2020/4/1,河南
4992431,1614865,4691710,1569209,6148081,504321,502726,511023,502633,502570,502694,502570,508986,502575,516317,502608,5434024,5434024,2019/3/1,新疆
11535860,4181405,10219850,3850210,13504408,547551,526844,601821,527917,524924,528269,524981,578300,525334,632753,527334,9767503,9767503,2019/9/1,新疆
23131940,13119055,20291817,12063700,30982568,1186807,1086391,1478541,1115460,1074189,1101769,1075752,1384228,1087460,1638612,1116395,18616755,18616755,2020/7/1,辽宁
34627787,7578658,27883348,6871951,33585257,644105,368069,546185,367263,359550,392410,359856,483203,360590,766382,373376,19521066,19521066,2020/5/1,贵州
112645053,40267143,99109129,36286778,125550258,2587993,1192043,2445321,1277812,1074794,1678407,1088369,2113130,1154770,4087108,1391185,56727453,56727453,2020/5/1,江苏
56725660,25092389,50726319,23587677,71328802,1336415,1160592,1885062,1185436,1149578,1193706,1150045,1723179,1158020,2406870,1196862,41910485,41910485,2019/10/1,河南
120153943,42388084,105153137,38008386,132432507,2780613,1137235,2467353,1222270,994747,1729508,1011998,2097512,1082221,4311451,1350137,58437112,58437112,2020/8/1,江苏
6603317,3657297,6197496,3567348,9586619,1033218,1030217,1061221,1030665,1029992,1030223,1029989,1055273,1030144,1072852,1030377,8252250,8252250,2019/3/1,辽宁
29697370,6757126,24157700,6189663,29482561,570329,401398,547475,401649,396683,413498,396822,499131,397311,710179,405413,18006391,18006391,2019/12/1,贵州
2624156,1882907,2388232,1801935,4030721,226692,224464,254159,224700,224213,224536,224212,246437,224246,265498,224372,2897056,2897056,2019/5/1,海南
42456283,11457419,31093299,10603472,39576646,1399754,890408,1086625,840513,824437,849066,825327,1011660,828098,1261633,841634,25177477,25177477,2020/1/1,安徽
7820592,2701181,7159431,2575594,9466721,518452,512368,546155,512467,511791,512508,511793,537853,511875,563523,512307,7483203,7483203,2019/5/1,新疆
5035374,1323947,3829615,1087969,4678777,145965,89030,117861,84095,81030,83782,81094,94479,81103,118852,82086,3128810,3128810,2020/7/1,青海
29208843,12642333,25672314,11602135,35571282,989933,882951,1324525,908979,875753,897671,876327,1215325,883946,1536234,910702,21467355,21467355,2020/6/1,广西
23865566,14568259,21757321,13558855,33896097,1608462,1544344,1953047,1560087,1538495,1554283,1538865,1852198,1543220,2099658,1557461,21492216,21492216,2019/11/1,河北
24995829,15431198,22133269,13804913,33745706,1270266,1111733,1476574,1141014,1090802,1148200,1094434,1359355,1107033,1684412,1140209,18103280,18103280,2020/3/1,北京
35623513,10250004,27278242,9545515,34989873,1261264,929173,1110490,902514,890824,907708,891298,1048928,893436,1246176,902606,23124932,23124932,2019/11/1,安徽
14784474,5803613,13311698,5496063,18205742,798291,752975,867518,754089,750069,759278,750137,838865,750967,968491,756246,12242408,12242408,2019/7/1,江西
40678458,22731673,37045946,21532028,57008987,1593682,1510780,2122595,1532613,1504916,1522640,1505210,1999715,1511668,2423514,1533550,35451244,35451244,2019/7/1,山东
43105136,23798789,39109410,22457064,59846445,1606399,1507955,2173751,1533984,1500970,1523031,1501450,2037003,1509134,2501861,1535569,36698272,36698272,2019/8/1,山东
29603357,13705870,19504017,11442382,28574279,1323535,994117,1182083,876240,822187,886266,827523,1019365,834549,1298620,865887,15679149,15679149,2020/6/1,上海
49087791,13468837,40809053,12425889,50716081,1223275,901999,1210948,894556,875170,924989,876570,1112007,879352,1513732,900683,30975334,30975334,2020/3/1,湖南
6002507,4907366,5326340,4500409,9359795,508860,485787,616827,497046,478186,485923,478585,581171,484819,647551,492962,5733089,5733089,2020/2/1,天津
8900899,3112955,8066430,2945822,10668540,558821,549781,594322,549992,548892,550147,548901,582679,549043,616238,549803,8218854,8218854,2019/6/1,新疆
31819845,9250340,24875660,8672228,31947684,1180200,938442,1093967,923281,915444,926780,915668,1043971,917056,1199871,922661,21830265,21830265,2019/9/1,安徽
3799030,983987,3092734,877355,3815960,108869,94660,110240,94617,94083,95136,94090,103375,94109,117813,94493,2734357,2734357,2019/11/1,青海
19050878,11845027,17534153,11158480,27708664,1461495,1427446,1699253,1433007,1424483,1431281,1424570,1631009,1425710,1793292,1430721,18676727,18676727,2019/7/1,河北
2221252,1571299,2047147,1517511,3446013,236350,235012,253725,235124,234892,235060,234891,249002,234905,261538,234953,2615142,2615142,2019/4/1,海南
52545140,14890620,44207120,13610132,55883239,1794428,1588515,1879080,1589543,1565739,1599512,1567066,1778626,1572006,2074095,1591201,37246184,37246184,2020/1/1,四川
463712,130315,420493,120331,515104,69281,68685,69382,68675,68643,68756,68649,68977,68645,69740,68666,465888,465888,2019/10/1,西藏
28997856,17950133,26159076,16531011,40684455,1562522,1447203,2006002,1476957,1435775,1469043,1437161,1863906,1445836,2222491,1475409,24048298,24048298,2020/5/1,河北
28186738,6334347,23096719,5811060,28120519,546205,406419,536569,406636,402672,416083,402776,493169,403139,677061,409405,17530213,17530213,2019/11/1,贵州
12909503,7606480,11751383,7234812,18448766,1122050,1104291,1273116,1111746,1102694,1105914,1102709,1240342,1105457,1322517,1109680,13129876,13129876,2019/6/1,辽宁
11113590,5260023,9610128,4948617,14181934,572862,552957,675765,555504,551727,553030,551738,645320,552218,712430,554014,9860281,9860281,2019/7/1,吉林
3824107,2032867,3298050,1930277,4957042,218624,208245,249603,208565,207549,208371,207558,239638,207648,271233,208248,3188199,3188199,2019/6/1,宁夏
15983422,5016826,14476835,4794746,18780130,681068,653857,752579,655560,652195,656594,652223,733236,653088,824931,656250,13033333,13033333,2019/5/1,重庆
48086665,13531295,40798061,12408390,51555533,1682319,1525039,1778880,1526836,1507988,1532115,1508707,1692151,1512892,1935103,1527042,35301352,35301352,2019/11/1,四川
16767322,7748271,13930646,7095014,20189159,577646,493924,731906,503993,488289,498314,488601,667838,491182,826421,503172,12355459,12355459,2020/7/1,吉林
24188000,8746273,20396062,8054973,27574322,663427,546758,785928,557993,540983,557220,541499,722345,544264,932207,558468,16711359,16711359,2020/2/1,黑龙江
4288571,3655641,3894739,3393418,6991045,472926,463051,551703,469172,459844,461987,459879,527441,462727,562391,465733,4724087,4724087,2019/7/1,天津
59862502,30972979,49053697,28373044,72978521,1989709,1537051,2443517,1579033,1480152,1561571,1482201,2212414,1513611,3001552,1597398,39611909,39611909,2019/12/1,浙江
5551532,2831878,5234457,2757533,7780580,775848,774300,785235,774391,774224,774404,774227,782472,774239,792145,774304,6870891,6870891,2019/3/1,陕西
20065041,12372895,18411218,11610644,28946045,1502753,1462875,1758741,1469615,1459366,1467735,1459501,1682708,1460854,1860149,1466934,19294505,19294505,2019/8/1,河北
66607718,34957322,59141741,32168929,87715214,1358388,1002039,2246050,1094584,971774,1082332,977551,1977597,1009460,2994860,1130258,46323548,46323548,2020/8/1,山东
106714601,38419908,94299655,34801148,119974264,2421222,1214601,2397735,1299367,1115955,1623128,1126544,2097996,1189572,3881608,1400442,55401664,55401664,2020/3/1,江苏
35733009,13430455,31768018,12041432,39989491,720331,418353,779021,436206,403426,516228,405776,664493,413042,1132484,448762,20105307,20105307,2020/8/1,陕西
9941181,2710074,9264799,2641732,11714939,652230,645409,666453,645366,644998,645682,644999,662115,645067,687536,645276,9454948,9454948,2019/3/1,重庆
18850381,4113191,16354901,3920454,19922330,490853,456102,508940,455831,455227,457663,455233,494135,455273,573043,456262,14020039,14020039,2019/5/1,贵州
24921818,11318130,21144592,10388717,29741305,1395613,1300903,1649502,1313896,1289393,1303923,1289744,1556824,1294055,1785580,1311810,19108835,19108835,2020/2/1,云南
618817,182641,554669,166808,681453,110356,108895,110055,108864,108799,109093,108815,109347,108806,110869,108859,606900,606900,2020/4/1,西藏
24211675,11130679,21533968,10365734,30636203,950702,891876,1249081,909429,888186,898576,888359,1168355,893285,1407555,909870,19366675,19366675,2019/12/1,广西
6197991,4983824,5490394,4563554,9569529,500424,475520,609537,487041,467340,476095,467830,572812,474240,642879,483062,5807871,5807871,2020/3/1,天津
51683353,14011848,42840272,12875904,52911525,1227200,855406,1184632,847138,825247,885544,827076,1076458,829848,1517420,854405,31788810,31788810,2020/5/1,湖南
11995873,5826134,11041730,5609846,16025952,1466370,1454499,1553266,1454951,1453096,1454303,1453106,1531250,1453314,1599705,1454491,12573515,12573515,2019/4/1,云南
72848641,46689171,65176479,43122081,103629459,3964570,3750500,5086988,3836397,3727557,3773814,3728147,4777141,3764051,5549293,3827749,63583866,63583866,2019/8/1,广东
19333145,7078780,16629678,6593457,22610026,645519,594776,769110,601958,592391,598752,592495,725476,593988,855373,600440,14766595,14766595,2019/9/1,黑龙江
10376543,4680628,9025374,4442341,13153540,604440,588611,690253,590250,587681,588543,587681,666829,587992,723288,589140,9415719,9415719,2019/6/1,吉林
9643826,2492619,8563164,2401718,10891695,1195417,1184669,1185459,1184161,1184137,1184879,1184139,1184307,1184137,1199183,1184145,9171325,9171325,2019/8/1,内蒙古
28238151,6960325,25060849,6644749,31183245,1483087,1452549,1530298,1452657,1449923,1452353,1449942,1507631,1450637,1572823,1452264,24964346,24964346,2019/4/1,四川
42440562,11732665,35620346,10906059,44526511,1154890,948468,1197351,942886,929871,956798,930372,1120657,932613,1417851,945540,28564607,28564607,2019/11/1,湖南
23386158,10719835,20053451,9877181,28283587,1417634,1339550,1663472,1351261,1330139,1341963,1330363,1579696,1334142,1788345,1349233,18506827,18506827,2019/12/1,云南
11572106,2970175,10142817,2844218,12872732,1302534,1280871,1282687,1279812,1279775,1281732,1279829,1280350,1279775,1309736,1279866,10309077,10309077,2019/12/1,内蒙古
54248382,23657170,48682539,22300934,68220012,1321990,1168067,1811522,1187232,1158703,1196440,1159078,1665122,1165137,2292033,1195896,40801868,40801868,2019/9/1,河南
6567562,3727837,5963058,3485961,9044839,979465,965557,989083,965168,963627,964175,963628,979415,963937,995172,964338,7676106,7676106,2019/3/1,上海
16880934,9373615,13114657,8156774,19924751,1019708,916260,1044828,869233,847987,860183,848176,965388,852714,1077768,861127,12620087,12620087,2019/7/1,上海
57698241,15944670,48300513,14465051,60438717,1828020,1558359,1881791,1556838,1527523,1577943,1530072,1763548,1534994,2125975,1560656,39125232,39125232,2020/5/1,四川
25983955,9223692,21826550,8446411,29232531,656297,507254,767744,519333,499358,522542,500232,695500,503176,937919,521061,17287306,17287306,2020/5/1,黑龙江
8567699,3870603,7839440,3528547,10865018,484454,470033,527438,470895,469093,471385,469130,502434,469227,553738,470189,7520939,7520939,2019/9/1,甘肃
33311257,8541895,29172266,8072294,36509956,1507281,1456341,1579248,1457285,1451781,1456693,1451824,1542424,1453204,1646277,1456836,27853921,27853921,2019/5/1,四川
31478860,7118784,25480391,6492989,31025380,606143,401301,560522,401399,395398,416800,395598,506330,396166,743378,405930,18585432,18585432,2020/2/1,贵州
50885066,28012140,45766314,26194978,69700035,1573015,1413655,2313553,1464882,1401897,1442145,1403227,2133807,1420235,2767571,1474186,40356558,40356558,2019/11/1,山东
20734958,10377851,19529811,10146110,29230484,1752226,1740196,1835907,1741089,1739563,1740922,1739568,1816951,1739828,1900589,1740568,22656720,22656720,2019/3/1,山东
21805469,10225050,19845480,9730409,28417684,1216194,1192595,1393479,1197452,1190687,1195506,1190728,1347477,1191981,1482268,1195899,19852643,19852643,2019/6/1,湖北
55078762,13208566,37614067,12055904,46923620,1784398,829753,979145,673720,649592,700093,651896,874902,654746,1239479,677614,28047064,28047064,2020/8/1,安徽
20647402,8106526,18233932,7534033,24709127,855349,740411,941278,743057,730611,759911,731445,886113,733753,1124140,751294,14966209,14966209,2020/2/1,江西
11469745,6827152,10494547,6528981,16581756,1101662,1088984,1231337,1094520,1087891,1089933,1087895,1205049,1089895,1272955,1092946,12110331,12110331,2019/5/1,辽宁
5171758,1348243,3924745,1103854,4781603,147406,88667,117492,83099,79505,82561,79572,93276,79584,118885,80656,3175911,3175911,2020/8/1,青海
12726856,3248396,11070420,3103030,14032156,1338696,1306775,1309201,1305123,1305078,1308443,1305195,1305968,1305077,1346560,1305276,10910634,10910634,2020/4/1,内蒙古
7356028,3304576,6636524,3044830,9039747,141128,106465,203694,109805,104404,115667,104528,177370,105438,280701,110212,4893215,4893215,2020/1/1,海南
17320091,5781607,14745834,5200676,18927114,624545,553159,681723,555849,547497,561357,547932,636367,548938,753128,556493,12502647,12502647,2020/6/1,新疆
24049768,8901426,21059175,8180970,27920491,820591,648877,882342,649343,632224,678684,633787,811652,636302,1111784,661123,16184715,16184715,2020/7/1,江西
34141739,22658234,29470353,20521305,46357680,1012356,742503,1581833,797092,719699,793428,721446,1359593,734366,2047353,800039,22511711,22511711,2020/8/1,福建
6611683,3397675,5400370,3101356,7894399,216624,164637,271576,168571,161777,168743,161914,240826,162981,329282,168281,4204379,4204379,2020/5/1,宁夏
34045033,18950640,31307873,18157865,48356137,1698428,1649463,2103007,1661559,1646378,1654977,1646451,2019551,1649960,2330365,1661612,31705829,31705829,2019/5/1,山东
11409958,5210182,10313321,4715439,14274432,490598,459689,552865,461507,457460,463284,457603,512408,457851,602774,460476,9175324,9175324,2020/2/1,甘肃
13004249,3298825,11295629,3148083,14296654,1319021,1284800,1287375,1282998,1282953,1286580,1283084,1283900,1282952,1327291,1283174,11016695,11016695,2020/5/1,内蒙古
15778779,13292143,13980277,12292697,24798008,772707,709659,1082386,722773,702234,719169,703051,976013,705670,1214800,717526,13814110,13814110,2020/5/1,山西
14254880,6927312,12934907,6608506,18724048,1374763,1355403,1504883,1357065,1353013,1355177,1353026,1471337,1353529,1566749,1356201,13900001,13900001,2019/5/1,云南
10690195,6820429,9762948,6616849,15922988,1406090,1394625,1458965,1395376,1394005,1394893,1393991,1441678,1394065,1505851,1394431,12001728,12001728,2019/3/1,福建
16677034,7853600,15427637,7580539,22230133,1209380,1199153,1312895,1200999,1198465,1200099,1198476,1288682,1198947,1365392,1200182,16693787,16693787,2019/4/1,湖北
45145167,19982827,41316440,19116741,58333183,1326524,1241625,1711595,1252144,1236716,1258399,1236832,1616725,1240346,2095054,1257548,36520323,36520323,2019/6/1,河南
40608894,19106752,36221080,17931807,52437971,2278480,2181340,2598024,2193942,2167088,2184806,2167245,2484263,2174155,2807501,2190904,34803559,34803559,2019/6/1,江苏
3305463,876658,2785888,801481,3460808,104910,98449,110726,98345,98026,98677,98029,105585,98041,116868,98252,2553086,2553086,2019/9/1,青海
51468521,22790144,46467834,21557072,65417662,1283760,1155902,1754845,1172891,1148128,1180099,1148389,1621677,1153770,2199441,1179856,39611123,39611123,2019/8/1,河南
25187909,15725132,22897482,14614324,35951220,1577627,1501664,1965881,1522605,1494619,1513871,1495156,1854681,1501413,2134446,1520563,22203271,22203271,2019/12/1,河北
44517477,11672164,31884870,10784310,40494037,1504546,907057,1092590,838626,821583,848933,822688,1014004,825452,1277434,840139,25572637,25572637,2020/2/1,安徽
5232210,2804343,4386601,2593950,6544259,218890,193225,270791,195381,191753,194605,191791,249627,192301,307823,194760,3776871,3776871,2019/11/1,宁夏
8548606,2175583,7654701,2106153,9716027,1173128,1166109,1166313,1165776,1165758,1166125,1165758,1165786,1165758,1174427,1165758,8491778,8491778,2019/6/1,内蒙古
25099232,7550422,20512453,7187014,26525749,1052428,938767,1053979,935327,931291,936316,931328,1023399,932110,1126040,934741,19140514,19140514,2019/6/1,安徽
25502556,18735846,22320384,17264296,37220732,1110690,987640,1617911,1020789,978618,1004479,978862,1463051,985818,1906136,1015661,19852805,19852805,2019/11/1,福建
23792622,14646213,21121147,13152876,32227090,1252633,1113446,1454053,1141444,1095945,1142586,1098427,1347526,1110806,1638427,1139303,17624322,17624322,2020/1/1,北京
17506788,10578513,16194811,10049773,25427765,1512213,1486627,1712448,1490361,1484475,1489254,1484519,1659529,1485307,1798510,1488744,17647700,17647700,2019/6/1,河北
32607853,7273942,26331039,6623037,31933657,618634,388867,553763,388514,382048,407427,382287,496667,382890,750080,393695,18918454,18918454,2020/3/1,贵州
37785044,20922874,34555972,19939607,53146097,1661612,1595263,2131676,1612012,1590765,1603778,1590917,2029179,1595894,2400487,1612502,33853586,33853586,2019/6/1,山东
61157447,27429864,54274555,25671905,76470981,1357793,1127234,1972762,1161305,1112038,1169765,1112925,1783991,1124559,2565819,1176844,43679086,43679086,2019/12/1,河南
20859704,10371623,19584958,10140372,29133451,1594113,1585206,1667996,1585560,1584650,1585589,1584650,1649405,1584780,1722818,1585160,22672632,22672632,2019/3/1,河南
3585583,1483048,3395595,1429953,4719898,453855,452840,457546,452836,452785,452843,452786,455527,452788,460413,452799,4135923,4135923,2019/3/1,甘肃
58663948,26026741,52300872,24412798,73520925,1347794,1151060,1925377,1180172,1138504,1188450,1139136,1752152,1148746,2475679,1193269,42705218,42705218,2019/11/1,河南
7578337,2395605,7101070,2343346,9271383,670689,664758,677200,664740,664530,665207,664530,674344,664561,695886,664676,7652101,7652101,2019/3/1,江西
18542989,8298180,16757966,7869693,23854710,904676,881135,1083942,886102,879665,882770,879685,1037693,880721,1173038,884850,16486965,16486965,2019/8/1,广西
49357746,17225582,44783251,15982731,56656495,950789,686771,1178142,714087,673679,771963,675890,1066419,686274,1647107,734445,29999777,29999777,2020/2/1,湖北
10669211,3964928,9522758,3669632,12686989,529343,513193,581064,514102,511661,514228,511701,560427,512010,608100,513578,9291116,9291116,2019/8/1,新疆
104663364,63359929,91931357,56902320,140661129,3897266,3345849,5490921,3537186,3279674,3444788,3286613,4918612,3366574,6403908,3539214,76758667,76758667,2020/6/1,广东
88609901,56053471,78621862,51003965,123209411,4019541,3664278,5482599,3816323,3624615,3718063,3627066,5040998,3692923,6163552,3811924,70641927,70641927,2019/12/1,广东
27397107,17208714,24783385,15911299,38900488,1578641,1480166,2005009,1506866,1470538,1497936,1471572,1874878,1479446,2202136,1505025,23350525,23350525,2020/3/1,河北
6025073,5260424,5546164,5082294,10256603,735909,729798,794865,730088,729211,729868,729212,777662,729266,816348,729540,7365389,7365389,2019/4/1,山西
23659933,11263306,21414709,10635948,30710869,1169483,1138822,1373868,1145278,1136323,1143163,1136447,1316305,1138001,1473432,1143361,20914337,20914337,2019/7/1,湖北
56241912,31244472,50261092,29100724,76680203,1495246,1277018,2323479,1345614,1259952,1317770,1262408,2115073,1286708,2877427,1363917,42753897,42753897,2020/1/1,山东
7944978,3562274,7080064,3232339,9602542,145601,99409,210808,103517,96215,111327,96454,176938,97495,294864,103667,5081306,5081306,2020/7/1,海南
5982809,2259505,5448443,2201405,7541012,564611,561577,577906,561560,561420,561492,561420,574141,561429,585288,561469,6375335,6375335,2019/3/1,吉林
11858659,10376918,10620796,9707671,19333019,869966,837401,1090451,844470,833665,840935,833871,1019850,835306,1168887,840562,11721933,11721933,2019/11/1,山西
36770288,9664682,31933256,9075895,40099158,1534739,1465196,1613224,1465996,1458371,1466141,1458469,1566984,1460273,1697206,1465486,29763919,29763919,2019/6/1,四川
10211794,6067336,8789510,5479050,13521537,1045195,1002346,1077787,993221,986563,989156,986578,1044345,988056,1092339,990312,9946753,9946753,2019/4/1,上海
110628130,65007450,96974196,58166441,146493996,3770371,3136498,5361660,3336569,3060632,3256196,3068650,4753303,3151988,6371312,3342460,78730788,78730788,2020/8/1,广东
7162988,6387448,6519237,6119553,12154004,720321,710648,818111,711608,709568,710777,709573,789856,709738,851273,710469,8174100,8174100,2019/5/1,山西
3300499,1850188,2889906,1768144,4433260,220537,214214,248407,214419,213757,214251,213762,240538,213825,265159,214212,2959006,2959006,2019/5/1,宁夏
9903800,8690878,8850031,8146205,16190004,708128,683211,881556,687057,680400,685256,680496,823200,681097,940445,684023,9898053,9898053,2019/9/1,山西
46442424,12983312,38665561,12022708,48367790,1203553,929547,1219491,922964,905841,944039,906768,1128981,909561,1487006,927434,30075571,30075571,2020/1/1,湖南
18977026,10183410,14326732,8762408,21555782,1126259,996440,1136760,937616,911164,930569,911689,1042341,917006,1181555,928493,13299385,13299385,2019/9/1,上海
598361,178208,537226,162987,663050,109216,107894,109027,107875,107813,108081,107828,108340,107820,109784,107871,594805,594805,2020/3/1,西藏
28262962,17558102,25527183,16206168,39809355,1575665,1467620,2009323,1495652,1456999,1487783,1458276,1873569,1466523,2216937,1494206,23716984,23716984,2020/4/1,河北
20390920,9097902,18324961,8564206,25961773,936499,904128,1147011,911488,902150,906997,902187,1089735,903775,1252015,910006,17508350,17508350,2019/9/1,广西
12586222,7480646,10332857,6608401,15957107,1050952,986550,1093252,963361,950653,955565,950685,1039097,953477,1110254,957976,10963162,10963162,2019/5/1,上海
14598260,10600255,13151760,10141266,22433587,1308473,1282168,1497990,1286776,1280694,1283673,1280661,1447988,1281306,1614728,1284129,14602157,14602157,2019/4/1,福建
1958500,475481,1771988,456050,2189676,114270,113144,116229,113054,113027,113111,113027,115128,113028,118710,113050,1832917,1832917,2019/4/1,青海
22658047,8572849,19888985,7918077,26582414,840469,690982,909510,691752,676890,716283,678215,845954,680560,1120449,702315,15679525,15679525,2020/5/1,江西
13761005,4167869,12600765,4015643,16252536,669364,652317,718112,653015,651297,653801,651309,705638,651741,770744,653270,11842468,11842468,2019/4/1,重庆
19664594,12004755,17612504,10848937,26857759,1166280,1077366,1343666,1098175,1066135,1092333,1066909,1262950,1075925,1463839,1093325,15611611,15611611,2019/10/1,北京
21098114,4578630,17857678,4338168,21763878,503639,452008,517479,451637,450700,454452,450714,498247,450776,595860,452308,14883593,14883593,2019/6/1,贵州
21378943,11193423,15665696,9553279,23466875,1173148,1011573,1171728,940470,906270,935065,907502,1060320,914214,1235082,930508,13934522,13934522,2019/11/1,上海
17765128,5883722,15082742,5281016,19309551,614643,538392,670974,541141,532288,547091,532758,623431,533830,744783,541830,12681493,12681493,2020/7/1,新疆
11852991,5353227,10684454,4835507,14712944,483905,449153,547573,451022,446611,453358,446789,504570,447040,600965,449953,9360335,9360335,2020/3/1,甘肃
10512888,4789772,9549162,4350398,13235526,499487,475059,555746,476552,473332,477603,473408,521079,473640,598679,475700,8715799,8715799,2019/12/1,甘肃
20205010,7931691,17881791,7382114,24241430,847167,739882,935215,742929,731212,758321,731888,882381,734177,1111694,750641,14782332,14782332,2020/1/1,江西
634352,186838,568028,170309,696648,112935,111392,112600,111361,111292,111607,111308,111858,111299,113467,111355,618665,618665,2020/5/1,西藏
31382162,14036486,20434213,11649401,29588987,1314924,951224,1140020,821961,764516,838277,770579,966212,777147,1272027,811910,15951818,15951818,2020/8/1,上海
50535971,13750879,41950029,12663902,51916763,1224315,874771,1194129,866801,846103,901950,847798,1090750,850522,1514414,873650,31414143,31414143,2020/4/1,湖南
27042632,9826672,22644996,9002111,30490928,638718,469256,747655,482094,459810,487262,460865,670433,464150,935285,484524,17710749,17710749,2020/7/1,黑龙江
8060988,7021822,7286661,6697827,13416644,722469,708699,838280,710089,707133,709151,707151,803627,707410,880643,708596,8760023,8760023,2019/6/1,山西
6913281,2837818,6319086,2651207,8434084,129380,102641,175438,104463,101359,110460,101403,157357,101929,250397,105319,4696190,4696190,2019/9/1,海南
21715143,9797769,19448617,9182330,27588255,935173,895534,1180713,906105,893061,899559,893129,1115031,895624,1303120,904987,18168042,18168042,2019/10/1,广西
692919,194937,620495,177029,751617,112084,110219,111521,110175,110096,110475,110113,110699,110107,112577,110169,652145,652145,2020/7/1,西藏
7907166,3675577,7252735,3362385,10155958,450040,438296,490842,439135,437602,439360,437627,468329,437713,514075,438496,7058239,7058239,2019/8/1,甘肃
24941826,8882132,21021055,8163274,28249703,664626,534476,780359,545911,527865,547155,528530,713916,531343,936973,547123,16943136,16943136,2020/3/1,黑龙江
4123910,2263136,3534380,2123541,5345642,210235,197233,248671,198000,196381,197553,196391,235067,196573,272142,197469,3330269,3330269,2019/7/1,宁夏
6803046,2319765,6285763,2227779,8307355,497228,493219,516520,493184,492846,493237,492847,510990,492887,529131,493092,6775989,6775989,2019/4/1,新疆
103210113,37538854,91524325,34129505,116907231,2318332,1226249,2375438,1312119,1138692,1589915,1147446,2093002,1209147,3774682,1405795,54634070,54634070,2020/2/1,江苏
17284849,8312813,15366391,7775631,22028225,1391645,1357974,1564860,1361816,1353648,1357996,1353688,1511227,1354740,1638013,1359855,15641051,15641051,2019/7/1,云南
3433054,2846201,3164984,2655131,5619408,492944,487346,555110,491569,485859,486747,485858,536752,487633,560754,489235,4074119,4074119,2019/5/1,天津
99614967,61374239,87747720,55403128,135481102,4000423,3513978,5557691,3693075,3456683,3598885,3462542,5029360,3538255,6399042,3694211,75065897,75065897,2020/4/1,广东
9622263,5640043,8863112,5437186,13983030,1106443,1098477,1193926,1101239,1097880,1098946,1097872,1176785,1098836,1222981,1100308,10805912,10805912,2019/4/1,辽宁
