num,unique_num,loan_properties,table_name,dt
204731,192166,1,gdl_jrs_msg_nparse,2020-02-02
2614769,1896447,3,gdl_jrs_msg_nparse,2020-02-02
12625967,9414040,4,gdl_jrs_msg_nparse,2020-02-02
2543777,1811889,2,gdl_jrs_msg_nparse,2020-02-02
40269525,27368392,0,gdl_jrs_msg_nparse,2020-02-02
241800,228906,1,gdl_jrs_msg_nparse,2020-02-07
3597135,2559155,3,gdl_jrs_msg_nparse,2020-02-07
12113964,9087487,4,gdl_jrs_msg_nparse,2020-02-07
2959012,2234950,2,gdl_jrs_msg_nparse,2020-02-07
56312194,40086381,0,gdl_jrs_msg_nparse,2020-02-07
216811,202404,1,gdl_jrs_msg_nparse,2020-02-03
2664365,1890736,3,gdl_jrs_msg_nparse,2020-02-03
12190188,8887386,4,gdl_jrs_msg_nparse,2020-02-03
2845185,2054097,2,gdl_jrs_msg_nparse,2020-02-03
45339591,30836687,0,gdl_jrs_msg_nparse,2020-02-03
752629,734957,1,gdl_jrs_msg_nparse,2020-02-08
3109737,2127208,3,gdl_jrs_msg_nparse,2020-02-08
11639014,8576530,4,gdl_jrs_msg_nparse,2020-02-08
3496906,2732762,2,gdl_jrs_msg_nparse,2020-02-08
44184645,31079990,0,gdl_jrs_msg_nparse,2020-02-08
588443,576075,1,gdl_jrs_msg_nparse,2020-02-04
3156726,2399523,3,gdl_jrs_msg_nparse,2020-02-04
11630087,8536166,4,gdl_jrs_msg_nparse,2020-02-04
3558367,2832020,2,gdl_jrs_msg_nparse,2020-02-04
48886941,34161141,0,gdl_jrs_msg_nparse,2020-02-04
199351,187764,1,gdl_jrs_msg_nparse,2020-02-09
3444385,2424721,3,gdl_jrs_msg_nparse,2020-02-09
12814703,9729481,4,gdl_jrs_msg_nparse,2020-02-09
3639671,2824312,2,gdl_jrs_msg_nparse,2020-02-09
43814458,29936249,0,gdl_jrs_msg_nparse,2020-02-09
208227,195778,1,gdl_jrs_msg_nparse,2020-02-05
2750818,2000524,3,gdl_jrs_msg_nparse,2020-02-05
11108108,8325514,4,gdl_jrs_msg_nparse,2020-02-05
2533756,1834094,2,gdl_jrs_msg_nparse,2020-02-05
40959194,28709813,0,gdl_jrs_msg_nparse,2020-02-05
274820,255558,1,gdl_jrs_msg_nparse,2020-02-10
3653204,2618408,3,gdl_jrs_msg_nparse,2020-02-10
12614458,9418476,4,gdl_jrs_msg_nparse,2020-02-10
4640957,3638722,2,gdl_jrs_msg_nparse,2020-02-10
54242255,38532339,0,gdl_jrs_msg_nparse,2020-02-10
229662,216690,1,gdl_jrs_msg_nparse,2020-02-06
3178250,2308271,3,gdl_jrs_msg_nparse,2020-02-06
10538485,7824281,4,gdl_jrs_msg_nparse,2020-02-06
2394769,1754133,2,gdl_jrs_msg_nparse,2020-02-06
43030048,29696890,0,gdl_jrs_msg_nparse,2020-02-06
235908,217719,1,gdl_jrs_msg_nparse,2020-02-11
3544564,2515917,3,gdl_jrs_msg_nparse,2020-02-11
10639531,7735635,4,gdl_jrs_msg_nparse,2020-02-11
4481998,3618360,2,gdl_jrs_msg_nparse,2020-02-11
53417873,37153601,0,gdl_jrs_msg_nparse,2020-02-11
241800,228906,1,gdl_jrs_msg_nparse,2020-02-07
3597135,2559155,3,gdl_jrs_msg_nparse,2020-02-07
12113964,9087487,4,gdl_jrs_msg_nparse,2020-02-07
2959012,2234950,2,gdl_jrs_msg_nparse,2020-02-07
56312194,40086381,0,gdl_jrs_msg_nparse,2020-02-07
190911,173675,1,gdl_jrs_msg_nparse,2020-02-12
4484565,3294997,3,gdl_jrs_msg_nparse,2020-02-12
13591444,10450860,4,gdl_jrs_msg_nparse,2020-02-12
4529908,3650584,2,gdl_jrs_msg_nparse,2020-02-12
52700950,36113541,0,gdl_jrs_msg_nparse,2020-02-12
752629,734957,1,gdl_jrs_msg_nparse,2020-02-08
3109737,2127208,3,gdl_jrs_msg_nparse,2020-02-08
11639014,8576530,4,gdl_jrs_msg_nparse,2020-02-08
3496906,2732762,2,gdl_jrs_msg_nparse,2020-02-08
44184645,31079990,0,gdl_jrs_msg_nparse,2020-02-08
336613,317921,1,gdl_jrs_msg_nparse,2020-02-13
3498253,2485824,3,gdl_jrs_msg_nparse,2020-02-13
11590901,8634815,4,gdl_jrs_msg_nparse,2020-02-13
5068874,4149497,2,gdl_jrs_msg_nparse,2020-02-13
55812356,38683345,0,gdl_jrs_msg_nparse,2020-02-13
199351,187764,1,gdl_jrs_msg_nparse,2020-02-09
3444385,2424721,3,gdl_jrs_msg_nparse,2020-02-09
12814703,9729481,4,gdl_jrs_msg_nparse,2020-02-09
3639671,2824312,2,gdl_jrs_msg_nparse,2020-02-09
43814458,29936249,0,gdl_jrs_msg_nparse,2020-02-09
445427,409037,1,gdl_jrs_msg_nparse,2020-02-14
3331232,2350729,3,gdl_jrs_msg_nparse,2020-02-14
11544855,8504606,4,gdl_jrs_msg_nparse,2020-02-14
6339498,5448729,2,gdl_jrs_msg_nparse,2020-02-14
59214063,43514194,0,gdl_jrs_msg_nparse,2020-02-14
274820,255558,1,gdl_jrs_msg_nparse,2020-02-10
3653204,2618408,3,gdl_jrs_msg_nparse,2020-02-10
12614458,9418476,4,gdl_jrs_msg_nparse,2020-02-10
4640957,3638722,2,gdl_jrs_msg_nparse,2020-02-10
54242255,38532339,0,gdl_jrs_msg_nparse,2020-02-10
244344,233265,1,gdl_jrs_msg_nparse,2020-02-15
3389561,2420641,3,gdl_jrs_msg_nparse,2020-02-15
9858978,7063774,4,gdl_jrs_msg_nparse,2020-02-15
4511015,3283845,2,gdl_jrs_msg_nparse,2020-02-15
43857293,29427149,0,gdl_jrs_msg_nparse,2020-02-15
235908,217719,1,gdl_jrs_msg_nparse,2020-02-11
3544564,2515917,3,gdl_jrs_msg_nparse,2020-02-11
10639531,7735635,4,gdl_jrs_msg_nparse,2020-02-11
4481998,3618360,2,gdl_jrs_msg_nparse,2020-02-11
53417873,37153601,0,gdl_jrs_msg_nparse,2020-02-11
190911,173675,1,gdl_jrs_msg_nparse,2020-02-12
4484565,3294997,3,gdl_jrs_msg_nparse,2020-02-12
13591444,10450860,4,gdl_jrs_msg_nparse,2020-02-12
4529908,3650584,2,gdl_jrs_msg_nparse,2020-02-12
52700950,36113541,0,gdl_jrs_msg_nparse,2020-02-12
165440,152828,1,gdl_jrs_msg_nparse,2020-02-16
3409921,2395738,3,gdl_jrs_msg_nparse,2020-02-16
9444419,6646882,4,gdl_jrs_msg_nparse,2020-02-16
4921609,3758023,2,gdl_jrs_msg_nparse,2020-02-16
41057008,26385404,0,gdl_jrs_msg_nparse,2020-02-16
336613,317921,1,gdl_jrs_msg_nparse,2020-02-13
3498253,2485824,3,gdl_jrs_msg_nparse,2020-02-13
11590901,8634815,4,gdl_jrs_msg_nparse,2020-02-13
5068874,4149497,2,gdl_jrs_msg_nparse,2020-02-13
55812356,38683345,0,gdl_jrs_msg_nparse,2020-02-13
622842,575613,1,gdl_jrs_msg_nparse,2020-02-17
3732100,2680556,3,gdl_jrs_msg_nparse,2020-02-17
9022592,6171946,4,gdl_jrs_msg_nparse,2020-02-17
5047869,3940731,2,gdl_jrs_msg_nparse,2020-02-17
52194320,35621155,0,gdl_jrs_msg_nparse,2020-02-17
445427,409037,1,gdl_jrs_msg_nparse,2020-02-14
3331232,2350729,3,gdl_jrs_msg_nparse,2020-02-14
11544855,8504606,4,gdl_jrs_msg_nparse,2020-02-14
6339498,5448729,2,gdl_jrs_msg_nparse,2020-02-14
59214063,43514194,0,gdl_jrs_msg_nparse,2020-02-14
460298,429027,1,gdl_jrs_msg_nparse,2020-02-18
3575341,2528912,3,gdl_jrs_msg_nparse,2020-02-18
8590826,6000836,4,gdl_jrs_msg_nparse,2020-02-18
6762100,5140834,2,gdl_jrs_msg_nparse,2020-02-18
55075272,37765745,0,gdl_jrs_msg_nparse,2020-02-18
244344,233265,1,gdl_jrs_msg_nparse,2020-02-15
3389561,2420641,3,gdl_jrs_msg_nparse,2020-02-15
9858978,7063774,4,gdl_jrs_msg_nparse,2020-02-15
4511015,3283845,2,gdl_jrs_msg_nparse,2020-02-15
43857293,29427149,0,gdl_jrs_msg_nparse,2020-02-15
451852,428494,1,gdl_jrs_msg_nparse,2020-02-19
4581129,3427252,3,gdl_jrs_msg_nparse,2020-02-19
9658153,6895307,4,gdl_jrs_msg_nparse,2020-02-19
4717007,3656353,2,gdl_jrs_msg_nparse,2020-02-19
57569705,39198220,0,gdl_jrs_msg_nparse,2020-02-19
165440,152828,1,gdl_jrs_msg_nparse,2020-02-16
3409921,2395738,3,gdl_jrs_msg_nparse,2020-02-16
9444419,6646882,4,gdl_jrs_msg_nparse,2020-02-16
4921609,3758023,2,gdl_jrs_msg_nparse,2020-02-16
41057008,26385404,0,gdl_jrs_msg_nparse,2020-02-16
508258,466682,1,gdl_jrs_msg_nparse,2020-02-20
3347168,2341930,3,gdl_jrs_msg_nparse,2020-02-20
10363923,7384030,4,gdl_jrs_msg_nparse,2020-02-20
5537948,4083743,2,gdl_jrs_msg_nparse,2020-02-20
57208095,39247405,0,gdl_jrs_msg_nparse,2020-02-20
622842,575613,1,gdl_jrs_msg_nparse,2020-02-17
3732100,2680556,3,gdl_jrs_msg_nparse,2020-02-17
9022592,6171946,4,gdl_jrs_msg_nparse,2020-02-17
5047869,3940731,2,gdl_jrs_msg_nparse,2020-02-17
52194320,35621155,0,gdl_jrs_msg_nparse,2020-02-17
502122,479508,1,gdl_jrs_msg_nparse,2020-02-21
3359959,2386423,3,gdl_jrs_msg_nparse,2020-02-21
9766941,6486891,4,gdl_jrs_msg_nparse,2020-02-21
7201953,5132778,2,gdl_jrs_msg_nparse,2020-02-21
67124113,45494782,0,gdl_jrs_msg_nparse,2020-02-21
460298,429027,1,gdl_jrs_msg_nparse,2020-02-18
3575341,2528912,3,gdl_jrs_msg_nparse,2020-02-18
8590826,6000836,4,gdl_jrs_msg_nparse,2020-02-18
6762100,5140834,2,gdl_jrs_msg_nparse,2020-02-18
55075272,37765745,0,gdl_jrs_msg_nparse,2020-02-18
483910,457373,1,gdl_jrs_msg_nparse,2020-02-22
3018224,2149702,3,gdl_jrs_msg_nparse,2020-02-22
8612668,5658588,4,gdl_jrs_msg_nparse,2020-02-22
4148868,2949457,2,gdl_jrs_msg_nparse,2020-02-22
42760418,28612884,0,gdl_jrs_msg_nparse,2020-02-22
451852,428494,1,gdl_jrs_msg_nparse,2020-02-19
4581129,3427252,3,gdl_jrs_msg_nparse,2020-02-19
9658153,6895307,4,gdl_jrs_msg_nparse,2020-02-19
4717007,3656353,2,gdl_jrs_msg_nparse,2020-02-19
57569705,39198220,0,gdl_jrs_msg_nparse,2020-02-19
387705,371572,1,gdl_jrs_msg_nparse,2020-02-23
3017965,2120519,3,gdl_jrs_msg_nparse,2020-02-23
12905386,9813224,4,gdl_jrs_msg_nparse,2020-02-23
3616968,2729784,2,gdl_jrs_msg_nparse,2020-02-23
38077951,25124290,0,gdl_jrs_msg_nparse,2020-02-23
508258,466682,1,gdl_jrs_msg_nparse,2020-02-20
3347168,2341930,3,gdl_jrs_msg_nparse,2020-02-20
10363923,7384030,4,gdl_jrs_msg_nparse,2020-02-20
5537948,4083743,2,gdl_jrs_msg_nparse,2020-02-20
57208095,39247405,0,gdl_jrs_msg_nparse,2020-02-20
1599277,1565767,1,gdl_jrs_msg_nparse,2020-02-24
3487532,2453701,3,gdl_jrs_msg_nparse,2020-02-24
9238592,6217502,4,gdl_jrs_msg_nparse,2020-02-24
4132037,3103646,2,gdl_jrs_msg_nparse,2020-02-24
49026726,33966119,0,gdl_jrs_msg_nparse,2020-02-24
502122,479508,1,gdl_jrs_msg_nparse,2020-02-21
3359959,2386423,3,gdl_jrs_msg_nparse,2020-02-21
9766941,6486891,4,gdl_jrs_msg_nparse,2020-02-21
7201953,5132778,2,gdl_jrs_msg_nparse,2020-02-21
67124113,45494782,0,gdl_jrs_msg_nparse,2020-02-21
965036,935656,1,gdl_jrs_msg_nparse,2020-02-25
3613308,2565370,3,gdl_jrs_msg_nparse,2020-02-25
20989408,17161423,4,gdl_jrs_msg_nparse,2020-02-25
4279235,3148968,2,gdl_jrs_msg_nparse,2020-02-25
58244198,41239252,0,gdl_jrs_msg_nparse,2020-02-25
483910,457373,1,gdl_jrs_msg_nparse,2020-02-22
3018224,2149702,3,gdl_jrs_msg_nparse,2020-02-22
8612668,5658588,4,gdl_jrs_msg_nparse,2020-02-22
4148868,2949457,2,gdl_jrs_msg_nparse,2020-02-22
42760418,28612884,0,gdl_jrs_msg_nparse,2020-02-22
385930,359646,1,gdl_jrs_msg_nparse,2020-02-26
4411671,3058439,3,gdl_jrs_msg_nparse,2020-02-26
11431207,8019312,4,gdl_jrs_msg_nparse,2020-02-26
4625119,3452912,2,gdl_jrs_msg_nparse,2020-02-26
58319584,41044806,0,gdl_jrs_msg_nparse,2020-02-26
387705,371572,1,gdl_jrs_msg_nparse,2020-02-23
3017965,2120519,3,gdl_jrs_msg_nparse,2020-02-23
12905386,9813224,4,gdl_jrs_msg_nparse,2020-02-23
3616968,2729784,2,gdl_jrs_msg_nparse,2020-02-23
38077951,25124290,0,gdl_jrs_msg_nparse,2020-02-23
881784,855641,1,gdl_jrs_msg_nparse,2020-02-27
3703031,2568870,3,gdl_jrs_msg_nparse,2020-02-27
13544921,9580409,4,gdl_jrs_msg_nparse,2020-02-27
3657326,2632842,2,gdl_jrs_msg_nparse,2020-02-27
61229812,42283239,0,gdl_jrs_msg_nparse,2020-02-27
1599277,1565767,1,gdl_jrs_msg_nparse,2020-02-24
3487532,2453701,3,gdl_jrs_msg_nparse,2020-02-24
9238592,6217502,4,gdl_jrs_msg_nparse,2020-02-24
4132037,3103646,2,gdl_jrs_msg_nparse,2020-02-24
49026726,33966119,0,gdl_jrs_msg_nparse,2020-02-24
648236,598586,1,gdl_jrs_msg_nparse,2020-02-28
3804307,2616595,3,gdl_jrs_msg_nparse,2020-02-28
13457776,9211356,4,gdl_jrs_msg_nparse,2020-02-28
4249568,3073282,2,gdl_jrs_msg_nparse,2020-02-28
64819096,43724132,0,gdl_jrs_msg_nparse,2020-02-28
965036,935656,1,gdl_jrs_msg_nparse,2020-02-25
3613308,2565370,3,gdl_jrs_msg_nparse,2020-02-25
20989408,17161423,4,gdl_jrs_msg_nparse,2020-02-25
4279235,3148968,2,gdl_jrs_msg_nparse,2020-02-25
58244198,41239252,0,gdl_jrs_msg_nparse,2020-02-25
573751,545866,1,gdl_jrs_msg_parse,2020-02-29
3357595,2309662,3,gdl_jrs_msg_parse,2020-02-29
8126208,4759305,4,gdl_jrs_msg_parse,2020-02-29
3284727,2564914,2,gdl_jrs_msg_parse,2020-02-29
54066613,36964898,0,gdl_jrs_msg_parse,2020-02-29
385930,359646,1,gdl_jrs_msg_parse,2020-02-26
4411671,3058439,3,gdl_jrs_msg_parse,2020-02-26
11431207,8019312,4,gdl_jrs_msg_parse,2020-02-26
4625119,3452912,2,gdl_jrs_msg_parse,2020-02-26
58319584,41044806,0,gdl_jrs_msg_parse,2020-02-26
881784,855641,1,gdl_jrs_msg_parse,2020-02-27
3703031,2568870,3,gdl_jrs_msg_parse,2020-02-27
13544921,9580409,4,gdl_jrs_msg_parse,2020-02-27
3657326,2632842,2,gdl_jrs_msg_parse,2020-02-27
61229812,42283239,0,gdl_jrs_msg_parse,2020-02-27
439066,418730,1,gdl_jrs_msg_parse,2020-03-01
3943564,2772128,3,gdl_jrs_msg_parse,2020-03-01
10379542,6790606,4,gdl_jrs_msg_parse,2020-03-01
4084136,2928397,2,gdl_jrs_msg_parse,2020-03-01
47145284,30506272,0,gdl_jrs_msg_parse,2020-03-01
648236,598586,1,gdl_jrs_msg_parse,2020-02-28
3804307,2616595,3,gdl_jrs_msg_parse,2020-02-28
13457776,9211356,4,gdl_jrs_msg_parse,2020-02-28
4249568,3073282,2,gdl_jrs_msg_parse,2020-02-28
64819096,43724132,0,gdl_jrs_msg_parse,2020-02-28
573751,545866,1,gdl_jrs_msg_parse,2020-02-29
3357595,2309662,3,gdl_jrs_msg_parse,2020-02-29
8126208,4759305,4,gdl_jrs_msg_parse,2020-02-29
3284727,2564914,2,gdl_jrs_msg_parse,2020-02-29
54066613,36964898,0,gdl_jrs_msg_parse,2020-02-29
439066,418730,1,gdl_jrs_msg_parse,2020-03-01
3943564,2772128,3,gdl_jrs_msg_parse,2020-03-01
10379542,6790606,4,gdl_jrs_msg_parse,2020-03-01
4084136,2928397,2,gdl_jrs_msg_parse,2020-03-01
47145284,30506272,0,gdl_jrs_msg_parse,2020-03-01
536416,508466,1,gdl_jrs_msg_parse,2020-03-02
4218258,2939046,3,gdl_jrs_msg_parse,2020-03-02
13327551,9489870,4,gdl_jrs_msg_parse,2020-03-02
4014977,2927875,2,gdl_jrs_msg_parse,2020-03-02
63835869,42916969,0,gdl_jrs_msg_parse,2020-03-02
2387555,2214694,1,gdl_jrs_msg_parse,2020-03-03
4152493,2833929,3,gdl_jrs_msg_parse,2020-03-03
14427928,10818022,4,gdl_jrs_msg_parse,2020-03-03
4773427,3647925,2,gdl_jrs_msg_parse,2020-03-03
68800340,48878847,0,gdl_jrs_msg_parse,2020-03-03
719727,685043,1,gdl_jrs_msg_parse,2020-03-04
4259159,2888181,3,gdl_jrs_msg_parse,2020-03-04
17880149,13639880,4,gdl_jrs_msg_parse,2020-03-04
4320781,3215829,2,gdl_jrs_msg_parse,2020-03-04
68796169,47393987,0,gdl_jrs_msg_parse,2020-03-04
505791,478760,1,gdl_jrs_msg_parse,2020-03-05
3821486,2614933,3,gdl_jrs_msg_parse,2020-03-05
14929214,10796356,4,gdl_jrs_msg_parse,2020-03-05
4286371,3086582,2,gdl_jrs_msg_parse,2020-03-05
78128725,55204696,0,gdl_jrs_msg_parse,2020-03-05
539992,510341,1,gdl_jrs_msg_parse,2020-03-06
4277055,2921380,3,gdl_jrs_msg_parse,2020-03-06
14184876,10167033,4,gdl_jrs_msg_parse,2020-03-06
3805755,2777802,2,gdl_jrs_msg_parse,2020-03-06
65720845,45912750,0,gdl_jrs_msg_parse,2020-03-06
324324,309406,1,gdl_jrs_msg_parse,2020-03-07
3871889,2639796,3,gdl_jrs_msg_parse,2020-03-07
14061040,9926798,4,gdl_jrs_msg_parse,2020-03-07
3343184,2397523,2,gdl_jrs_msg_parse,2020-03-07
62033799,44612365,0,gdl_jrs_msg_parse,2020-03-07
183580,170516,1,gdl_jrs_msg_parse,2020-03-08
3485541,2325237,3,gdl_jrs_msg_parse,2020-03-08
13049551,9127042,4,gdl_jrs_msg_parse,2020-03-08
2944632,2036138,2,gdl_jrs_msg_parse,2020-03-08
52425760,35883232,0,gdl_jrs_msg_parse,2020-03-08
723540,694981,1,gdl_jrs_msg_parse,2020-03-09
4694537,3442316,3,gdl_jrs_msg_parse,2020-03-09
13783080,9800680,4,gdl_jrs_msg_parse,2020-03-09
3856194,2740959,2,gdl_jrs_msg_parse,2020-03-09
101249203,81310209,0,gdl_jrs_msg_parse,2020-03-09
911064,875043,1,gdl_jrs_msg_parse,2020-03-10
4053787,2754257,3,gdl_jrs_msg_parse,2020-03-10
12924306,8976862,4,gdl_jrs_msg_parse,2020-03-10
4443646,3205020,2,gdl_jrs_msg_parse,2020-03-10
65814354,46204545,0,gdl_jrs_msg_parse,2020-03-10
966547,888311,1,gdl_jrs_msg_parse,2020-03-11
4343237,3012865,3,gdl_jrs_msg_parse,2020-03-11
13889220,9871829,4,gdl_jrs_msg_parse,2020-03-11
4047733,3204568,2,gdl_jrs_msg_parse,2020-03-11
61160718,42561729,0,gdl_jrs_msg_parse,2020-03-11
803543,737063,1,gdl_jrs_msg_parse,2020-03-12
4411035,3130297,3,gdl_jrs_msg_parse,2020-03-12
13238250,9504449,4,gdl_jrs_msg_parse,2020-03-12
4251893,3140137,2,gdl_jrs_msg_parse,2020-03-12
63892521,45391524,0,gdl_jrs_msg_parse,2020-03-12
1940702,1878430,1,gdl_jrs_msg_parse,2020-03-13
3727697,2539456,3,gdl_jrs_msg_parse,2020-03-13
12953002,9221076,4,gdl_jrs_msg_parse,2020-03-13
4333491,3206133,2,gdl_jrs_msg_parse,2020-03-13
95852650,78625708,0,gdl_jrs_msg_parse,2020-03-13
302874,283689,1,gdl_jrs_msg_parse,2020-03-14
3411577,2363819,3,gdl_jrs_msg_parse,2020-03-14
12107685,8715019,4,gdl_jrs_msg_parse,2020-03-14
3992300,3001990,2,gdl_jrs_msg_parse,2020-03-14
55405278,41151209,0,gdl_jrs_msg_parse,2020-03-14
206168,191041,1,gdl_jrs_msg_parse,2020-03-15
3384341,2315935,3,gdl_jrs_msg_parse,2020-03-15
11778967,8276083,4,gdl_jrs_msg_parse,2020-03-15
4226034,2857831,2,gdl_jrs_msg_parse,2020-03-15
44366061,30999700,0,gdl_jrs_msg_parse,2020-03-15
564685,512969,1,gdl_jrs_msg_parse,2020-03-16
3990357,2767571,3,gdl_jrs_msg_parse,2020-03-16
12044019,8493655,4,gdl_jrs_msg_parse,2020-03-16
5069177,3725832,2,gdl_jrs_msg_parse,2020-03-16
92300406,73546662,0,gdl_jrs_msg_parse,2020-03-16
783362,725776,1,gdl_jrs_msg_parse,2020-03-17
4231117,3029092,3,gdl_jrs_msg_parse,2020-03-17
10361557,7159224,4,gdl_jrs_msg_parse,2020-03-17
5012755,3847079,2,gdl_jrs_msg_parse,2020-03-17
61213095,43403413,0,gdl_jrs_msg_parse,2020-03-17
1282673,1220832,1,gdl_jrs_msg_parse,2020-03-18
4068143,2910313,3,gdl_jrs_msg_parse,2020-03-18
10184171,6889005,4,gdl_jrs_msg_parse,2020-03-18
6946896,5073797,2,gdl_jrs_msg_parse,2020-03-18
72550373,52968022,0,gdl_jrs_msg_parse,2020-03-18
708982,674266,1,gdl_jrs_msg_parse,2020-03-19
3423643,2324091,3,gdl_jrs_msg_parse,2020-03-19
10744433,7071367,4,gdl_jrs_msg_parse,2020-03-19
4261772,3210454,2,gdl_jrs_msg_parse,2020-03-19
56246824,40658114,0,gdl_jrs_msg_parse,2020-03-19
608588,574507,1,gdl_jrs_msg_parse,2020-03-20
3827067,2671312,3,gdl_jrs_msg_parse,2020-03-20
11936013,8655751,4,gdl_jrs_msg_parse,2020-03-20
4920980,3502754,2,gdl_jrs_msg_parse,2020-03-20
101364033,83813494,0,gdl_jrs_msg_parse,2020-03-20
556602,538165,1,gdl_jrs_msg_parse,2020-03-21
3241747,2236888,3,gdl_jrs_msg_parse,2020-03-21
10448347,7683100,4,gdl_jrs_msg_parse,2020-03-21
6112461,4279543,2,gdl_jrs_msg_parse,2020-03-21
56631127,38342081,0,gdl_jrs_msg_parse,2020-03-21
336195,303375,1,gdl_jrs_msg_parse,2020-03-22
2814938,1922982,3,gdl_jrs_msg_parse,2020-03-22
8994964,5795019,4,gdl_jrs_msg_parse,2020-03-22
4568375,2815489,2,gdl_jrs_msg_parse,2020-03-22
41884567,30080665,0,gdl_jrs_msg_parse,2020-03-22
1884856,1853041,1,gdl_jrs_msg_parse,2020-03-23
3471856,2433520,3,gdl_jrs_msg_parse,2020-03-23
10851778,7827279,4,gdl_jrs_msg_parse,2020-03-23
3761821,2787488,2,gdl_jrs_msg_parse,2020-03-23
60414504,45989205,0,gdl_jrs_msg_parse,2020-03-23
597983,564255,1,gdl_jrs_msg_parse,2020-03-24
4532919,3371501,3,gdl_jrs_msg_parse,2020-03-24
12280188,9184205,4,gdl_jrs_msg_parse,2020-03-24
3535878,2515618,2,gdl_jrs_msg_parse,2020-03-24
60461710,44861343,0,gdl_jrs_msg_parse,2020-03-24
776099,750006,1,gdl_jrs_msg_parse,2020-03-25
3512088,2488404,3,gdl_jrs_msg_parse,2020-03-25
14153086,11605868,4,gdl_jrs_msg_parse,2020-03-25
4206800,3128177,2,gdl_jrs_msg_parse,2020-03-25
50708305,36901045,0,gdl_jrs_msg_parse,2020-03-25
932019,884591,1,gdl_jrs_msg_parse,2020-03-26
4074726,2793790,3,gdl_jrs_msg_parse,2020-03-26
15633181,12496001,4,gdl_jrs_msg_parse,2020-03-26
4089371,2900312,2,gdl_jrs_msg_parse,2020-03-26
92411030,75398952,0,gdl_jrs_msg_parse,2020-03-26
1494960,1456143,1,gdl_jrs_msg_parse,2020-03-27
3697915,2563353,3,gdl_jrs_msg_parse,2020-03-27
15382223,12524986,4,gdl_jrs_msg_parse,2020-03-27
4009990,2892436,2,gdl_jrs_msg_parse,2020-03-27
89125473,74059760,0,gdl_jrs_msg_parse,2020-03-27
522654,505687,1,gdl_jrs_msg_parse,2020-03-28
3626379,2529500,3,gdl_jrs_msg_parse,2020-03-28
13643299,10461802,4,gdl_jrs_msg_parse,2020-03-28
2903613,1937518,2,gdl_jrs_msg_parse,2020-03-28
42454657,29603825,0,gdl_jrs_msg_parse,2020-03-28
270236,255908,1,gdl_jrs_msg_parse,2020-03-29
3219284,2210935,3,gdl_jrs_msg_parse,2020-03-29
9591910,7661647,4,gdl_jrs_msg_parse,2020-03-29
2512638,1836699,2,gdl_jrs_msg_parse,2020-03-29
37991873,26901110,0,gdl_jrs_msg_parse,2020-03-29
759460,724742,1,gdl_jrs_msg_parse,2020-03-30
3426498,2355553,3,gdl_jrs_msg_parse,2020-03-30
9972319,7985455,4,gdl_jrs_msg_parse,2020-03-30
3316674,2474179,2,gdl_jrs_msg_parse,2020-03-30
94765636,79766968,0,gdl_jrs_msg_parse,2020-03-30
533256,509641,1,gdl_jrs_msg_parse,2020-03-31
3147300,2201239,3,gdl_jrs_msg_parse,2020-03-31
10515097,8262466,4,gdl_jrs_msg_parse,2020-03-31
3054385,2329114,2,gdl_jrs_msg_parse,2020-03-31
46455079,33144009,0,gdl_jrs_msg_parse,2020-03-31
1237513,1198741,1,gdl_jrs_msg_parse,2020-04-01
4134489,2891309,3,gdl_jrs_msg_parse,2020-04-01
12687982,9777317,4,gdl_jrs_msg_parse,2020-04-01
4106405,2895814,2,gdl_jrs_msg_parse,2020-04-01
62179942,44940719,0,gdl_jrs_msg_parse,2020-04-01
552593,527894,1,gdl_jrs_msg_parse,2020-04-02
4891543,3543547,3,gdl_jrs_msg_parse,2020-04-02
12782351,9872626,4,gdl_jrs_msg_parse,2020-04-02
3994395,2928203,2,gdl_jrs_msg_parse,2020-04-02
48108644,32552406,0,gdl_jrs_msg_parse,2020-04-02
462430,435242,1,gdl_jrs_msg_parse,2020-04-03
3706202,2597944,3,gdl_jrs_msg_parse,2020-04-03
12417452,9340938,4,gdl_jrs_msg_parse,2020-04-03
3556447,2533251,2,gdl_jrs_msg_parse,2020-04-03
54050832,38178026,0,gdl_jrs_msg_parse,2020-04-03
193370,180463,1,gdl_jrs_msg_parse,2020-04-04
3432925,2394548,3,gdl_jrs_msg_parse,2020-04-04
11269489,8566963,4,gdl_jrs_msg_parse,2020-04-04
2601474,1783806,2,gdl_jrs_msg_parse,2020-04-04
30748723,19211979,0,gdl_jrs_msg_parse,2020-04-04
162539,151590,1,gdl_jrs_msg_parse,2020-04-05
3136185,2211035,3,gdl_jrs_msg_parse,2020-04-05
9993707,7498277,4,gdl_jrs_msg_parse,2020-04-05
2788712,1892117,2,gdl_jrs_msg_parse,2020-04-05
42762515,29744877,0,gdl_jrs_msg_parse,2020-04-05
261765,248721,1,gdl_jrs_msg_parse,2020-04-06
3735271,2570048,3,gdl_jrs_msg_parse,2020-04-06
10654230,7847213,4,gdl_jrs_msg_parse,2020-04-06
2776084,1958360,2,gdl_jrs_msg_parse,2020-04-06
77471729,63524278,0,gdl_jrs_msg_parse,2020-04-06
680568,653685,1,gdl_jrs_msg_parse,2020-04-07
4078384,2803607,3,gdl_jrs_msg_parse,2020-04-07
12012999,9056065,4,gdl_jrs_msg_parse,2020-04-07
3448465,2448860,2,gdl_jrs_msg_parse,2020-04-07
52589518,37212730,0,gdl_jrs_msg_parse,2020-04-07
539536,516247,1,gdl_jrs_msg_parse,2020-04-08
4412295,3091968,3,gdl_jrs_msg_parse,2020-04-08
11957797,9174941,4,gdl_jrs_msg_parse,2020-04-08
3723012,2712572,2,gdl_jrs_msg_parse,2020-04-08
52689908,37821773,0,gdl_jrs_msg_parse,2020-04-08
704313,678146,1,gdl_jrs_msg_parse,2020-04-09
4047519,2828059,3,gdl_jrs_msg_parse,2020-04-09
11595254,8800215,4,gdl_jrs_msg_parse,2020-04-09
3745356,2707946,2,gdl_jrs_msg_parse,2020-04-09
56230486,40069648,0,gdl_jrs_msg_parse,2020-04-09
650029,609045,1,gdl_jrs_msg_parse,2020-04-10
4132899,2858850,3,gdl_jrs_msg_parse,2020-04-10
12228107,9276010,4,gdl_jrs_msg_parse,2020-04-10
4128224,2958890,2,gdl_jrs_msg_parse,2020-04-10
91863159,74717300,0,gdl_jrs_msg_parse,2020-04-10
160473,151384,1,gdl_jrs_msg_parse,2020-04-11
3339498,2401253,3,gdl_jrs_msg_parse,2020-04-11
14980073,12945795,4,gdl_jrs_msg_parse,2020-04-11
2596122,1895601,2,gdl_jrs_msg_parse,2020-04-11
35733785,24827250,0,gdl_jrs_msg_parse,2020-04-11
187109,174439,1,gdl_jrs_msg_parse,2020-04-12
3914036,2765235,3,gdl_jrs_msg_parse,2020-04-12
10652792,8090171,4,gdl_jrs_msg_parse,2020-04-12
3065794,2150795,2,gdl_jrs_msg_parse,2020-04-12
40460479,28357174,0,gdl_jrs_msg_parse,2020-04-12
962522,901154,1,gdl_jrs_msg_parse,2020-04-13
4082532,2807032,3,gdl_jrs_msg_parse,2020-04-13
12805612,9983941,4,gdl_jrs_msg_parse,2020-04-13
4467141,3283150,2,gdl_jrs_msg_parse,2020-04-13
98227851,80634265,0,gdl_jrs_msg_parse,2020-04-13
641660,574187,1,gdl_jrs_msg_parse,2020-04-14
3547272,2409197,3,gdl_jrs_msg_parse,2020-04-14
10307421,7801293,4,gdl_jrs_msg_parse,2020-04-14
4306435,3226291,2,gdl_jrs_msg_parse,2020-04-14
55311150,39790632,0,gdl_jrs_msg_parse,2020-04-14
611817,591742,1,gdl_jrs_msg_parse,2020-04-15
3612960,2528164,3,gdl_jrs_msg_parse,2020-04-15
10607852,8416044,4,gdl_jrs_msg_parse,2020-04-15
3719980,2704933,2,gdl_jrs_msg_parse,2020-04-15
49758844,37665312,0,gdl_jrs_msg_parse,2020-04-15
1222627,1172271,1,gdl_jrs_msg_parse,2020-04-16
4523410,3005704,3,gdl_jrs_msg_parse,2020-04-16
12717766,9565368,4,gdl_jrs_msg_parse,2020-04-16
5799275,4232506,2,gdl_jrs_msg_parse,2020-04-16
62115799,44320766,0,gdl_jrs_msg_parse,2020-04-16
754881,682319,1,gdl_jrs_msg_parse,2020-04-17
4201743,2929653,3,gdl_jrs_msg_parse,2020-04-17
12813188,9860980,4,gdl_jrs_msg_parse,2020-04-17
5394511,4116194,2,gdl_jrs_msg_parse,2020-04-17
97685093,80113114,0,gdl_jrs_msg_parse,2020-04-17
259031,231921,1,gdl_jrs_msg_parse,2020-04-18
3360073,2288895,3,gdl_jrs_msg_parse,2020-04-18
11501017,8558258,4,gdl_jrs_msg_parse,2020-04-18
6248815,4564329,2,gdl_jrs_msg_parse,2020-04-18
52753417,36926474,0,gdl_jrs_msg_parse,2020-04-18
253437,231404,1,gdl_jrs_msg_parse,2020-04-19
3050341,2011112,3,gdl_jrs_msg_parse,2020-04-19
8407526,5992726,4,gdl_jrs_msg_parse,2020-04-19
4110499,3098236,2,gdl_jrs_msg_parse,2020-04-19
42027031,28942629,0,gdl_jrs_msg_parse,2020-04-19
592967,558592,1,gdl_jrs_msg_parse,2020-04-20
3705029,2418383,3,gdl_jrs_msg_parse,2020-04-20
10605435,7657729,4,gdl_jrs_msg_parse,2020-04-20
6211699,4620072,2,gdl_jrs_msg_parse,2020-04-20
104675148,84189977,0,gdl_jrs_msg_parse,2020-04-20
1048756,1000401,1,gdl_jrs_msg_parse,2020-04-21
3549368,2368872,3,gdl_jrs_msg_parse,2020-04-21
14383755,11230983,4,gdl_jrs_msg_parse,2020-04-21
7114337,4841145,2,gdl_jrs_msg_parse,2020-04-21
66272153,48017305,0,gdl_jrs_msg_parse,2020-04-21
728160,688211,1,gdl_jrs_msg_parse,2020-04-22
3679752,2413776,3,gdl_jrs_msg_parse,2020-04-22
12363529,9718954,4,gdl_jrs_msg_parse,2020-04-22
4400335,3086898,2,gdl_jrs_msg_parse,2020-04-22
64331888,48287116,0,gdl_jrs_msg_parse,2020-04-22
844700,812734,1,gdl_jrs_msg_parse,2020-04-23
3409167,2249572,3,gdl_jrs_msg_parse,2020-04-23
11717482,9170623,4,gdl_jrs_msg_parse,2020-04-23
3841016,2752755,2,gdl_jrs_msg_parse,2020-04-23
94886230,77824443,0,gdl_jrs_msg_parse,2020-04-23
1574767,1521991,1,gdl_jrs_msg_parse,2020-04-24
3308640,2148571,3,gdl_jrs_msg_parse,2020-04-24
12280091,9535518,4,gdl_jrs_msg_parse,2020-04-24
3756554,2708218,2,gdl_jrs_msg_parse,2020-04-24
55653887,41291150,0,gdl_jrs_msg_parse,2020-04-24
385846,368800,1,gdl_jrs_msg_parse,2020-04-25
3235209,2170288,3,gdl_jrs_msg_parse,2020-04-25
12469119,9800080,4,gdl_jrs_msg_parse,2020-04-25
3315178,2286198,2,gdl_jrs_msg_parse,2020-04-25
41848217,29748343,0,gdl_jrs_msg_parse,2020-04-25
385846,368800,1,gdl_jrs_msg_parse,2020-04-25
3235209,2170288,3,gdl_jrs_msg_parse,2020-04-25
12469119,9800080,4,gdl_jrs_msg_parse,2020-04-25
3315178,2286198,2,gdl_jrs_msg_parse,2020-04-25
41848217,29748343,0,gdl_jrs_msg_parse,2020-04-25
1060520,1021286,1,gdl_jrs_msg_parse,2020-04-27
3574790,2405268,3,gdl_jrs_msg_parse,2020-04-27
11765181,9010822,4,gdl_jrs_msg_parse,2020-04-27
3505935,2382553,2,gdl_jrs_msg_parse,2020-04-27
88245433,73090742,0,gdl_jrs_msg_parse,2020-04-27
638861,611113,1,gdl_jrs_msg_parse,2020-04-26
3390246,2309992,3,gdl_jrs_msg_parse,2020-04-26
15673142,13042328,4,gdl_jrs_msg_parse,2020-04-26
4037319,2856838,2,gdl_jrs_msg_parse,2020-04-26
52009891,37770720,0,gdl_jrs_msg_parse,2020-04-26
590985,557846,1,gdl_jrs_msg_parse,2020-04-28
3999343,2704054,3,gdl_jrs_msg_parse,2020-04-28
11718409,8873507,4,gdl_jrs_msg_parse,2020-04-28
4921652,3756027,2,gdl_jrs_msg_parse,2020-04-28
57182988,41274232,0,gdl_jrs_msg_parse,2020-04-28
1060520,1021286,1,gdl_jrs_msg_parse,2020-04-27
3574790,2405268,3,gdl_jrs_msg_parse,2020-04-27
11765181,9010822,4,gdl_jrs_msg_parse,2020-04-27
3505935,2382553,2,gdl_jrs_msg_parse,2020-04-27
88245433,73090742,0,gdl_jrs_msg_parse,2020-04-27
645500,602497,1,gdl_jrs_msg_parse,2020-04-29
3381552,2350682,3,gdl_jrs_msg_parse,2020-04-29
9648100,7438614,4,gdl_jrs_msg_parse,2020-04-29
3026428,2218644,2,gdl_jrs_msg_parse,2020-04-29
62881728,47326609,0,gdl_jrs_msg_parse,2020-04-29
590985,557846,1,gdl_jrs_msg_parse,2020-04-28
3999343,2704054,3,gdl_jrs_msg_parse,2020-04-28
11718409,8873507,4,gdl_jrs_msg_parse,2020-04-28
4921652,3756027,2,gdl_jrs_msg_parse,2020-04-28
57182988,41274232,0,gdl_jrs_msg_parse,2020-04-28
486933,438715,1,gdl_jrs_msg_parse,2020-04-30
3091627,2076298,3,gdl_jrs_msg_parse,2020-04-30
7535670,5330764,4,gdl_jrs_msg_parse,2020-04-30
4093082,3203543,2,gdl_jrs_msg_parse,2020-04-30
84613969,64708592,0,gdl_jrs_msg_parse,2020-04-30
645500,602497,1,gdl_jrs_msg_parse,2020-04-29
3381552,2350682,3,gdl_jrs_msg_parse,2020-04-29
9648100,7438614,4,gdl_jrs_msg_parse,2020-04-29
3026428,2218644,2,gdl_jrs_msg_parse,2020-04-29
62881728,47326609,0,gdl_jrs_msg_parse,2020-04-29
198056,184158,1,gdl_jrs_msg_parse,2020-05-01
3215456,2291486,3,gdl_jrs_msg_parse,2020-05-01
7399565,5295889,4,gdl_jrs_msg_parse,2020-05-01
2960614,2178503,2,gdl_jrs_msg_parse,2020-05-01
38488172,27375468,0,gdl_jrs_msg_parse,2020-05-01
486933,438715,1,gdl_jrs_msg_parse,2020-04-30
3091627,2076298,3,gdl_jrs_msg_parse,2020-04-30
7535670,5330764,4,gdl_jrs_msg_parse,2020-04-30
4093082,3203543,2,gdl_jrs_msg_parse,2020-04-30
84613969,64708592,0,gdl_jrs_msg_parse,2020-04-30
198056,184158,1,gdl_jrs_msg_parse,2020-05-01
3215456,2291486,3,gdl_jrs_msg_parse,2020-05-01
7399565,5295889,4,gdl_jrs_msg_parse,2020-05-01
2960614,2178503,2,gdl_jrs_msg_parse,2020-05-01
38488172,27375468,0,gdl_jrs_msg_parse,2020-05-01
163887,148183,1,gdl_jrs_msg_parse,2020-05-02
3203613,2329235,3,gdl_jrs_msg_parse,2020-05-02
7068926,4991475,4,gdl_jrs_msg_parse,2020-05-02
2180974,1561633,2,gdl_jrs_msg_parse,2020-05-02
36970245,26480430,0,gdl_jrs_msg_parse,2020-05-02
163887,148183,1,gdl_jrs_msg_parse,2020-05-02
3203613,2329235,3,gdl_jrs_msg_parse,2020-05-02
7068926,4991475,4,gdl_jrs_msg_parse,2020-05-02
2180974,1561633,2,gdl_jrs_msg_parse,2020-05-02
36970245,26480430,0,gdl_jrs_msg_parse,2020-05-02
152875,142645,1,gdl_jrs_msg_parse,2020-05-03
2655798,1833337,3,gdl_jrs_msg_parse,2020-05-03
6283858,4371334,4,gdl_jrs_msg_parse,2020-05-03
2043113,1438499,2,gdl_jrs_msg_parse,2020-05-03
33863092,23607948,0,gdl_jrs_msg_parse,2020-05-03
152875,142645,1,gdl_jrs_msg_parse,2020-05-03
2655798,1833337,3,gdl_jrs_msg_parse,2020-05-03
6283858,4371334,4,gdl_jrs_msg_parse,2020-05-03
2043113,1438499,2,gdl_jrs_msg_parse,2020-05-03
33863092,23607948,0,gdl_jrs_msg_parse,2020-05-03
169103,156907,1,gdl_jrs_msg_parse,2020-05-04
2923406,2069115,3,gdl_jrs_msg_parse,2020-05-04
7990560,5979344,4,gdl_jrs_msg_parse,2020-05-04
2038714,1432396,2,gdl_jrs_msg_parse,2020-05-04
35798968,24600506,0,gdl_jrs_msg_parse,2020-05-04
169103,156907,1,gdl_jrs_msg_parse,2020-05-04
2923406,2069115,3,gdl_jrs_msg_parse,2020-05-04
7990560,5979344,4,gdl_jrs_msg_parse,2020-05-04
2038714,1432396,2,gdl_jrs_msg_parse,2020-05-04
35798968,24600506,0,gdl_jrs_msg_parse,2020-05-04
157592,145943,1,gdl_jrs_msg_parse,2020-05-05
2992348,2157741,3,gdl_jrs_msg_parse,2020-05-05
6178647,4285847,4,gdl_jrs_msg_parse,2020-05-05
2221170,1569890,2,gdl_jrs_msg_parse,2020-05-05
33277800,22714784,0,gdl_jrs_msg_parse,2020-05-05
157592,145943,1,gdl_jrs_msg_parse,2020-05-05
2992348,2157741,3,gdl_jrs_msg_parse,2020-05-05
6178647,4285847,4,gdl_jrs_msg_parse,2020-05-05
2221170,1569890,2,gdl_jrs_msg_parse,2020-05-05
33277800,22714784,0,gdl_jrs_msg_parse,2020-05-05
942976,865358,1,gdl_jrs_msg_parse,2020-05-06
3156756,2281105,3,gdl_jrs_msg_parse,2020-05-06
7088889,5135565,4,gdl_jrs_msg_parse,2020-05-06
2345010,1730761,2,gdl_jrs_msg_parse,2020-05-06
39972009,28510290,0,gdl_jrs_msg_parse,2020-05-06
513024,480722,1,gdl_jrs_msg_parse,2020-05-07
2796699,2076068,3,gdl_jrs_msg_parse,2020-05-07
7666747,5898169,4,gdl_jrs_msg_parse,2020-05-07
2345978,1815169,2,gdl_jrs_msg_parse,2020-05-07
38094418,28388029,0,gdl_jrs_msg_parse,2020-05-07
368011,345340,1,gdl_jrs_msg_parse,2020-05-08
2539087,1856861,3,gdl_jrs_msg_parse,2020-05-08
7876594,6145758,4,gdl_jrs_msg_parse,2020-05-08
2277767,1770235,2,gdl_jrs_msg_parse,2020-05-08
32453627,24115758,0,gdl_jrs_msg_parse,2020-05-08
417616,392741,1,gdl_jrs_msg_parse,2020-05-09
2376350,1781704,3,gdl_jrs_msg_parse,2020-05-09
6425566,4895124,4,gdl_jrs_msg_parse,2020-05-09
2260558,1819331,2,gdl_jrs_msg_parse,2020-05-09
29143782,21815265,0,gdl_jrs_msg_parse,2020-05-09
141138,135026,1,gdl_jrs_msg_parse,2020-05-10
2650634,1907666,3,gdl_jrs_msg_parse,2020-05-10
6878806,5142890,4,gdl_jrs_msg_parse,2020-05-10
2269928,1627200,2,gdl_jrs_msg_parse,2020-05-10
28737013,20500178,0,gdl_jrs_msg_parse,2020-05-10
262462,249726,1,gdl_jrs_msg_parse,2020-05-11
3199500,2291620,3,gdl_jrs_msg_parse,2020-05-11
6845118,5208907,4,gdl_jrs_msg_parse,2020-05-11
2689731,2040207,2,gdl_jrs_msg_parse,2020-05-11
42108256,31465582,0,gdl_jrs_msg_parse,2020-05-11
495307,481415,1,gdl_jrs_msg_parse,2020-05-12
3863255,2936106,3,gdl_jrs_msg_parse,2020-05-12
8986216,7099361,4,gdl_jrs_msg_parse,2020-05-12
2826849,2165062,2,gdl_jrs_msg_parse,2020-05-12
43189110,32978395,0,gdl_jrs_msg_parse,2020-05-12
1439199,1238505,1,gdl_jrs_msg_parse,2020-05-13
3546885,2537962,3,gdl_jrs_msg_parse,2020-05-13
7476981,5876351,4,gdl_jrs_msg_parse,2020-05-13
2706808,2033783,2,gdl_jrs_msg_parse,2020-05-13
41925585,31703032,0,gdl_jrs_msg_parse,2020-05-13
500954,459308,1,gdl_jrs_msg_parse,2020-05-14
3706704,2800867,3,gdl_jrs_msg_parse,2020-05-14
8018799,6375224,4,gdl_jrs_msg_parse,2020-05-14
3391403,2663309,2,gdl_jrs_msg_parse,2020-05-14
44739562,34187490,0,gdl_jrs_msg_parse,2020-05-14
580049,562280,1,gdl_jrs_msg_parse,2020-05-15
3775024,2740839,3,gdl_jrs_msg_parse,2020-05-15
8149781,6445538,4,gdl_jrs_msg_parse,2020-05-15
4071428,3074182,2,gdl_jrs_msg_parse,2020-05-15
46069126,35212342,0,gdl_jrs_msg_parse,2020-05-15
131714,124456,1,gdl_jrs_msg_parse,2020-05-16
3317806,2339598,3,gdl_jrs_msg_parse,2020-05-16
7165384,5466806,4,gdl_jrs_msg_parse,2020-05-16
3580769,2571964,2,gdl_jrs_msg_parse,2020-05-16
37491316,27181893,0,gdl_jrs_msg_parse,2020-05-16
185314,170076,1,gdl_jrs_msg_parse,2020-05-17
3495207,2630591,3,gdl_jrs_msg_parse,2020-05-17
6823851,5154215,4,gdl_jrs_msg_parse,2020-05-17
3346184,2513848,2,gdl_jrs_msg_parse,2020-05-17
39786510,29566118,0,gdl_jrs_msg_parse,2020-05-17
706946,663992,1,gdl_jrs_msg_parse,2020-05-18
3968044,2863784,3,gdl_jrs_msg_parse,2020-05-18
9633615,7219247,4,gdl_jrs_msg_parse,2020-05-18
6932025,5029164,2,gdl_jrs_msg_parse,2020-05-18
72883951,54441151,0,gdl_jrs_msg_parse,2020-05-18
547495,518150,1,gdl_jrs_msg_parse,2020-05-19
4140694,3013572,3,gdl_jrs_msg_parse,2020-05-19
13991286,11294726,4,gdl_jrs_msg_parse,2020-05-19
4986838,3786423,2,gdl_jrs_msg_parse,2020-05-19
73744666,57719132,0,gdl_jrs_msg_parse,2020-05-19
1306930,1264356,1,gdl_jrs_msg_parse,2020-05-20
4446126,3091130,3,gdl_jrs_msg_parse,2020-05-20
10962091,8468633,4,gdl_jrs_msg_parse,2020-05-20
5876869,4264588,2,gdl_jrs_msg_parse,2020-05-20
63711277,46474093,0,gdl_jrs_msg_parse,2020-05-20
462216,441465,1,gdl_jrs_msg_parse,2020-05-21
3828726,2701457,3,gdl_jrs_msg_parse,2020-05-21
7452518,5212569,4,gdl_jrs_msg_parse,2020-05-21
7954070,5576998,2,gdl_jrs_msg_parse,2020-05-21
63397981,45926911,0,gdl_jrs_msg_parse,2020-05-21
1561046,1486116,1,gdl_jrs_msg_parse,2020-05-22
3582520,2483673,3,gdl_jrs_msg_parse,2020-05-22
9053293,6566203,4,gdl_jrs_msg_parse,2020-05-22
4724556,3407951,2,gdl_jrs_msg_parse,2020-05-22
61075932,45734543,0,gdl_jrs_msg_parse,2020-05-22
209790,197371,1,gdl_jrs_msg_parse,2020-05-23
3569179,2548622,3,gdl_jrs_msg_parse,2020-05-23
7471790,5289795,4,gdl_jrs_msg_parse,2020-05-23
2906961,1981782,2,gdl_jrs_msg_parse,2020-05-23
40837724,29418894,0,gdl_jrs_msg_parse,2020-05-23
942976,865358,1,gdl_jrs_msg_parse,2020-05-06
3156756,2281105,3,gdl_jrs_msg_parse,2020-05-06
7088889,5135565,4,gdl_jrs_msg_parse,2020-05-06
2345010,1730761,2,gdl_jrs_msg_parse,2020-05-06
39972009,28510290,0,gdl_jrs_msg_parse,2020-05-06
163929,155333,1,gdl_jrs_msg_parse,2020-05-24
3188232,2109380,3,gdl_jrs_msg_parse,2020-05-24
7719714,5611016,4,gdl_jrs_msg_parse,2020-05-24
2556612,1689091,2,gdl_jrs_msg_parse,2020-05-24
35926857,25988158,0,gdl_jrs_msg_parse,2020-05-24
513024,480722,1,gdl_jrs_msg_parse,2020-05-07
2796699,2076068,3,gdl_jrs_msg_parse,2020-05-07
7666747,5898169,4,gdl_jrs_msg_parse,2020-05-07
2345978,1815169,2,gdl_jrs_msg_parse,2020-05-07
38094418,28388029,0,gdl_jrs_msg_parse,2020-05-07
304164,284372,1,gdl_jrs_msg_parse,2020-05-25
3482132,2351103,3,gdl_jrs_msg_parse,2020-05-25
12967708,9853101,4,gdl_jrs_msg_parse,2020-05-25
4328153,3109653,2,gdl_jrs_msg_parse,2020-05-25
61259074,46376480,0,gdl_jrs_msg_parse,2020-05-25
368011,345340,1,gdl_jrs_msg_parse,2020-05-08
2539087,1856861,3,gdl_jrs_msg_parse,2020-05-08
7876594,6145758,4,gdl_jrs_msg_parse,2020-05-08
2277767,1770235,2,gdl_jrs_msg_parse,2020-05-08
32453627,24115758,0,gdl_jrs_msg_parse,2020-05-08
417616,392741,1,gdl_jrs_msg_parse,2020-05-09
2376350,1781704,3,gdl_jrs_msg_parse,2020-05-09
6425566,4895124,4,gdl_jrs_msg_parse,2020-05-09
2260558,1819331,2,gdl_jrs_msg_parse,2020-05-09
29143782,21815265,0,gdl_jrs_msg_parse,2020-05-09
507366,478200,1,gdl_jrs_msg_parse,2020-05-26
4134964,2960270,3,gdl_jrs_msg_parse,2020-05-26
8157388,5918185,4,gdl_jrs_msg_parse,2020-05-26
3868813,2701568,2,gdl_jrs_msg_parse,2020-05-26
54049446,39908921,0,gdl_jrs_msg_parse,2020-05-26
141138,135026,1,gdl_jrs_msg_parse,2020-05-10
2650634,1907666,3,gdl_jrs_msg_parse,2020-05-10
6878806,5142890,4,gdl_jrs_msg_parse,2020-05-10
2269928,1627200,2,gdl_jrs_msg_parse,2020-05-10
28737013,20500178,0,gdl_jrs_msg_parse,2020-05-10
1302351,1263755,1,gdl_jrs_msg_parse,2020-05-27
4101688,2882059,3,gdl_jrs_msg_parse,2020-05-27
7979737,5828668,4,gdl_jrs_msg_parse,2020-05-27
4284109,3121656,2,gdl_jrs_msg_parse,2020-05-27
58250474,44197512,0,gdl_jrs_msg_parse,2020-05-27
262462,249726,1,gdl_jrs_msg_parse,2020-05-11
3199500,2291620,3,gdl_jrs_msg_parse,2020-05-11
6845118,5208907,4,gdl_jrs_msg_parse,2020-05-11
2689731,2040207,2,gdl_jrs_msg_parse,2020-05-11
42108256,31465582,0,gdl_jrs_msg_parse,2020-05-11
1051575,1028045,1,gdl_jrs_msg_parse,2020-05-28
4013197,2919273,3,gdl_jrs_msg_parse,2020-05-28
9187568,6791909,4,gdl_jrs_msg_parse,2020-05-28
5337331,4026586,2,gdl_jrs_msg_parse,2020-05-28
50958770,37606917,0,gdl_jrs_msg_parse,2020-05-28
495307,481415,1,gdl_jrs_msg_parse,2020-05-12
3863255,2936106,3,gdl_jrs_msg_parse,2020-05-12
8986216,7099361,4,gdl_jrs_msg_parse,2020-05-12
2826849,2165062,2,gdl_jrs_msg_parse,2020-05-12
43189110,32978395,0,gdl_jrs_msg_parse,2020-05-12
1976655,1903659,1,gdl_jrs_msg_parse,2020-05-29
3631356,2638758,3,gdl_jrs_msg_parse,2020-05-29
6496244,4911967,4,gdl_jrs_msg_parse,2020-05-29
4566458,3737547,2,gdl_jrs_msg_parse,2020-05-29
58250729,45121477,0,gdl_jrs_msg_parse,2020-05-29
1439199,1238505,1,gdl_jrs_msg_parse,2020-05-13
3546885,2537962,3,gdl_jrs_msg_parse,2020-05-13
7476981,5876351,4,gdl_jrs_msg_parse,2020-05-13
2706808,2033783,2,gdl_jrs_msg_parse,2020-05-13
41925585,31703032,0,gdl_jrs_msg_parse,2020-05-13
454713,440256,1,gdl_jrs_msg_parse,2020-05-30
3352051,2526374,3,gdl_jrs_msg_parse,2020-05-30
4947490,3540591,4,gdl_jrs_msg_parse,2020-05-30
3650232,2959819,2,gdl_jrs_msg_parse,2020-05-30
40838442,31456619,0,gdl_jrs_msg_parse,2020-05-30
500954,459308,1,gdl_jrs_msg_parse,2020-05-14
3706704,2800867,3,gdl_jrs_msg_parse,2020-05-14
8018799,6375224,4,gdl_jrs_msg_parse,2020-05-14
3391403,2663309,2,gdl_jrs_msg_parse,2020-05-14
44739562,34187490,0,gdl_jrs_msg_parse,2020-05-14
178257,168853,1,gdl_jrs_msg_parse,2020-05-31
2922808,2120023,3,gdl_jrs_msg_parse,2020-05-31
4469499,2961799,4,gdl_jrs_msg_parse,2020-05-31
2436683,1749744,2,gdl_jrs_msg_parse,2020-05-31
48981267,37852313,0,gdl_jrs_msg_parse,2020-05-31
580049,562280,1,gdl_jrs_msg_parse,2020-05-15
3775024,2740839,3,gdl_jrs_msg_parse,2020-05-15
8149781,6445538,4,gdl_jrs_msg_parse,2020-05-15
4071428,3074182,2,gdl_jrs_msg_parse,2020-05-15
46069126,35212342,0,gdl_jrs_msg_parse,2020-05-15
659808,634236,1,gdl_jrs_msg_parse,2020-06-01
3408289,2531325,3,gdl_jrs_msg_parse,2020-06-01
7847266,5649253,4,gdl_jrs_msg_parse,2020-06-01
3989163,2837463,2,gdl_jrs_msg_parse,2020-06-01
68216299,51062438,0,gdl_jrs_msg_parse,2020-06-01
131714,124456,1,gdl_jrs_msg_parse,2020-05-16
3317806,2339598,3,gdl_jrs_msg_parse,2020-05-16
7165384,5466806,4,gdl_jrs_msg_parse,2020-05-16
3580769,2571964,2,gdl_jrs_msg_parse,2020-05-16
37491316,27181893,0,gdl_jrs_msg_parse,2020-05-16
443098,424125,1,gdl_jrs_msg_parse,2020-06-02
4003675,3017880,3,gdl_jrs_msg_parse,2020-06-02
10204222,7963690,4,gdl_jrs_msg_parse,2020-06-02
3796086,2813947,2,gdl_jrs_msg_parse,2020-06-02
49109472,36137293,0,gdl_jrs_msg_parse,2020-06-02
185314,170076,1,gdl_jrs_msg_parse,2020-05-17
3495207,2630591,3,gdl_jrs_msg_parse,2020-05-17
6823851,5154215,4,gdl_jrs_msg_parse,2020-05-17
3346184,2513848,2,gdl_jrs_msg_parse,2020-05-17
39786510,29566118,0,gdl_jrs_msg_parse,2020-05-17
889809,864410,1,gdl_jrs_msg_parse,2020-06-03
3613528,2601167,3,gdl_jrs_msg_parse,2020-06-03
14285165,11745175,4,gdl_jrs_msg_parse,2020-06-03
3936652,2853597,2,gdl_jrs_msg_parse,2020-06-03
57078538,43009886,0,gdl_jrs_msg_parse,2020-06-03
706946,663992,1,gdl_jrs_msg_parse,2020-05-18
3968044,2863784,3,gdl_jrs_msg_parse,2020-05-18
9633615,7219247,4,gdl_jrs_msg_parse,2020-05-18
6932025,5029164,2,gdl_jrs_msg_parse,2020-05-18
72883951,54441151,0,gdl_jrs_msg_parse,2020-05-18
743468,720850,1,gdl_jrs_msg_parse,2020-06-04
3637987,2759062,3,gdl_jrs_msg_parse,2020-06-04
9686031,7273478,4,gdl_jrs_msg_parse,2020-06-04
3394747,2612226,2,gdl_jrs_msg_parse,2020-06-04
50712039,37164426,0,gdl_jrs_msg_parse,2020-06-04
547495,518150,1,gdl_jrs_msg_parse,2020-05-19
4140694,3013572,3,gdl_jrs_msg_parse,2020-05-19
13991286,11294726,4,gdl_jrs_msg_parse,2020-05-19
4986838,3786423,2,gdl_jrs_msg_parse,2020-05-19
73744666,57719132,0,gdl_jrs_msg_parse,2020-05-19
1585072,1238476,1,gdl_jrs_msg_parse,2020-06-05
3867762,2958186,3,gdl_jrs_msg_parse,2020-06-05
9237892,6722353,4,gdl_jrs_msg_parse,2020-06-05
5802727,4724109,2,gdl_jrs_msg_parse,2020-06-05
54669593,41159620,0,gdl_jrs_msg_parse,2020-06-05
1306930,1264356,1,gdl_jrs_msg_parse,2020-05-20
4446126,3091130,3,gdl_jrs_msg_parse,2020-05-20
10962091,8468633,4,gdl_jrs_msg_parse,2020-05-20
5876869,4264588,2,gdl_jrs_msg_parse,2020-05-20
63711277,46474093,0,gdl_jrs_msg_parse,2020-05-20
200085,192017,1,gdl_jrs_msg_parse,2020-06-06
3950792,2931909,3,gdl_jrs_msg_parse,2020-06-06
8288775,6109551,4,gdl_jrs_msg_parse,2020-06-06
2725622,1992543,2,gdl_jrs_msg_parse,2020-06-06
40467732,28851666,0,gdl_jrs_msg_parse,2020-06-06
462216,441465,1,gdl_jrs_msg_parse,2020-05-21
3828726,2701457,3,gdl_jrs_msg_parse,2020-05-21
7452518,5212569,4,gdl_jrs_msg_parse,2020-05-21
7954070,5576998,2,gdl_jrs_msg_parse,2020-05-21
63397981,45926911,0,gdl_jrs_msg_parse,2020-05-21
208260,200541,1,gdl_jrs_msg_parse,2020-06-07
3441692,2421373,3,gdl_jrs_msg_parse,2020-06-07
7056904,4939319,4,gdl_jrs_msg_parse,2020-06-07
2689476,1917620,2,gdl_jrs_msg_parse,2020-06-07
38609018,28306493,0,gdl_jrs_msg_parse,2020-06-07
1561046,1486116,1,gdl_jrs_msg_parse,2020-05-22
3582520,2483673,3,gdl_jrs_msg_parse,2020-05-22
9053293,6566203,4,gdl_jrs_msg_parse,2020-05-22
4724556,3407951,2,gdl_jrs_msg_parse,2020-05-22
61075932,45734543,0,gdl_jrs_msg_parse,2020-05-22
880902,855779,1,gdl_jrs_msg_parse,2020-06-08
4259673,3168254,3,gdl_jrs_msg_parse,2020-06-08
9551085,6991543,4,gdl_jrs_msg_parse,2020-06-08
4334838,3387746,2,gdl_jrs_msg_parse,2020-06-08
50111037,36882849,0,gdl_jrs_msg_parse,2020-06-08
209790,197371,1,gdl_jrs_msg_parse,2020-05-23
3569179,2548622,3,gdl_jrs_msg_parse,2020-05-23
7471790,5289795,4,gdl_jrs_msg_parse,2020-05-23
2906961,1981782,2,gdl_jrs_msg_parse,2020-05-23
40837724,29418894,0,gdl_jrs_msg_parse,2020-05-23
163929,155333,1,gdl_jrs_msg_parse,2020-05-24
3188232,2109380,3,gdl_jrs_msg_parse,2020-05-24
7719714,5611016,4,gdl_jrs_msg_parse,2020-05-24
2556612,1689091,2,gdl_jrs_msg_parse,2020-05-24
35926857,25988158,0,gdl_jrs_msg_parse,2020-05-24
363824,347783,1,gdl_jrs_msg_parse,2020-06-09
4069517,3179948,3,gdl_jrs_msg_parse,2020-06-09
10788647,8451448,4,gdl_jrs_msg_parse,2020-06-09
3994950,3096285,2,gdl_jrs_msg_parse,2020-06-09
49838738,36671909,0,gdl_jrs_msg_parse,2020-06-09
304164,284372,1,gdl_jrs_msg_parse,2020-05-25
3482132,2351103,3,gdl_jrs_msg_parse,2020-05-25
12967708,9853101,4,gdl_jrs_msg_parse,2020-05-25
4328153,3109653,2,gdl_jrs_msg_parse,2020-05-25
61259074,46376480,0,gdl_jrs_msg_parse,2020-05-25
651532,627613,1,gdl_jrs_msg_parse,2020-06-10
4207535,3073393,3,gdl_jrs_msg_parse,2020-06-10
12457622,9908333,4,gdl_jrs_msg_parse,2020-06-10
5014322,3887460,2,gdl_jrs_msg_parse,2020-06-10
58663465,43308656,0,gdl_jrs_msg_parse,2020-06-10
507366,478200,1,gdl_jrs_msg_parse,2020-05-26
4134964,2960270,3,gdl_jrs_msg_parse,2020-05-26
8157388,5918185,4,gdl_jrs_msg_parse,2020-05-26
3868813,2701568,2,gdl_jrs_msg_parse,2020-05-26
54049446,39908921,0,gdl_jrs_msg_parse,2020-05-26
433786,410276,1,gdl_jrs_msg_parse,2020-06-11
3876903,2909239,3,gdl_jrs_msg_parse,2020-06-11
13362981,10647966,4,gdl_jrs_msg_parse,2020-06-11
6680106,5730562,2,gdl_jrs_msg_parse,2020-06-11
61722636,45642892,0,gdl_jrs_msg_parse,2020-06-11
1302351,1263755,1,gdl_jrs_msg_parse,2020-05-27
4101688,2882059,3,gdl_jrs_msg_parse,2020-05-27
7979737,5828668,4,gdl_jrs_msg_parse,2020-05-27
4284109,3121656,2,gdl_jrs_msg_parse,2020-05-27
58250474,44197512,0,gdl_jrs_msg_parse,2020-05-27
662892,636654,1,gdl_jrs_msg_parse,2020-06-12
4398600,3395679,3,gdl_jrs_msg_parse,2020-06-12
11073538,8709730,4,gdl_jrs_msg_parse,2020-06-12
4805126,3895602,2,gdl_jrs_msg_parse,2020-06-12
59684342,44755734,0,gdl_jrs_msg_parse,2020-06-12
1051575,1028045,1,gdl_jrs_msg_parse,2020-05-28
4013197,2919273,3,gdl_jrs_msg_parse,2020-05-28
9187568,6791909,4,gdl_jrs_msg_parse,2020-05-28
5337331,4026586,2,gdl_jrs_msg_parse,2020-05-28
50958770,37606917,0,gdl_jrs_msg_parse,2020-05-28
146857,135229,1,gdl_jrs_msg_parse,2020-06-13
3661812,2796677,3,gdl_jrs_msg_parse,2020-06-13
8522446,6467194,4,gdl_jrs_msg_parse,2020-06-13
3723239,2929806,2,gdl_jrs_msg_parse,2020-06-13
42819553,31879271,0,gdl_jrs_msg_parse,2020-06-13
1976655,1903659,1,gdl_jrs_msg_parse,2020-05-29
3631356,2638758,3,gdl_jrs_msg_parse,2020-05-29
6496244,4911967,4,gdl_jrs_msg_parse,2020-05-29
4566458,3737547,2,gdl_jrs_msg_parse,2020-05-29
58250729,45121477,0,gdl_jrs_msg_parse,2020-05-29
438358,429025,1,gdl_jrs_msg_parse,2020-06-14
3201976,2358430,3,gdl_jrs_msg_parse,2020-06-14
7245862,5220378,4,gdl_jrs_msg_parse,2020-06-14
4150422,3323342,2,gdl_jrs_msg_parse,2020-06-14
41743648,30498696,0,gdl_jrs_msg_parse,2020-06-14
454713,440256,1,gdl_jrs_msg_parse,2020-05-30
3352051,2526374,3,gdl_jrs_msg_parse,2020-05-30
4947490,3540591,4,gdl_jrs_msg_parse,2020-05-30
3650232,2959819,2,gdl_jrs_msg_parse,2020-05-30
40838442,31456619,0,gdl_jrs_msg_parse,2020-05-30
513504,487140,1,gdl_jrs_msg_parse,2020-06-15
5321642,3987291,3,gdl_jrs_msg_parse,2020-06-15
9807197,7192514,4,gdl_jrs_msg_parse,2020-06-15
6302359,4836760,2,gdl_jrs_msg_parse,2020-06-15
60349889,45767427,0,gdl_jrs_msg_parse,2020-06-15
178257,168853,1,gdl_jrs_msg_parse,2020-05-31
2922808,2120023,3,gdl_jrs_msg_parse,2020-05-31
4469499,2961799,4,gdl_jrs_msg_parse,2020-05-31
2436683,1749744,2,gdl_jrs_msg_parse,2020-05-31
48981267,37852313,0,gdl_jrs_msg_parse,2020-05-31
721380,698964,1,gdl_jrs_msg_parse,2020-06-16
3974562,2905393,3,gdl_jrs_msg_parse,2020-06-16
10766424,8330745,4,gdl_jrs_msg_parse,2020-06-16
6154073,4888395,2,gdl_jrs_msg_parse,2020-06-16
71240686,53960937,0,gdl_jrs_msg_parse,2020-06-16
659808,634236,1,gdl_jrs_msg_parse,2020-06-01
3408289,2531325,3,gdl_jrs_msg_parse,2020-06-01
7847266,5649253,4,gdl_jrs_msg_parse,2020-06-01
3989163,2837463,2,gdl_jrs_msg_parse,2020-06-01
68216299,51062438,0,gdl_jrs_msg_parse,2020-06-01
1094051,1037469,1,gdl_jrs_msg_parse,2020-06-17
4668669,3510051,3,gdl_jrs_msg_parse,2020-06-17
10948485,8450704,4,gdl_jrs_msg_parse,2020-06-17
10658527,9306249,2,gdl_jrs_msg_parse,2020-06-17
69449773,53360386,0,gdl_jrs_msg_parse,2020-06-17
443098,424125,1,gdl_jrs_msg_parse,2020-06-02
4003675,3017880,3,gdl_jrs_msg_parse,2020-06-02
10204222,7963690,4,gdl_jrs_msg_parse,2020-06-02
3796086,2813947,2,gdl_jrs_msg_parse,2020-06-02
49109472,36137293,0,gdl_jrs_msg_parse,2020-06-02
878738,839580,1,gdl_jrs_msg_parse,2020-06-18
3861097,2905300,3,gdl_jrs_msg_parse,2020-06-18
12151987,9481078,4,gdl_jrs_msg_parse,2020-06-18
13332082,11326301,2,gdl_jrs_msg_parse,2020-06-18
99190559,70611097,0,gdl_jrs_msg_parse,2020-06-18
889809,864410,1,gdl_jrs_msg_parse,2020-06-03
3613528,2601167,3,gdl_jrs_msg_parse,2020-06-03
14285165,11745175,4,gdl_jrs_msg_parse,2020-06-03
3936652,2853597,2,gdl_jrs_msg_parse,2020-06-03
57078538,43009886,0,gdl_jrs_msg_parse,2020-06-03
812908,772267,1,gdl_jrs_msg_parse,2020-06-19
3727712,2741272,3,gdl_jrs_msg_parse,2020-06-19
10347235,7883873,4,gdl_jrs_msg_parse,2020-06-19
11162569,9845015,2,gdl_jrs_msg_parse,2020-06-19
63954193,48410363,0,gdl_jrs_msg_parse,2020-06-19
743468,720850,1,gdl_jrs_msg_parse,2020-06-04
3637987,2759062,3,gdl_jrs_msg_parse,2020-06-04
9686031,7273478,4,gdl_jrs_msg_parse,2020-06-04
3394747,2612226,2,gdl_jrs_msg_parse,2020-06-04
50712039,37164426,0,gdl_jrs_msg_parse,2020-06-04
211566,196695,1,gdl_jrs_msg_parse,2020-06-20
4064944,3120040,3,gdl_jrs_msg_parse,2020-06-20
11062216,7407395,4,gdl_jrs_msg_parse,2020-06-20
9077806,7750781,2,gdl_jrs_msg_parse,2020-06-20
50445492,36503426,0,gdl_jrs_msg_parse,2020-06-20
1585072,1238476,1,gdl_jrs_msg_parse,2020-06-05
3867762,2958186,3,gdl_jrs_msg_parse,2020-06-05
9237892,6722353,4,gdl_jrs_msg_parse,2020-06-05
5802727,4724109,2,gdl_jrs_msg_parse,2020-06-05
54669593,41159620,0,gdl_jrs_msg_parse,2020-06-05
164299,156089,1,gdl_jrs_msg_parse,2020-06-21
3115664,2289146,3,gdl_jrs_msg_parse,2020-06-21
7678228,5586644,4,gdl_jrs_msg_parse,2020-06-21
7637556,5483630,2,gdl_jrs_msg_parse,2020-06-21
56760721,39248811,0,gdl_jrs_msg_parse,2020-06-21
200085,192017,1,gdl_jrs_msg_parse,2020-06-06
3950792,2931909,3,gdl_jrs_msg_parse,2020-06-06
8288775,6109551,4,gdl_jrs_msg_parse,2020-06-06
2725622,1992543,2,gdl_jrs_msg_parse,2020-06-06
40467732,28851666,0,gdl_jrs_msg_parse,2020-06-06
587070,551877,1,gdl_jrs_msg_parse,2020-06-22
3809893,2838320,3,gdl_jrs_msg_parse,2020-06-22
8667329,6389853,4,gdl_jrs_msg_parse,2020-06-22
13177962,10915099,2,gdl_jrs_msg_parse,2020-06-22
65844812,50203710,0,gdl_jrs_msg_parse,2020-06-22
208260,200541,1,gdl_jrs_msg_parse,2020-06-07
3441692,2421373,3,gdl_jrs_msg_parse,2020-06-07
7056904,4939319,4,gdl_jrs_msg_parse,2020-06-07
2689476,1917620,2,gdl_jrs_msg_parse,2020-06-07
38609018,28306493,0,gdl_jrs_msg_parse,2020-06-07
422194,402115,1,gdl_jrs_msg_parse,2020-06-23
3916511,2903382,3,gdl_jrs_msg_parse,2020-06-23
10415485,8294998,4,gdl_jrs_msg_parse,2020-06-23
10189011,9092438,2,gdl_jrs_msg_parse,2020-06-23
59129148,45239915,0,gdl_jrs_msg_parse,2020-06-23
880902,855779,1,gdl_jrs_msg_parse,2020-06-08
4259673,3168254,3,gdl_jrs_msg_parse,2020-06-08
9551085,6991543,4,gdl_jrs_msg_parse,2020-06-08
4334838,3387746,2,gdl_jrs_msg_parse,2020-06-08
50111037,36882849,0,gdl_jrs_msg_parse,2020-06-08
603538,579163,1,gdl_jrs_msg_parse,2020-06-24
4550066,3299428,3,gdl_jrs_msg_parse,2020-06-24
9542520,7098815,4,gdl_jrs_msg_parse,2020-06-24
10482436,9207292,2,gdl_jrs_msg_parse,2020-06-24
58381793,44299234,0,gdl_jrs_msg_parse,2020-06-24
363824,347783,1,gdl_jrs_msg_parse,2020-06-09
4069517,3179948,3,gdl_jrs_msg_parse,2020-06-09
10788647,8451448,4,gdl_jrs_msg_parse,2020-06-09
3994950,3096285,2,gdl_jrs_msg_parse,2020-06-09
49838738,36671909,0,gdl_jrs_msg_parse,2020-06-09
651532,627613,1,gdl_jrs_msg_parse,2020-06-10
4207535,3073393,3,gdl_jrs_msg_parse,2020-06-10
12457622,9908333,4,gdl_jrs_msg_parse,2020-06-10
5014322,3887460,2,gdl_jrs_msg_parse,2020-06-10
58663465,43308656,0,gdl_jrs_msg_parse,2020-06-10
169046,161565,1,gdl_jrs_msg_parse,2020-06-25
3059728,2179021,3,gdl_jrs_msg_parse,2020-06-25
10389728,7901744,4,gdl_jrs_msg_parse,2020-06-25
7623621,6464650,2,gdl_jrs_msg_parse,2020-06-25
44976966,34069617,0,gdl_jrs_msg_parse,2020-06-25
173378,163886,1,gdl_jrs_msg_parse,2020-06-26
3900135,2844754,3,gdl_jrs_msg_parse,2020-06-26
8207789,6001567,4,gdl_jrs_msg_parse,2020-06-26
8201692,7034067,2,gdl_jrs_msg_parse,2020-06-26
49261467,37604591,0,gdl_jrs_msg_parse,2020-06-26
433786,410276,1,gdl_jrs_msg_parse,2020-06-11
3876903,2909239,3,gdl_jrs_msg_parse,2020-06-11
13362981,10647966,4,gdl_jrs_msg_parse,2020-06-11
6680106,5730562,2,gdl_jrs_msg_parse,2020-06-11
61722636,45642892,0,gdl_jrs_msg_parse,2020-06-11
167697,159884,1,gdl_jrs_msg_parse,2020-06-27
3694155,2682113,3,gdl_jrs_msg_parse,2020-06-27
7736037,5546225,4,gdl_jrs_msg_parse,2020-06-27
7022900,5939558,2,gdl_jrs_msg_parse,2020-06-27
42563364,31747309,0,gdl_jrs_msg_parse,2020-06-27
662892,636654,1,gdl_jrs_msg_parse,2020-06-12
4398600,3395679,3,gdl_jrs_msg_parse,2020-06-12
11073538,8709730,4,gdl_jrs_msg_parse,2020-06-12
4805126,3895602,2,gdl_jrs_msg_parse,2020-06-12
59684342,44755734,0,gdl_jrs_msg_parse,2020-06-12
719670,694350,1,gdl_jrs_msg_parse,2020-06-28
3914320,2804397,3,gdl_jrs_msg_parse,2020-06-28
11708766,9101338,4,gdl_jrs_msg_parse,2020-06-28
6917332,5671554,2,gdl_jrs_msg_parse,2020-06-28
52736765,38769589,0,gdl_jrs_msg_parse,2020-06-28
146857,135229,1,gdl_jrs_msg_parse,2020-06-13
3661812,2796677,3,gdl_jrs_msg_parse,2020-06-13
8522446,6467194,4,gdl_jrs_msg_parse,2020-06-13
3723239,2929806,2,gdl_jrs_msg_parse,2020-06-13
42819553,31879271,0,gdl_jrs_msg_parse,2020-06-13
874428,836513,1,gdl_jrs_msg_parse,2020-06-29
3867063,2869471,3,gdl_jrs_msg_parse,2020-06-29
10284715,8194411,4,gdl_jrs_msg_parse,2020-06-29
6534143,5653183,2,gdl_jrs_msg_parse,2020-06-29
60996664,47806242,0,gdl_jrs_msg_parse,2020-06-29
438358,429025,1,gdl_jrs_msg_parse,2020-06-14
3201976,2358430,3,gdl_jrs_msg_parse,2020-06-14
7245862,5220378,4,gdl_jrs_msg_parse,2020-06-14
4150422,3323342,2,gdl_jrs_msg_parse,2020-06-14
41743648,30498696,0,gdl_jrs_msg_parse,2020-06-14
637584,615712,1,gdl_jrs_msg_parse,2020-06-30
4012814,3028204,3,gdl_jrs_msg_parse,2020-06-30
8596256,6523473,4,gdl_jrs_msg_parse,2020-06-30
5615109,4650800,2,gdl_jrs_msg_parse,2020-06-30
64745734,51513688,0,gdl_jrs_msg_parse,2020-06-30
513504,487140,1,gdl_jrs_msg_parse,2020-06-15
5321642,3987291,3,gdl_jrs_msg_parse,2020-06-15
9807197,7192514,4,gdl_jrs_msg_parse,2020-06-15
6302359,4836760,2,gdl_jrs_msg_parse,2020-06-15
60349889,45767427,0,gdl_jrs_msg_parse,2020-06-15
483211,462091,1,gdl_jrs_msg_parse,2020-07-01
7291603,5706543,3,gdl_jrs_msg_parse,2020-07-01
11739647,9126845,4,gdl_jrs_msg_parse,2020-07-01
4179933,2860632,2,gdl_jrs_msg_parse,2020-07-01
52798608,39356123,0,gdl_jrs_msg_parse,2020-07-01
721380,698964,1,gdl_jrs_msg_parse,2020-06-16
3974562,2905393,3,gdl_jrs_msg_parse,2020-06-16
10766424,8330745,4,gdl_jrs_msg_parse,2020-06-16
6154073,4888395,2,gdl_jrs_msg_parse,2020-06-16
71240686,53960937,0,gdl_jrs_msg_parse,2020-06-16
497539,468591,1,gdl_jrs_msg_parse,2020-07-02
4696064,3471426,3,gdl_jrs_msg_parse,2020-07-02
14805087,11982091,4,gdl_jrs_msg_parse,2020-07-02
3981739,2861107,2,gdl_jrs_msg_parse,2020-07-02
52468717,39472709,0,gdl_jrs_msg_parse,2020-07-02
1094051,1037469,1,gdl_jrs_msg_parse,2020-06-17
4668669,3510051,3,gdl_jrs_msg_parse,2020-06-17
10948485,8450704,4,gdl_jrs_msg_parse,2020-06-17
10658527,9306249,2,gdl_jrs_msg_parse,2020-06-17
69449773,53360386,0,gdl_jrs_msg_parse,2020-06-17
399940,365006,1,gdl_jrs_msg_parse,2020-07-03
4630255,3411525,3,gdl_jrs_msg_parse,2020-07-03
16790840,13739039,4,gdl_jrs_msg_parse,2020-07-03
4781644,3813266,2,gdl_jrs_msg_parse,2020-07-03
49463616,37105536,0,gdl_jrs_msg_parse,2020-07-03
878738,839580,1,gdl_jrs_msg_parse,2020-06-18
3861097,2905300,3,gdl_jrs_msg_parse,2020-06-18
12151987,9481078,4,gdl_jrs_msg_parse,2020-06-18
13332082,11326301,2,gdl_jrs_msg_parse,2020-06-18
99190559,70611097,0,gdl_jrs_msg_parse,2020-06-18
149289,142146,1,gdl_jrs_msg_parse,2020-07-04
4069375,3059073,3,gdl_jrs_msg_parse,2020-07-04
12189923,9715967,4,gdl_jrs_msg_parse,2020-07-04
3222304,2103961,2,gdl_jrs_msg_parse,2020-07-04
42818320,32104379,0,gdl_jrs_msg_parse,2020-07-04
117949,110119,1,gdl_jrs_msg_parse,2020-07-05
3466982,2580895,3,gdl_jrs_msg_parse,2020-07-05
11039361,8587055,4,gdl_jrs_msg_parse,2020-07-05
3212252,2219589,2,gdl_jrs_msg_parse,2020-07-05
38578203,28401940,0,gdl_jrs_msg_parse,2020-07-05
812908,772267,1,gdl_jrs_msg_parse,2020-06-19
3727712,2741272,3,gdl_jrs_msg_parse,2020-06-19
10347235,7883873,4,gdl_jrs_msg_parse,2020-06-19
11162569,9845015,2,gdl_jrs_msg_parse,2020-06-19
63954193,48410363,0,gdl_jrs_msg_parse,2020-06-19
409510,390878,1,gdl_jrs_msg_parse,2020-07-06
4412875,3205802,3,gdl_jrs_msg_parse,2020-07-06
11076098,8555571,4,gdl_jrs_msg_parse,2020-07-06
4742366,3607365,2,gdl_jrs_msg_parse,2020-07-06
60030622,45637086,0,gdl_jrs_msg_parse,2020-07-06
211566,196695,1,gdl_jrs_msg_parse,2020-06-20
4064944,3120040,3,gdl_jrs_msg_parse,2020-06-20
11062216,7407395,4,gdl_jrs_msg_parse,2020-06-20
9077806,7750781,2,gdl_jrs_msg_parse,2020-06-20
50445492,36503426,0,gdl_jrs_msg_parse,2020-06-20
644502,622930,1,gdl_jrs_msg_parse,2020-07-07
4564991,3284829,3,gdl_jrs_msg_parse,2020-07-07
12984303,10323527,4,gdl_jrs_msg_parse,2020-07-07
4057305,2957784,2,gdl_jrs_msg_parse,2020-07-07
50906812,37151824,0,gdl_jrs_msg_parse,2020-07-07
164299,156089,1,gdl_jrs_msg_parse,2020-06-21
3115664,2289146,3,gdl_jrs_msg_parse,2020-06-21
7678228,5586644,4,gdl_jrs_msg_parse,2020-06-21
7637556,5483630,2,gdl_jrs_msg_parse,2020-06-21
56760721,39248811,0,gdl_jrs_msg_parse,2020-06-21
1004009,973932,1,gdl_jrs_msg_parse,2020-07-08
4570457,3141357,3,gdl_jrs_msg_parse,2020-07-08
13954647,11275522,4,gdl_jrs_msg_parse,2020-07-08
4907642,3807922,2,gdl_jrs_msg_parse,2020-07-08
55794569,41480852,0,gdl_jrs_msg_parse,2020-07-08
587070,551877,1,gdl_jrs_msg_parse,2020-06-22
3809893,2838320,3,gdl_jrs_msg_parse,2020-06-22
8667329,6389853,4,gdl_jrs_msg_parse,2020-06-22
13177962,10915099,2,gdl_jrs_msg_parse,2020-06-22
65844812,50203710,0,gdl_jrs_msg_parse,2020-06-22
661209,641712,1,gdl_jrs_msg_parse,2020-07-09
4103172,2888512,3,gdl_jrs_msg_parse,2020-07-09
15054350,12190944,4,gdl_jrs_msg_parse,2020-07-09
4066408,2860146,2,gdl_jrs_msg_parse,2020-07-09
55578093,42133981,0,gdl_jrs_msg_parse,2020-07-09
422194,402115,1,gdl_jrs_msg_parse,2020-06-23
3916511,2903382,3,gdl_jrs_msg_parse,2020-06-23
10415485,8294998,4,gdl_jrs_msg_parse,2020-06-23
10189011,9092438,2,gdl_jrs_msg_parse,2020-06-23
59129148,45239915,0,gdl_jrs_msg_parse,2020-06-23
658861,612171,1,gdl_jrs_msg_parse,2020-07-10
4480279,3184725,3,gdl_jrs_msg_parse,2020-07-10
13924604,11338754,4,gdl_jrs_msg_parse,2020-07-10
6346306,5130849,2,gdl_jrs_msg_parse,2020-07-10
62003628,47127683,0,gdl_jrs_msg_parse,2020-07-10
603538,579163,1,gdl_jrs_msg_parse,2020-06-24
4550066,3299428,3,gdl_jrs_msg_parse,2020-06-24
9542520,7098815,4,gdl_jrs_msg_parse,2020-06-24
10482436,9207292,2,gdl_jrs_msg_parse,2020-06-24
58381793,44299234,0,gdl_jrs_msg_parse,2020-06-24
148216,139528,1,gdl_jrs_msg_parse,2020-07-11
3996404,2879851,3,gdl_jrs_msg_parse,2020-07-11
10941214,8593653,4,gdl_jrs_msg_parse,2020-07-11
3695472,2663860,2,gdl_jrs_msg_parse,2020-07-11
42947216,30560661,0,gdl_jrs_msg_parse,2020-07-11
169046,161565,1,gdl_jrs_msg_parse,2020-06-25
3059728,2179021,3,gdl_jrs_msg_parse,2020-06-25
10389728,7901744,4,gdl_jrs_msg_parse,2020-06-25
7623621,6464650,2,gdl_jrs_msg_parse,2020-06-25
44976966,34069617,0,gdl_jrs_msg_parse,2020-06-25
138970,131355,1,gdl_jrs_msg_parse,2020-07-12
3925924,2815518,3,gdl_jrs_msg_parse,2020-07-12
9271023,7233104,4,gdl_jrs_msg_parse,2020-07-12
3082033,2138705,2,gdl_jrs_msg_parse,2020-07-12
34775813,24269260,0,gdl_jrs_msg_parse,2020-07-12
173378,163886,1,gdl_jrs_msg_parse,2020-06-26
3900135,2844754,3,gdl_jrs_msg_parse,2020-06-26
8207789,6001567,4,gdl_jrs_msg_parse,2020-06-26
8201692,7034067,2,gdl_jrs_msg_parse,2020-06-26
49261467,37604591,0,gdl_jrs_msg_parse,2020-06-26
167697,159884,1,gdl_jrs_msg_parse,2020-06-27
3694155,2682113,3,gdl_jrs_msg_parse,2020-06-27
7736037,5546225,4,gdl_jrs_msg_parse,2020-06-27
7022900,5939558,2,gdl_jrs_msg_parse,2020-06-27
42563364,31747309,0,gdl_jrs_msg_parse,2020-06-27
719670,694350,1,gdl_jrs_msg_parse,2020-06-28
3914320,2804397,3,gdl_jrs_msg_parse,2020-06-28
11708766,9101338,4,gdl_jrs_msg_parse,2020-06-28
6917332,5671554,2,gdl_jrs_msg_parse,2020-06-28
52736765,38769589,0,gdl_jrs_msg_parse,2020-06-28
874428,836513,1,gdl_jrs_msg_parse,2020-06-29
3867063,2869471,3,gdl_jrs_msg_parse,2020-06-29
10284715,8194411,4,gdl_jrs_msg_parse,2020-06-29
6534143,5653183,2,gdl_jrs_msg_parse,2020-06-29
60996664,47806242,0,gdl_jrs_msg_parse,2020-06-29
637584,615712,1,gdl_jrs_msg_parse,2020-06-30
4012814,3028204,3,gdl_jrs_msg_parse,2020-06-30
8596256,6523473,4,gdl_jrs_msg_parse,2020-06-30
5615109,4650800,2,gdl_jrs_msg_parse,2020-06-30
64745734,51513688,0,gdl_jrs_msg_parse,2020-06-30
483211,462091,1,gdl_jrs_msg_parse,2020-07-01
7291603,5706543,3,gdl_jrs_msg_parse,2020-07-01
11739647,9126845,4,gdl_jrs_msg_parse,2020-07-01
4179933,2860632,2,gdl_jrs_msg_parse,2020-07-01
52798608,39356123,0,gdl_jrs_msg_parse,2020-07-01
497539,468591,1,gdl_jrs_msg_parse,2020-07-02
4696064,3471426,3,gdl_jrs_msg_parse,2020-07-02
14805087,11982091,4,gdl_jrs_msg_parse,2020-07-02
3981739,2861107,2,gdl_jrs_msg_parse,2020-07-02
52468717,39472709,0,gdl_jrs_msg_parse,2020-07-02
399940,365006,1,gdl_jrs_msg_parse,2020-07-03
4630255,3411525,3,gdl_jrs_msg_parse,2020-07-03
16790840,13739039,4,gdl_jrs_msg_parse,2020-07-03
4781644,3813266,2,gdl_jrs_msg_parse,2020-07-03
49463616,37105536,0,gdl_jrs_msg_parse,2020-07-03
149289,142146,1,gdl_jrs_msg_parse,2020-07-04
4069375,3059073,3,gdl_jrs_msg_parse,2020-07-04
12189923,9715967,4,gdl_jrs_msg_parse,2020-07-04
3222304,2103961,2,gdl_jrs_msg_parse,2020-07-04
42818320,32104379,0,gdl_jrs_msg_parse,2020-07-04
117949,110119,1,gdl_jrs_msg_parse,2020-07-05
3466982,2580895,3,gdl_jrs_msg_parse,2020-07-05
11039361,8587055,4,gdl_jrs_msg_parse,2020-07-05
3212252,2219589,2,gdl_jrs_msg_parse,2020-07-05
38578203,28401940,0,gdl_jrs_msg_parse,2020-07-05
409510,390878,1,gdl_jrs_msg_parse,2020-07-06
4412875,3205802,3,gdl_jrs_msg_parse,2020-07-06
11076098,8555571,4,gdl_jrs_msg_parse,2020-07-06
4742366,3607365,2,gdl_jrs_msg_parse,2020-07-06
60030622,45637086,0,gdl_jrs_msg_parse,2020-07-06
644502,622930,1,gdl_jrs_msg_parse,2020-07-07
4564991,3284829,3,gdl_jrs_msg_parse,2020-07-07
12984303,10323527,4,gdl_jrs_msg_parse,2020-07-07
4057305,2957784,2,gdl_jrs_msg_parse,2020-07-07
50906812,37151824,0,gdl_jrs_msg_parse,2020-07-07
1004009,973932,1,gdl_jrs_msg_parse,2020-07-08
4570457,3141357,3,gdl_jrs_msg_parse,2020-07-08
13954647,11275522,4,gdl_jrs_msg_parse,2020-07-08
4907642,3807922,2,gdl_jrs_msg_parse,2020-07-08
55794569,41480852,0,gdl_jrs_msg_parse,2020-07-08
661209,641712,1,gdl_jrs_msg_parse,2020-07-09
4103172,2888512,3,gdl_jrs_msg_parse,2020-07-09
15054350,12190944,4,gdl_jrs_msg_parse,2020-07-09
4066408,2860146,2,gdl_jrs_msg_parse,2020-07-09
55578093,42133981,0,gdl_jrs_msg_parse,2020-07-09
658861,612171,1,gdl_jrs_msg_parse,2020-07-10
4480279,3184725,3,gdl_jrs_msg_parse,2020-07-10
13924604,11338754,4,gdl_jrs_msg_parse,2020-07-10
6346306,5130849,2,gdl_jrs_msg_parse,2020-07-10
62003628,47127683,0,gdl_jrs_msg_parse,2020-07-10
148216,139528,1,gdl_jrs_msg_parse,2020-07-11
3996404,2879851,3,gdl_jrs_msg_parse,2020-07-11
10941214,8593653,4,gdl_jrs_msg_parse,2020-07-11
3695472,2663860,2,gdl_jrs_msg_parse,2020-07-11
42947216,30560661,0,gdl_jrs_msg_parse,2020-07-11
138970,131355,1,gdl_jrs_msg_parse,2020-07-12
3925924,2815518,3,gdl_jrs_msg_parse,2020-07-12
9271023,7233104,4,gdl_jrs_msg_parse,2020-07-12
3082033,2138705,2,gdl_jrs_msg_parse,2020-07-12
34775813,24269260,0,gdl_jrs_msg_parse,2020-07-12
280678,259289,1,gdl_jrs_msg_parse,2020-07-13
4469202,3209448,3,gdl_jrs_msg_parse,2020-07-13
11616028,9207701,4,gdl_jrs_msg_parse,2020-07-13
4831769,3651883,2,gdl_jrs_msg_parse,2020-07-13
47154393,33943911,0,gdl_jrs_msg_parse,2020-07-13
325192,257246,1,gdl_jrs_msg_parse,2020-07-14
8240204,6924696,3,gdl_jrs_msg_parse,2020-07-14
11264602,8842844,4,gdl_jrs_msg_parse,2020-07-14
4852800,3710829,2,gdl_jrs_msg_parse,2020-07-14
47129682,33948206,0,gdl_jrs_msg_parse,2020-07-14
600482,542180,1,gdl_jrs_msg_parse,2020-07-15
6962556,5139314,3,gdl_jrs_msg_parse,2020-07-15
10787684,8413737,4,gdl_jrs_msg_parse,2020-07-15
12251783,10672425,2,gdl_jrs_msg_parse,2020-07-15
50647946,36353299,0,gdl_jrs_msg_parse,2020-07-15
608690,583360,1,gdl_jrs_msg_parse,2020-07-16
4666372,3377907,3,gdl_jrs_msg_parse,2020-07-16
9285882,7103799,4,gdl_jrs_msg_parse,2020-07-16
5904072,4464444,2,gdl_jrs_msg_parse,2020-07-16
52919620,38662053,0,gdl_jrs_msg_parse,2020-07-16
1472428,1441993,1,gdl_jrs_msg_parse,2020-07-17
5061539,3787420,3,gdl_jrs_msg_parse,2020-07-17
10076613,7896412,4,gdl_jrs_msg_parse,2020-07-17
5815824,4649637,2,gdl_jrs_msg_parse,2020-07-17
57273086,41843124,0,gdl_jrs_msg_parse,2020-07-17
301438,284084,1,gdl_jrs_msg_parse,2020-07-18
4521170,3430765,3,gdl_jrs_msg_parse,2020-07-18
9873272,7776926,4,gdl_jrs_msg_parse,2020-07-18
7390575,5431165,2,gdl_jrs_msg_parse,2020-07-18
45767179,32024502,0,gdl_jrs_msg_parse,2020-07-18
149642,135874,1,gdl_jrs_msg_parse,2020-07-19
3788267,2791168,3,gdl_jrs_msg_parse,2020-07-19
8237796,6219978,4,gdl_jrs_msg_parse,2020-07-19
4544630,3559031,2,gdl_jrs_msg_parse,2020-07-19
35944828,25467386,0,gdl_jrs_msg_parse,2020-07-19
492515,461037,1,gdl_jrs_msg_parse,2020-07-20
4300082,3027362,3,gdl_jrs_msg_parse,2020-07-20
9684894,7350067,4,gdl_jrs_msg_parse,2020-07-20
9301922,7602231,2,gdl_jrs_msg_parse,2020-07-20
49724344,35247340,0,gdl_jrs_msg_parse,2020-07-20
1217886,1194889,1,gdl_jrs_msg_parse,2020-07-21
4308172,3148785,3,gdl_jrs_msg_parse,2020-07-21
13516338,11026468,4,gdl_jrs_msg_parse,2020-07-21
10132953,7903604,2,gdl_jrs_msg_parse,2020-07-21
56930047,38686940,0,gdl_jrs_msg_parse,2020-07-21
1359483,1312972,1,gdl_jrs_msg_parse,2020-07-22
4284856,3032713,3,gdl_jrs_msg_parse,2020-07-22
12097527,9620640,4,gdl_jrs_msg_parse,2020-07-22
5890435,4515051,2,gdl_jrs_msg_parse,2020-07-22
60328402,44356680,0,gdl_jrs_msg_parse,2020-07-22
370634,352437,1,gdl_jrs_msg_parse,2020-07-23
4283064,3208254,3,gdl_jrs_msg_parse,2020-07-23
15997845,13112143,4,gdl_jrs_msg_parse,2020-07-23
4823275,3639157,2,gdl_jrs_msg_parse,2020-07-23
54463226,40694745,0,gdl_jrs_msg_parse,2020-07-23
1023331,968636,1,gdl_jrs_msg_parse,2020-07-24
4720534,3583750,3,gdl_jrs_msg_parse,2020-07-24
13633571,10631842,4,gdl_jrs_msg_parse,2020-07-24
8331425,6988952,2,gdl_jrs_msg_parse,2020-07-24
54260183,40551681,0,gdl_jrs_msg_parse,2020-07-24
239175,220036,1,gdl_jrs_msg_parse,2020-07-25
4004846,2943539,3,gdl_jrs_msg_parse,2020-07-25
13299756,10597766,4,gdl_jrs_msg_parse,2020-07-25
6637566,5768910,2,gdl_jrs_msg_parse,2020-07-25
42846941,31500082,0,gdl_jrs_msg_parse,2020-07-25
81711,75596,1,gdl_jrs_msg_parse,2020-07-26
3852684,2882891,3,gdl_jrs_msg_parse,2020-07-26
9838888,7621816,4,gdl_jrs_msg_parse,2020-07-26
2906581,2050798,2,gdl_jrs_msg_parse,2020-07-26
36412724,27228406,0,gdl_jrs_msg_parse,2020-07-26
824837,776517,1,gdl_jrs_msg_parse,2020-07-27
4496918,3315631,3,gdl_jrs_msg_parse,2020-07-27
11854282,9387831,4,gdl_jrs_msg_parse,2020-07-27
4587885,3512656,2,gdl_jrs_msg_parse,2020-07-27
55458942,41156507,0,gdl_jrs_msg_parse,2020-07-27
950264,925153,1,gdl_jrs_msg_parse,2020-07-28
4381498,3203729,3,gdl_jrs_msg_parse,2020-07-28
12133802,9712087,4,gdl_jrs_msg_parse,2020-07-28
3380767,2558318,2,gdl_jrs_msg_parse,2020-07-28
79841344,64842040,0,gdl_jrs_msg_parse,2020-07-28
668470,635410,1,gdl_jrs_msg_parse,2020-07-29
4919743,3597523,3,gdl_jrs_msg_parse,2020-07-29
8932113,7212873,4,gdl_jrs_msg_parse,2020-07-29
4441048,3351146,2,gdl_jrs_msg_parse,2020-07-29
57188499,44096261,0,gdl_jrs_msg_parse,2020-07-29
529660,510861,1,gdl_jrs_msg_parse,2020-07-30
4361091,3329530,3,gdl_jrs_msg_parse,2020-07-30
7078720,5590530,4,gdl_jrs_msg_parse,2020-07-30
7797702,7004083,2,gdl_jrs_msg_parse,2020-07-30
63260533,48808030,0,gdl_jrs_msg_parse,2020-07-30
449427,412178,1,gdl_jrs_msg_parse,2020-07-31
4419919,3433744,3,gdl_jrs_msg_parse,2020-07-31
6974739,5366103,4,gdl_jrs_msg_parse,2020-07-31
7904893,7064383,2,gdl_jrs_msg_parse,2020-07-31
49347589,37303434,0,gdl_jrs_msg_parse,2020-07-31
160174,152462,1,gdl_jrs_msg_parse,2020-08-01
3913296,2965508,3,gdl_jrs_msg_parse,2020-08-01
9398973,7335804,4,gdl_jrs_msg_parse,2020-08-01
3392897,2375008,2,gdl_jrs_msg_parse,2020-08-01
39559804,27196731,0,gdl_jrs_msg_parse,2020-08-01
100695,94578,1,gdl_jrs_msg_parse,2020-08-02
4756028,3723361,3,gdl_jrs_msg_parse,2020-08-02
8854959,6748500,4,gdl_jrs_msg_parse,2020-08-02
2980289,2108128,2,gdl_jrs_msg_parse,2020-08-02
42225437,30583559,0,gdl_jrs_msg_parse,2020-08-02
385852,357432,1,gdl_jrs_msg_parse,2020-08-03
4045404,3008841,3,gdl_jrs_msg_parse,2020-08-03
10537427,8232946,4,gdl_jrs_msg_parse,2020-08-03
7724829,6702924,2,gdl_jrs_msg_parse,2020-08-03
47856529,33471884,0,gdl_jrs_msg_parse,2020-08-03
872934,837318,1,gdl_jrs_msg_parse,2020-08-04
4290610,3249033,3,gdl_jrs_msg_parse,2020-08-04
13036179,10533429,4,gdl_jrs_msg_parse,2020-08-04
5394235,4460724,2,gdl_jrs_msg_parse,2020-08-04
50731754,35540447,0,gdl_jrs_msg_parse,2020-08-04
647859,617826,1,gdl_jrs_msg_parse,2020-08-05
5117676,3851991,3,gdl_jrs_msg_parse,2020-08-05
13808894,10947385,4,gdl_jrs_msg_parse,2020-08-05
4303935,3369779,2,gdl_jrs_msg_parse,2020-08-05
51606919,35808515,0,gdl_jrs_msg_parse,2020-08-05
750438,699277,1,gdl_jrs_msg_parse,2020-08-06
4714469,3502443,3,gdl_jrs_msg_parse,2020-08-06
12676182,10188841,4,gdl_jrs_msg_parse,2020-08-06
4008298,2735270,2,gdl_jrs_msg_parse,2020-08-06
56447004,40002952,0,gdl_jrs_msg_parse,2020-08-06
587785,570008,1,gdl_jrs_msg_parse,2020-08-07
4810755,3546879,3,gdl_jrs_msg_parse,2020-08-07
13486213,10819106,4,gdl_jrs_msg_parse,2020-08-07
3811900,2797394,2,gdl_jrs_msg_parse,2020-08-07
54270881,38990340,0,gdl_jrs_msg_parse,2020-08-07
110984,103123,1,gdl_jrs_msg_parse,2020-08-08
3977986,2895815,3,gdl_jrs_msg_parse,2020-08-08
12103269,9695281,4,gdl_jrs_msg_parse,2020-08-08
3261034,2353196,2,gdl_jrs_msg_parse,2020-08-08
38158987,26173984,0,gdl_jrs_msg_parse,2020-08-08
149359,142465,1,gdl_jrs_msg_parse,2020-08-09
3576592,2604137,3,gdl_jrs_msg_parse,2020-08-09
12425258,10028173,4,gdl_jrs_msg_parse,2020-08-09
3295924,2391886,2,gdl_jrs_msg_parse,2020-08-09
37812559,26429840,0,gdl_jrs_msg_parse,2020-08-09
367839,350710,1,gdl_jrs_msg_parse,2020-08-10
4654958,3430610,3,gdl_jrs_msg_parse,2020-08-10
15104693,12587440,4,gdl_jrs_msg_parse,2020-08-10
5062792,3882580,2,gdl_jrs_msg_parse,2020-08-10
54336981,39272120,0,gdl_jrs_msg_parse,2020-08-10
497511,467637,1,gdl_jrs_msg_parse,2020-08-11
4522200,3311162,3,gdl_jrs_msg_parse,2020-08-11
17624770,14139680,4,gdl_jrs_msg_parse,2020-08-11
6235664,5274885,2,gdl_jrs_msg_parse,2020-08-11
52763050,37163562,0,gdl_jrs_msg_parse,2020-08-11
1103704,1046533,1,gdl_jrs_msg_parse,2020-08-12
8037936,6567455,3,gdl_jrs_msg_parse,2020-08-12
16427502,12668978,4,gdl_jrs_msg_parse,2020-08-12
5408114,4149066,2,gdl_jrs_msg_parse,2020-08-12
52072205,36390003,0,gdl_jrs_msg_parse,2020-08-12
563966,514511,1,gdl_jrs_msg_parse,2020-08-13
4580798,3432951,3,gdl_jrs_msg_parse,2020-08-13
13083065,10171306,4,gdl_jrs_msg_parse,2020-08-13
4802667,3756511,2,gdl_jrs_msg_parse,2020-08-13
53978010,38949777,0,gdl_jrs_msg_parse,2020-08-13
719659,634903,1,gdl_jrs_msg_parse,2020-08-14
6189939,4933162,3,gdl_jrs_msg_parse,2020-08-14
13471995,10773349,4,gdl_jrs_msg_parse,2020-08-14
4701064,3712292,2,gdl_jrs_msg_parse,2020-08-14
47334377,33641222,0,gdl_jrs_msg_parse,2020-08-14
88118,81278,1,gdl_jrs_msg_parse,2020-08-15
3849657,2962930,3,gdl_jrs_msg_parse,2020-08-15
7772743,6082723,4,gdl_jrs_msg_parse,2020-08-15
3934818,3026847,2,gdl_jrs_msg_parse,2020-08-15
35398020,25246681,0,gdl_jrs_msg_parse,2020-08-15
145045,136844,1,gdl_jrs_msg_parse,2020-08-16
2646335,2018649,3,gdl_jrs_msg_parse,2020-08-16
7265111,5876875,4,gdl_jrs_msg_parse,2020-08-16
2830200,2197905,2,gdl_jrs_msg_parse,2020-08-16
31249185,23153094,0,gdl_jrs_msg_parse,2020-08-16
322629,296148,1,gdl_jrs_msg_parse,2020-08-17
3466235,2732925,3,gdl_jrs_msg_parse,2020-08-17
9753861,7958648,4,gdl_jrs_msg_parse,2020-08-17
4572109,3783358,2,gdl_jrs_msg_parse,2020-08-17
58048320,43978208,0,gdl_jrs_msg_parse,2020-08-17
386568,361570,1,gdl_jrs_msg_parse,2020-08-18
2960605,2347366,3,gdl_jrs_msg_parse,2020-08-18
8493671,7023631,4,gdl_jrs_msg_parse,2020-08-18
7923669,6715945,2,gdl_jrs_msg_parse,2020-08-18
63127882,49281424,0,gdl_jrs_msg_parse,2020-08-18
232351,222115,1,gdl_jrs_msg_parse,2020-08-19
3390085,2624577,3,gdl_jrs_msg_parse,2020-08-19
8802579,6970732,4,gdl_jrs_msg_parse,2020-08-19
14499340,13375567,2,gdl_jrs_msg_parse,2020-08-19
43130627,33375639,0,gdl_jrs_msg_parse,2020-08-19
240460,224805,1,gdl_jrs_msg_parse,2020-08-20
4618537,3697291,3,gdl_jrs_msg_parse,2020-08-20
10175196,8189811,4,gdl_jrs_msg_parse,2020-08-20
9998462,8998188,2,gdl_jrs_msg_parse,2020-08-20
43394637,33053731,0,gdl_jrs_msg_parse,2020-08-20
540408,511552,1,gdl_jrs_msg_parse,2020-08-21
5551734,4785531,3,gdl_jrs_msg_parse,2020-08-21
6503418,5007955,4,gdl_jrs_msg_parse,2020-08-21
8835772,7426432,2,gdl_jrs_msg_parse,2020-08-21
45993733,34738709,0,gdl_jrs_msg_parse,2020-08-21
116757,109524,1,gdl_jrs_msg_parse,2020-08-22
3028610,2386077,3,gdl_jrs_msg_parse,2020-08-22
5931366,4465695,4,gdl_jrs_msg_parse,2020-08-22
2489428,1838818,2,gdl_jrs_msg_parse,2020-08-22
34978471,26624009,0,gdl_jrs_msg_parse,2020-08-22
83883,80700,1,gdl_jrs_msg_parse,2020-08-23
2338327,1803747,3,gdl_jrs_msg_parse,2020-08-23
5116989,3964166,4,gdl_jrs_msg_parse,2020-08-23
1638032,1289677,2,gdl_jrs_msg_parse,2020-08-23
24459951,18241440,0,gdl_jrs_msg_parse,2020-08-23
240618,222033,1,gdl_jrs_msg_parse,2020-08-24
2335153,1901348,3,gdl_jrs_msg_parse,2020-08-24
5789184,4718565,4,gdl_jrs_msg_parse,2020-08-24
3454747,3073836,2,gdl_jrs_msg_parse,2020-08-24
28719471,22130211,0,gdl_jrs_msg_parse,2020-08-24
774643,722433,1,gdl_jrs_msg_parse,2020-08-25
4927926,3658558,3,gdl_jrs_msg_parse,2020-08-25
13417755,10146109,4,gdl_jrs_msg_parse,2020-08-25
7796950,6684251,2,gdl_jrs_msg_parse,2020-08-25
66383696,49454247,0,gdl_jrs_msg_parse,2020-08-25
551171,496247,1,gdl_jrs_msg_parse,2020-08-26
5063431,3708134,3,gdl_jrs_msg_parse,2020-08-26
9409118,7226232,4,gdl_jrs_msg_parse,2020-08-26
18353581,17186016,2,gdl_jrs_msg_parse,2020-08-26
48400848,35491678,0,gdl_jrs_msg_parse,2020-08-26
670827,647675,1,gdl_jrs_msg_parse,2020-08-27
4678345,3430331,3,gdl_jrs_msg_parse,2020-08-27
10252085,7893482,4,gdl_jrs_msg_parse,2020-08-27
8767590,7659876,2,gdl_jrs_msg_parse,2020-08-27
71430509,55742983,0,gdl_jrs_msg_parse,2020-08-27
658882,618964,1,gdl_jrs_msg_parse,2020-08-28
4650607,3368632,3,gdl_jrs_msg_parse,2020-08-28
10701039,8350503,4,gdl_jrs_msg_parse,2020-08-28
8589067,7572898,2,gdl_jrs_msg_parse,2020-08-28
59206375,44049247,0,gdl_jrs_msg_parse,2020-08-28
160195,151222,1,gdl_jrs_msg_parse,2020-08-29
4046510,2962191,3,gdl_jrs_msg_parse,2020-08-29
6198324,4758571,4,gdl_jrs_msg_parse,2020-08-29
2535486,1871048,2,gdl_jrs_msg_parse,2020-08-29
39683989,29555863,0,gdl_jrs_msg_parse,2020-08-29
130776,124366,1,gdl_jrs_msg_parse,2020-08-30
3616836,2681346,3,gdl_jrs_msg_parse,2020-08-30
4920053,3682378,4,gdl_jrs_msg_parse,2020-08-30
2338437,1747320,2,gdl_jrs_msg_parse,2020-08-30
31063001,21921227,0,gdl_jrs_msg_parse,2020-08-30
280678,259289,1,gdl_jrs_msg_parse,2020-07-13
4469202,3209448,3,gdl_jrs_msg_parse,2020-07-13
11616028,9207701,4,gdl_jrs_msg_parse,2020-07-13
4831769,3651883,2,gdl_jrs_msg_parse,2020-07-13
47154393,33943911,0,gdl_jrs_msg_parse,2020-07-13
304409,286602,1,gdl_jrs_msg_parse,2020-08-31
3933212,2874897,3,gdl_jrs_msg_parse,2020-08-31
7706520,6057173,4,gdl_jrs_msg_parse,2020-08-31
4597699,3710209,2,gdl_jrs_msg_parse,2020-08-31
48585915,35836259,0,gdl_jrs_msg_parse,2020-08-31
325192,257246,1,gdl_jrs_msg_parse,2020-07-14
8240204,6924696,3,gdl_jrs_msg_parse,2020-07-14
11264602,8842844,4,gdl_jrs_msg_parse,2020-07-14
4852800,3710829,2,gdl_jrs_msg_parse,2020-07-14
47129682,33948206,0,gdl_jrs_msg_parse,2020-07-14
600482,542180,1,gdl_jrs_msg_parse,2020-07-15
6962556,5139314,3,gdl_jrs_msg_parse,2020-07-15
10787684,8413737,4,gdl_jrs_msg_parse,2020-07-15
12251783,10672425,2,gdl_jrs_msg_parse,2020-07-15
50647946,36353299,0,gdl_jrs_msg_parse,2020-07-15
541921,520676,1,gdl_jrs_msg_parse,2020-09-01
4232085,3128442,3,gdl_jrs_msg_parse,2020-09-01
12268553,9970501,4,gdl_jrs_msg_parse,2020-09-01
4300196,3207483,2,gdl_jrs_msg_parse,2020-09-01
44803018,31713346,0,gdl_jrs_msg_parse,2020-09-01
608690,583360,1,gdl_jrs_msg_parse,2020-07-16
4666372,3377907,3,gdl_jrs_msg_parse,2020-07-16
9285882,7103799,4,gdl_jrs_msg_parse,2020-07-16
5904072,4464444,2,gdl_jrs_msg_parse,2020-07-16
52919620,38662053,0,gdl_jrs_msg_parse,2020-07-16
524855,504283,1,gdl_jrs_msg_parse,2020-09-02
7006704,5466115,3,gdl_jrs_msg_parse,2020-09-02
11569454,9284160,4,gdl_jrs_msg_parse,2020-09-02
3947078,2981367,2,gdl_jrs_msg_parse,2020-09-02
52674766,38684056,0,gdl_jrs_msg_parse,2020-09-02
1472428,1441993,1,gdl_jrs_msg_parse,2020-07-17
5061539,3787420,3,gdl_jrs_msg_parse,2020-07-17
10076613,7896412,4,gdl_jrs_msg_parse,2020-07-17
5815824,4649637,2,gdl_jrs_msg_parse,2020-07-17
57273086,41843124,0,gdl_jrs_msg_parse,2020-07-17
297785,264108,1,gdl_jrs_msg_parse,2020-09-03
4365059,3219191,3,gdl_jrs_msg_parse,2020-09-03
14655068,12021507,4,gdl_jrs_msg_parse,2020-09-03
4692501,3737365,2,gdl_jrs_msg_parse,2020-09-03
52420892,38996706,0,gdl_jrs_msg_parse,2020-09-03
301438,284084,1,gdl_jrs_msg_parse,2020-07-18
4521170,3430765,3,gdl_jrs_msg_parse,2020-07-18
9873272,7776926,4,gdl_jrs_msg_parse,2020-07-18
7390575,5431165,2,gdl_jrs_msg_parse,2020-07-18
45767179,32024502,0,gdl_jrs_msg_parse,2020-07-18
438919,364697,1,gdl_jrs_msg_parse,2020-09-04
4182674,3148864,3,gdl_jrs_msg_parse,2020-09-04
15287355,12638664,4,gdl_jrs_msg_parse,2020-09-04
3921294,2902806,2,gdl_jrs_msg_parse,2020-09-04
74621021,61195061,0,gdl_jrs_msg_parse,2020-09-04
149642,135874,1,gdl_jrs_msg_parse,2020-07-19
3788267,2791168,3,gdl_jrs_msg_parse,2020-07-19
8237796,6219978,4,gdl_jrs_msg_parse,2020-07-19
4544630,3559031,2,gdl_jrs_msg_parse,2020-07-19
35944828,25467386,0,gdl_jrs_msg_parse,2020-07-19
118635,107452,1,gdl_jrs_msg_parse,2020-09-05
3629981,2785670,3,gdl_jrs_msg_parse,2020-09-05
11290675,9079255,4,gdl_jrs_msg_parse,2020-09-05
3390641,2546825,2,gdl_jrs_msg_parse,2020-09-05
34611806,23760917,0,gdl_jrs_msg_parse,2020-09-05
492515,461037,1,gdl_jrs_msg_parse,2020-07-20
4300082,3027362,3,gdl_jrs_msg_parse,2020-07-20
9684894,7350067,4,gdl_jrs_msg_parse,2020-07-20
9301922,7602231,2,gdl_jrs_msg_parse,2020-07-20
49724344,35247340,0,gdl_jrs_msg_parse,2020-07-20
110700,101003,1,gdl_jrs_msg_parse,2020-09-06
3198157,2324696,3,gdl_jrs_msg_parse,2020-09-06
9329243,7307653,4,gdl_jrs_msg_parse,2020-09-06
2901175,2117555,2,gdl_jrs_msg_parse,2020-09-06
35069001,24148335,0,gdl_jrs_msg_parse,2020-09-06
1217886,1194889,1,gdl_jrs_msg_parse,2020-07-21
4308172,3148785,3,gdl_jrs_msg_parse,2020-07-21
13516338,11026468,4,gdl_jrs_msg_parse,2020-07-21
10132953,7903604,2,gdl_jrs_msg_parse,2020-07-21
56930047,38686940,0,gdl_jrs_msg_parse,2020-07-21
1359483,1312972,1,gdl_jrs_msg_parse,2020-07-22
4284856,3032713,3,gdl_jrs_msg_parse,2020-07-22
12097527,9620640,4,gdl_jrs_msg_parse,2020-07-22
5890435,4515051,2,gdl_jrs_msg_parse,2020-07-22
60328402,44356680,0,gdl_jrs_msg_parse,2020-07-22
684821,643178,1,gdl_jrs_msg_parse,2020-09-07
4390205,3272705,3,gdl_jrs_msg_parse,2020-09-07
13224834,10708019,4,gdl_jrs_msg_parse,2020-09-07
6811038,5823452,2,gdl_jrs_msg_parse,2020-09-07
45723586,32883821,0,gdl_jrs_msg_parse,2020-09-07
424753,394414,1,gdl_jrs_msg_parse,2020-09-08
5181866,3804417,3,gdl_jrs_msg_parse,2020-09-08
16949894,13472690,4,gdl_jrs_msg_parse,2020-09-08
7364479,6335983,2,gdl_jrs_msg_parse,2020-09-08
54130126,38922123,0,gdl_jrs_msg_parse,2020-09-08
370634,352437,1,gdl_jrs_msg_parse,2020-07-23
4283064,3208254,3,gdl_jrs_msg_parse,2020-07-23
15997845,13112143,4,gdl_jrs_msg_parse,2020-07-23
4823275,3639157,2,gdl_jrs_msg_parse,2020-07-23
54463226,40694745,0,gdl_jrs_msg_parse,2020-07-23
258074,225602,1,gdl_jrs_msg_parse,2020-09-09
4611183,3274418,3,gdl_jrs_msg_parse,2020-09-09
13174146,10383218,4,gdl_jrs_msg_parse,2020-09-09
5663391,4751035,2,gdl_jrs_msg_parse,2020-09-09
50859020,36617291,0,gdl_jrs_msg_parse,2020-09-09
1023331,968636,1,gdl_jrs_msg_parse,2020-07-24
4720534,3583750,3,gdl_jrs_msg_parse,2020-07-24
13633571,10631842,4,gdl_jrs_msg_parse,2020-07-24
8331425,6988952,2,gdl_jrs_msg_parse,2020-07-24
54260183,40551681,0,gdl_jrs_msg_parse,2020-07-24
696956,658831,1,gdl_jrs_msg_parse,2020-09-10
5330250,3981274,3,gdl_jrs_msg_parse,2020-09-10
15677818,12974252,4,gdl_jrs_msg_parse,2020-09-10
4766896,3486612,2,gdl_jrs_msg_parse,2020-09-10
53979692,39194265,0,gdl_jrs_msg_parse,2020-09-10
239175,220036,1,gdl_jrs_msg_parse,2020-07-25
4004846,2943539,3,gdl_jrs_msg_parse,2020-07-25
13299756,10597766,4,gdl_jrs_msg_parse,2020-07-25
6637566,5768910,2,gdl_jrs_msg_parse,2020-07-25
42846941,31500082,0,gdl_jrs_msg_parse,2020-07-25
81711,75596,1,gdl_jrs_msg_parse,2020-07-26
3852684,2882891,3,gdl_jrs_msg_parse,2020-07-26
9838888,7621816,4,gdl_jrs_msg_parse,2020-07-26
2906581,2050798,2,gdl_jrs_msg_parse,2020-07-26
36412724,27228406,0,gdl_jrs_msg_parse,2020-07-26
393897,364674,1,gdl_jrs_msg_parse,2020-09-11
5949745,4773225,3,gdl_jrs_msg_parse,2020-09-11
12619975,9893020,4,gdl_jrs_msg_parse,2020-09-11
4482435,3548165,2,gdl_jrs_msg_parse,2020-09-11
48127757,36103020,0,gdl_jrs_msg_parse,2020-09-11
