num,unique_num,sms_time_slot,table_name,dt
34733899,22270707,2,gdl_jrs_msg_parse,2019-03-01
95306233,59387370,4,gdl_jrs_msg_parse,2019-03-01
24351939,14161307,1,gdl_jrs_msg_parse,2019-03-01
788175616,419674447,3,gdl_jrs_msg_parse,2019-03-01
720440298,404406740,3,gdl_jrs_msg_parse,2019-03-02
23894648,13862346,1,gdl_jrs_msg_parse,2019-03-02
66064944,43253892,4,gdl_jrs_msg_parse,2019-03-02
28354029,18591448,2,gdl_jrs_msg_parse,2019-03-02
24375140,16435905,2,gdl_jrs_msg_parse,2019-03-03
22463736,14197836,1,gdl_jrs_msg_parse,2019-03-03
617211391,345545380,3,gdl_jrs_msg_parse,2019-03-03
59937734,40542868,4,gdl_jrs_msg_parse,2019-03-03
21571807,17937919,2,gdl_jrs_msg_parse,2019-03-04
15283743,11886766,1,gdl_jrs_msg_parse,2019-03-04
584305175,391217049,3,gdl_jrs_msg_parse,2019-03-04
67842743,54326975,4,gdl_jrs_msg_parse,2019-03-04
17697143,11577995,1,gdl_jrs_msg_parse,2019-03-05
661860059,382744510,3,gdl_jrs_msg_parse,2019-03-05
61030946,41527700,4,gdl_jrs_msg_parse,2019-03-05
26209295,17632239,2,gdl_jrs_msg_parse,2019-03-05
680465703,388583063,3,gdl_jrs_msg_parse,2019-03-06
240866,229347,4,gdl_jrs_msg_parse,2019-03-06
24221287,16600643,2,gdl_jrs_msg_parse,2019-03-06
17217462,11112266,1,gdl_jrs_msg_parse,2019-03-06
13333904,9052759,1,gdl_jrs_msg_parse,2019-03-07
195690162,142932477,3,gdl_jrs_msg_parse,2019-03-07
25439143,17682039,2,gdl_jrs_msg_parse,2019-03-07
21650749,17782133,2,gdl_jrs_msg_parse,2019-03-08
377275439,289254104,3,gdl_jrs_msg_parse,2019-03-08
28232307,24616722,4,gdl_jrs_msg_parse,2019-03-08
13252337,9989739,1,gdl_jrs_msg_parse,2019-03-08
19614949,16048335,2,gdl_jrs_msg_parse,2019-03-09
535000818,362844204,3,gdl_jrs_msg_parse,2019-03-09
55846786,43778059,4,gdl_jrs_msg_parse,2019-03-09
13259425,10308998,1,gdl_jrs_msg_parse,2019-03-09
37449300,22262584,1,gdl_jrs_msg_parse,2019-03-10
1197989139,612401005,3,gdl_jrs_msg_parse,2019-03-10
141723598,89889259,4,gdl_jrs_msg_parse,2019-03-10
48870964,34303096,2,gdl_jrs_msg_parse,2019-03-10
51649779,37263696,2,gdl_jrs_msg_parse,2019-03-11
143264984,91536841,4,gdl_jrs_msg_parse,2019-03-11
33333785,20337666,1,gdl_jrs_msg_parse,2019-03-11
1492355599,733602665,3,gdl_jrs_msg_parse,2019-03-11
1441163657,694136091,3,gdl_jrs_msg_parse,2019-03-12
158768774,103845261,4,gdl_jrs_msg_parse,2019-03-12
57168833,41358653,2,gdl_jrs_msg_parse,2019-03-12
32625167,19905617,1,gdl_jrs_msg_parse,2019-03-12
32407012,19628353,1,gdl_jrs_msg_parse,2019-03-13
1449178351,699067446,3,gdl_jrs_msg_parse,2019-03-13
159091323,106182625,4,gdl_jrs_msg_parse,2019-03-13
54831308,38900539,2,gdl_jrs_msg_parse,2019-03-13
53761995,37505449,2,gdl_jrs_msg_parse,2019-03-14
1346010189,654559633,3,gdl_jrs_msg_parse,2019-03-14
32058793,19245971,1,gdl_jrs_msg_parse,2019-03-14
118794185,78550800,4,gdl_jrs_msg_parse,2019-03-14
49280776,35100833,2,gdl_jrs_msg_parse,2019-03-15
31009649,19202649,1,gdl_jrs_msg_parse,2019-03-15
1634963019,791549467,3,gdl_jrs_msg_parse,2019-03-15
170238359,111580264,4,gdl_jrs_msg_parse,2019-03-15
53512608,37680142,2,gdl_jrs_msg_parse,2019-03-16
35515395,21480214,1,gdl_jrs_msg_parse,2019-03-16
1327726977,679686741,3,gdl_jrs_msg_parse,2019-03-16
158370641,99442463,4,gdl_jrs_msg_parse,2019-03-16
35758072,21716336,1,gdl_jrs_msg_parse,2019-03-17
1141831146,590289137,3,gdl_jrs_msg_parse,2019-03-17
137350467,88544663,4,gdl_jrs_msg_parse,2019-03-17
49732989,35141332,2,gdl_jrs_msg_parse,2019-03-17
1520583355,739955044,3,gdl_jrs_msg_parse,2019-03-18
154327772,100776953,4,gdl_jrs_msg_parse,2019-03-18
53039268,37240201,2,gdl_jrs_msg_parse,2019-03-18
32712514,19999921,1,gdl_jrs_msg_parse,2019-03-18
30379330,18661315,1,gdl_jrs_msg_parse,2019-03-19
1473262539,704910747,3,gdl_jrs_msg_parse,2019-03-19
164058504,108723838,4,gdl_jrs_msg_parse,2019-03-19
60969005,43554610,2,gdl_jrs_msg_parse,2019-03-19
59339179,42318950,2,gdl_jrs_msg_parse,2019-03-20
1504701969,719705057,3,gdl_jrs_msg_parse,2019-03-20
170695084,112034794,4,gdl_jrs_msg_parse,2019-03-20
34501256,20926957,1,gdl_jrs_msg_parse,2019-03-20
21508518,17788645,2,gdl_jrs_msg_parse,2019-03-22
58548022,46044537,4,gdl_jrs_msg_parse,2019-03-22
529557007,357813391,3,gdl_jrs_msg_parse,2019-03-22
10794348,7885335,1,gdl_jrs_msg_parse,2019-03-22
27822084,19284447,1,gdl_jrs_msg_parse,2019-03-23
893022813,524081872,3,gdl_jrs_msg_parse,2019-03-23
98559301,68623750,4,gdl_jrs_msg_parse,2019-03-23
36409687,27201861,2,gdl_jrs_msg_parse,2019-03-23
49422051,34775677,2,gdl_jrs_msg_parse,2019-03-24
1109935101,559219162,3,gdl_jrs_msg_parse,2019-03-24
34836212,21263310,1,gdl_jrs_msg_parse,2019-03-24
132719175,83101433,4,gdl_jrs_msg_parse,2019-03-24
32742172,20059743,1,gdl_jrs_msg_parse,2019-03-25
1534136099,724340467,3,gdl_jrs_msg_parse,2019-03-25
56268926,39938337,2,gdl_jrs_msg_parse,2019-03-25
168483339,108859548,4,gdl_jrs_msg_parse,2019-03-25
12120195,9327828,1,gdl_jrs_msg_parse,2019-03-27
345013842,254389493,3,gdl_jrs_msg_parse,2019-03-27
21022505,17459861,2,gdl_jrs_msg_parse,2019-03-27
10479823,8245009,1,gdl_jrs_msg_parse,2019-03-28
3762608,3641759,3,gdl_jrs_msg_parse,2019-03-28
1,1,4,gdl_jrs_msg_parse,2019-03-28
10116253,9120874,2,gdl_jrs_msg_parse,2019-03-28
18941429,15810126,2,gdl_jrs_msg_parse,2019-03-31
12694054,9501139,1,gdl_jrs_msg_parse,2019-03-31
87685691,77561268,3,gdl_jrs_msg_parse,2019-03-31
1,1,4,gdl_jrs_msg_parse,2019-03-31
7878724,7127292,2,gdl_jrs_msg_parse,2019-04-01
1,1,4,gdl_jrs_msg_parse,2019-04-01
6003549,5252589,1,gdl_jrs_msg_parse,2019-04-01
3781942,3620187,2,gdl_jrs_msg_parse,2019-04-02
2942340,2896253,3,gdl_jrs_msg_parse,2019-04-02
5057407,4570846,1,gdl_jrs_msg_parse,2019-04-02
64455317,50703937,4,gdl_jrs_msg_parse,2019-04-03
43288762,33168751,2,gdl_jrs_msg_parse,2019-04-03
35079470,27945976,1,gdl_jrs_msg_parse,2019-04-03
736477942,480381915,3,gdl_jrs_msg_parse,2019-04-03
34564691,24438978,1,gdl_jrs_msg_parse,2019-04-04
1603489525,812267370,3,gdl_jrs_msg_parse,2019-04-04
140013350,96555861,4,gdl_jrs_msg_parse,2019-04-04
56371068,41436861,2,gdl_jrs_msg_parse,2019-04-04
45777333,33570012,2,gdl_jrs_msg_parse,2019-04-06
108390079,73983580,4,gdl_jrs_msg_parse,2019-04-06
1094597500,648599304,3,gdl_jrs_msg_parse,2019-04-06
32836534,23085819,1,gdl_jrs_msg_parse,2019-04-06
28794147,18892574,1,gdl_jrs_msg_parse,2019-04-07
929166654,554363801,3,gdl_jrs_msg_parse,2019-04-07
97662448,65213110,4,gdl_jrs_msg_parse,2019-04-07
42996233,30650136,2,gdl_jrs_msg_parse,2019-04-07
50147402,35818491,2,gdl_jrs_msg_parse,2019-04-08
125975691,86503851,4,gdl_jrs_msg_parse,2019-04-08
29276204,18982517,1,gdl_jrs_msg_parse,2019-04-08
1384239198,713951300,3,gdl_jrs_msg_parse,2019-04-08
49249598,36252583,2,gdl_jrs_msg_parse,2019-04-09
33891877,23867132,1,gdl_jrs_msg_parse,2019-04-09
120411768,81863105,4,gdl_jrs_msg_parse,2019-04-09
1379554953,718667463,3,gdl_jrs_msg_parse,2019-04-09
34605248,20908514,1,gdl_jrs_msg_parse,2019-04-10
1683798949,798052267,3,gdl_jrs_msg_parse,2019-04-10
187802493,129515831,4,gdl_jrs_msg_parse,2019-04-10
60335846,42867464,2,gdl_jrs_msg_parse,2019-04-10
58688326,41598835,2,gdl_jrs_msg_parse,2019-04-11
159545149,106155642,4,gdl_jrs_msg_parse,2019-04-11
33872086,21290718,1,gdl_jrs_msg_parse,2019-04-11
1695447817,816342765,3,gdl_jrs_msg_parse,2019-04-11
1693556590,789680532,3,gdl_jrs_msg_parse,2019-04-12
177791885,119524254,4,gdl_jrs_msg_parse,2019-04-12
62772597,44283202,2,gdl_jrs_msg_parse,2019-04-12
30610518,17805406,1,gdl_jrs_msg_parse,2019-04-12
32802560,19919665,1,gdl_jrs_msg_parse,2019-04-13
1385822668,701150180,3,gdl_jrs_msg_parse,2019-04-13
151230317,97818357,4,gdl_jrs_msg_parse,2019-04-13
57026061,40282163,2,gdl_jrs_msg_parse,2019-04-13
51828893,36082887,2,gdl_jrs_msg_parse,2019-04-14
1182304692,618416277,3,gdl_jrs_msg_parse,2019-04-14
135722513,86271612,4,gdl_jrs_msg_parse,2019-04-14
36133904,22418879,1,gdl_jrs_msg_parse,2019-04-14
57070521,40094254,2,gdl_jrs_msg_parse,2019-04-15
1850007813,881057211,3,gdl_jrs_msg_parse,2019-04-15
157918438,101751833,4,gdl_jrs_msg_parse,2019-04-15
32354521,19794190,1,gdl_jrs_msg_parse,2019-04-15
60034284,41805506,2,gdl_jrs_msg_parse,2019-04-16
34721442,21071392,1,gdl_jrs_msg_parse,2019-04-16
152263552,96107632,4,gdl_jrs_msg_parse,2019-04-16
1661399855,784296299,3,gdl_jrs_msg_parse,2019-04-16
33285816,20403435,1,gdl_jrs_msg_parse,2019-04-17
87760003,72732393,3,gdl_jrs_msg_parse,2019-04-17
3,3,4,gdl_jrs_msg_parse,2019-04-17
67661300,44841139,2,gdl_jrs_msg_parse,2019-04-17
68344584,47394214,2,gdl_jrs_msg_parse,2019-04-19
181595433,117977732,4,gdl_jrs_msg_parse,2019-04-19
34613160,20925188,1,gdl_jrs_msg_parse,2019-04-19
1797129595,808021684,3,gdl_jrs_msg_parse,2019-04-19
1409308102,697520477,3,gdl_jrs_msg_parse,2019-04-20
162023039,103766488,4,gdl_jrs_msg_parse,2019-04-20
60814391,42363690,2,gdl_jrs_msg_parse,2019-04-20
39091584,24448768,1,gdl_jrs_msg_parse,2019-04-20
45421259,29416493,1,gdl_jrs_msg_parse,2019-04-21
1286643524,648020086,3,gdl_jrs_msg_parse,2019-04-21
148438297,94730346,4,gdl_jrs_msg_parse,2019-04-21
66907012,48530609,2,gdl_jrs_msg_parse,2019-04-21
62387848,43647150,2,gdl_jrs_msg_parse,2019-04-22
1607997967,777815181,3,gdl_jrs_msg_parse,2019-04-22
150931621,97681661,4,gdl_jrs_msg_parse,2019-04-22
34820828,21391239,1,gdl_jrs_msg_parse,2019-04-22
161978206,105295713,4,gdl_jrs_msg_parse,2019-04-23
69044074,49316218,2,gdl_jrs_msg_parse,2019-04-23
1554810251,743474358,3,gdl_jrs_msg_parse,2019-04-23
31661176,18634996,1,gdl_jrs_msg_parse,2019-04-23
33107999,20514906,1,gdl_jrs_msg_parse,2019-04-24
1606315846,765233247,3,gdl_jrs_msg_parse,2019-04-24
186165401,121155899,4,gdl_jrs_msg_parse,2019-04-24
66325855,45882658,2,gdl_jrs_msg_parse,2019-04-24
60865535,41673183,2,gdl_jrs_msg_parse,2019-04-25
176781527,113737671,4,gdl_jrs_msg_parse,2019-04-25
36004342,22631809,1,gdl_jrs_msg_parse,2019-04-25
1704364268,785003960,3,gdl_jrs_msg_parse,2019-04-25
1706167585,772792674,3,gdl_jrs_msg_parse,2019-04-26
189710190,125772320,4,gdl_jrs_msg_parse,2019-04-26
59304597,41018233,2,gdl_jrs_msg_parse,2019-04-26
32278171,20490194,1,gdl_jrs_msg_parse,2019-04-26
33601145,20764614,1,gdl_jrs_msg_parse,2019-04-27
1293532134,648391786,3,gdl_jrs_msg_parse,2019-04-27
154530399,97967388,4,gdl_jrs_msg_parse,2019-04-27
57679282,39652284,2,gdl_jrs_msg_parse,2019-04-27
30355208,18484140,1,gdl_jrs_msg_parse,2019-04-28
1471072647,696523333,3,gdl_jrs_msg_parse,2019-04-28
57746851,40070642,2,gdl_jrs_msg_parse,2019-04-28
165646683,108422857,4,gdl_jrs_msg_parse,2019-04-28
57770578,39608507,2,gdl_jrs_msg_parse,2019-04-29
30235312,18357892,1,gdl_jrs_msg_parse,2019-04-29
168285537,110751586,4,gdl_jrs_msg_parse,2019-04-29
1636808543,786721819,3,gdl_jrs_msg_parse,2019-04-29
66329928,46210546,2,gdl_jrs_msg_parse,2019-04-30
29941672,18773352,1,gdl_jrs_msg_parse,2019-04-30
210245322,132535113,4,gdl_jrs_msg_parse,2019-04-30
1764746153,825969444,3,gdl_jrs_msg_parse,2019-04-30
92816438,60670169,2,gdl_jrs_msg_parse,2019-05-01
51534184,31092988,1,gdl_jrs_msg_parse,2019-05-01
1724506431,775903672,3,gdl_jrs_msg_parse,2019-05-01
194745129,121319863,4,gdl_jrs_msg_parse,2019-05-01
80251974,55363147,2,gdl_jrs_msg_parse,2019-05-02
47806730,30605419,1,gdl_jrs_msg_parse,2019-05-02
1537416012,726256679,3,gdl_jrs_msg_parse,2019-05-02
167852009,103987587,4,gdl_jrs_msg_parse,2019-05-02
62980974,44370599,1,gdl_jrs_msg_parse,2019-05-03
1352194719,660757002,3,gdl_jrs_msg_parse,2019-05-03
156543986,96776735,4,gdl_jrs_msg_parse,2019-05-03
71269259,48593799,2,gdl_jrs_msg_parse,2019-05-03
44137860,28072491,1,gdl_jrs_msg_parse,2019-05-04
151812528,93958316,4,gdl_jrs_msg_parse,2019-05-04
65831609,45714063,2,gdl_jrs_msg_parse,2019-05-04
1240448401,622538602,3,gdl_jrs_msg_parse,2019-05-04
41462887,29014661,1,gdl_jrs_msg_parse,2019-05-05
1452091226,696418785,3,gdl_jrs_msg_parse,2019-05-05
152850751,95720275,4,gdl_jrs_msg_parse,2019-05-05
65566016,45044237,2,gdl_jrs_msg_parse,2019-05-05
66279207,46350355,2,gdl_jrs_msg_parse,2019-05-06
154299704,96330238,4,gdl_jrs_msg_parse,2019-05-06
39268489,24705632,1,gdl_jrs_msg_parse,2019-05-06
1604107482,772506666,3,gdl_jrs_msg_parse,2019-05-06
62515763,43585082,2,gdl_jrs_msg_parse,2019-05-07
35934701,21438214,1,gdl_jrs_msg_parse,2019-05-07
147555324,92046803,4,gdl_jrs_msg_parse,2019-05-07
1570060140,755084169,3,gdl_jrs_msg_parse,2019-05-07
35327640,20841219,1,gdl_jrs_msg_parse,2019-05-08
1592432948,746113050,3,gdl_jrs_msg_parse,2019-05-08
158825468,102456975,4,gdl_jrs_msg_parse,2019-05-08
60115901,41787306,2,gdl_jrs_msg_parse,2019-05-08
63032813,44512437,2,gdl_jrs_msg_parse,2019-05-09
151887489,97767299,4,gdl_jrs_msg_parse,2019-05-09
40406570,25371724,1,gdl_jrs_msg_parse,2019-05-09
1582566428,737220159,3,gdl_jrs_msg_parse,2019-05-09
1696656017,768144736,3,gdl_jrs_msg_parse,2019-05-10
180370207,115729349,4,gdl_jrs_msg_parse,2019-05-10
67967119,46544527,2,gdl_jrs_msg_parse,2019-05-10
33471789,18582674,1,gdl_jrs_msg_parse,2019-05-10
34380438,20108629,1,gdl_jrs_msg_parse,2019-05-11
1227403039,627142679,3,gdl_jrs_msg_parse,2019-05-11
128274530,85130485,4,gdl_jrs_msg_parse,2019-05-11
51341695,35390816,2,gdl_jrs_msg_parse,2019-05-11
53269461,37328853,2,gdl_jrs_msg_parse,2019-05-12
1202103205,631099397,3,gdl_jrs_msg_parse,2019-05-12
35932535,21118526,1,gdl_jrs_msg_parse,2019-05-12
135070604,88335829,4,gdl_jrs_msg_parse,2019-05-12
144616245,95427860,4,gdl_jrs_msg_parse,2019-05-13
55467187,39313205,2,gdl_jrs_msg_parse,2019-05-13
32158861,19000645,1,gdl_jrs_msg_parse,2019-05-13
1384354185,692319262,3,gdl_jrs_msg_parse,2019-05-13
31981247,18670829,1,gdl_jrs_msg_parse,2019-05-14
1382298248,677408696,3,gdl_jrs_msg_parse,2019-05-14
152244308,99162324,4,gdl_jrs_msg_parse,2019-05-14
56230424,39899411,2,gdl_jrs_msg_parse,2019-05-14
57561726,40815864,2,gdl_jrs_msg_parse,2019-05-15
166436701,110588108,4,gdl_jrs_msg_parse,2019-05-15
1565500408,766994341,3,gdl_jrs_msg_parse,2019-05-15
33462041,20204355,1,gdl_jrs_msg_parse,2019-05-15
1538069811,745769780,3,gdl_jrs_msg_parse,2019-05-16
164236012,108105510,4,gdl_jrs_msg_parse,2019-05-16
59909214,41648420,2,gdl_jrs_msg_parse,2019-05-16
28045284,17544013,1,gdl_jrs_msg_parse,2019-05-16
35989156,21570232,1,gdl_jrs_msg_parse,2019-05-17
1520125503,726363302,3,gdl_jrs_msg_parse,2019-05-17
189241053,129011969,4,gdl_jrs_msg_parse,2019-05-17
60815032,43027432,2,gdl_jrs_msg_parse,2019-05-17
62055239,43951426,2,gdl_jrs_msg_parse,2019-05-18
51768784,41382238,4,gdl_jrs_msg_parse,2019-05-18
33829496,21643432,1,gdl_jrs_msg_parse,2019-05-18
1161197254,588782351,3,gdl_jrs_msg_parse,2019-05-18
33449161,21499885,1,gdl_jrs_msg_parse,2019-05-19
1249008846,646749891,3,gdl_jrs_msg_parse,2019-05-19
154522539,101157710,4,gdl_jrs_msg_parse,2019-05-19
55554580,38779377,2,gdl_jrs_msg_parse,2019-05-19
35570111,23131966,1,gdl_jrs_msg_parse,2019-05-20
1667121068,800420914,3,gdl_jrs_msg_parse,2019-05-20
161283919,104110224,4,gdl_jrs_msg_parse,2019-05-20
68384049,49275255,2,gdl_jrs_msg_parse,2019-05-20
66578836,46298402,2,gdl_jrs_msg_parse,2019-05-21
1525217388,718148643,3,gdl_jrs_msg_parse,2019-05-21
36151050,22486972,1,gdl_jrs_msg_parse,2019-05-21
159818166,102305831,4,gdl_jrs_msg_parse,2019-05-21
30620053,18673040,1,gdl_jrs_msg_parse,2019-05-22
1480178030,700913572,3,gdl_jrs_msg_parse,2019-05-22
157432753,101105085,4,gdl_jrs_msg_parse,2019-05-22
63529294,44323497,2,gdl_jrs_msg_parse,2019-05-22
31841774,20026582,1,gdl_jrs_msg_parse,2019-05-23
1425774071,689792729,3,gdl_jrs_msg_parse,2019-05-23
152127085,96955743,4,gdl_jrs_msg_parse,2019-05-23
64440857,46215326,2,gdl_jrs_msg_parse,2019-05-23
70981124,51046851,2,gdl_jrs_msg_parse,2019-05-24
182934234,120614743,4,gdl_jrs_msg_parse,2019-05-24
29296678,16600569,1,gdl_jrs_msg_parse,2019-05-24
1574577809,719666355,3,gdl_jrs_msg_parse,2019-05-24
60420852,43444281,2,gdl_jrs_msg_parse,2019-05-25
36391348,23296237,1,gdl_jrs_msg_parse,2019-05-25
158973122,100851545,4,gdl_jrs_msg_parse,2019-05-25
1316490628,671497381,3,gdl_jrs_msg_parse,2019-05-25
56451053,40809645,2,gdl_jrs_msg_parse,2019-05-26
35732961,23489057,1,gdl_jrs_msg_parse,2019-05-26
141519497,91787054,4,gdl_jrs_msg_parse,2019-05-26
1157245721,596748001,3,gdl_jrs_msg_parse,2019-05-26
61680078,44849672,2,gdl_jrs_msg_parse,2019-05-27
34340214,23067719,1,gdl_jrs_msg_parse,2019-05-27
1425421461,711453824,3,gdl_jrs_msg_parse,2019-05-27
151114470,100398503,4,gdl_jrs_msg_parse,2019-05-27
30882495,19977592,1,gdl_jrs_msg_parse,2019-05-28
1455201163,724699250,3,gdl_jrs_msg_parse,2019-05-28
160489153,106530051,4,gdl_jrs_msg_parse,2019-05-28
61536128,44494542,2,gdl_jrs_msg_parse,2019-05-28
1364217109,658534885,3,gdl_jrs_msg_parse,2019-05-30
172390120,116864805,4,gdl_jrs_msg_parse,2019-05-30
58960995,41852538,2,gdl_jrs_msg_parse,2019-05-30
33396849,21741523,1,gdl_jrs_msg_parse,2019-05-30
60945615,38808115,1,gdl_jrs_msg_parse,2019-06-01
1422575214,667477229,3,gdl_jrs_msg_parse,2019-06-01
160357670,101926231,4,gdl_jrs_msg_parse,2019-06-01
85972463,57263460,2,gdl_jrs_msg_parse,2019-06-01
73803113,51779900,2,gdl_jrs_msg_parse,2019-06-02
1257097082,618522532,3,gdl_jrs_msg_parse,2019-06-02
60749248,46497707,1,gdl_jrs_msg_parse,2019-06-02
165075913,105516437,4,gdl_jrs_msg_parse,2019-06-02
1645046078,755169536,3,gdl_jrs_msg_parse,2019-06-03
52627385,38892551,1,gdl_jrs_msg_parse,2019-06-03
169902076,111318291,4,gdl_jrs_msg_parse,2019-06-03
77609457,54312379,2,gdl_jrs_msg_parse,2019-06-03
41318075,26571738,1,gdl_jrs_msg_parse,2019-06-04
1527120537,715641424,3,gdl_jrs_msg_parse,2019-06-04
166541294,108588370,4,gdl_jrs_msg_parse,2019-06-04
72666721,50946650,2,gdl_jrs_msg_parse,2019-06-04
71422276,50448716,2,gdl_jrs_msg_parse,2019-06-05
179713739,119964904,4,gdl_jrs_msg_parse,2019-06-05
46698559,31283225,1,gdl_jrs_msg_parse,2019-06-05
1701204986,783353534,3,gdl_jrs_msg_parse,2019-06-05
48501741,34268445,1,gdl_jrs_msg_parse,2019-06-06
1808346379,807451000,3,gdl_jrs_msg_parse,2019-06-06
193698887,132718752,4,gdl_jrs_msg_parse,2019-06-06
79924937,59186510,2,gdl_jrs_msg_parse,2019-06-06
42311504,25961626,1,gdl_jrs_msg_parse,2019-06-07
1441038981,712106973,3,gdl_jrs_msg_parse,2019-06-07
152547012,101427227,4,gdl_jrs_msg_parse,2019-06-07
65036543,45098842,2,gdl_jrs_msg_parse,2019-06-07
56286544,39645795,2,gdl_jrs_msg_parse,2019-06-09
135163435,84815076,4,gdl_jrs_msg_parse,2019-06-09
38918849,23766421,1,gdl_jrs_msg_parse,2019-06-09
1290559125,658024589,3,gdl_jrs_msg_parse,2019-06-09
62726325,43618913,2,gdl_jrs_msg_parse,2019-06-10
37239868,21493139,1,gdl_jrs_msg_parse,2019-06-10
1666870214,792763998,3,gdl_jrs_msg_parse,2019-06-10
175668320,116448414,4,gdl_jrs_msg_parse,2019-06-10
63804887,46523044,2,gdl_jrs_msg_parse,2019-06-11
38680763,27429500,1,gdl_jrs_msg_parse,2019-06-11
1619707003,764004100,3,gdl_jrs_msg_parse,2019-06-11
166597212,111622352,4,gdl_jrs_msg_parse,2019-06-11
35618760,23676486,1,gdl_jrs_msg_parse,2019-06-12
1583349849,752319278,3,gdl_jrs_msg_parse,2019-06-12
173415455,120130323,4,gdl_jrs_msg_parse,2019-06-12
59547915,42263848,2,gdl_jrs_msg_parse,2019-06-12
35433099,21719446,1,gdl_jrs_msg_parse,2019-06-13
152034639,101960015,4,gdl_jrs_msg_parse,2019-06-13
58750540,41494254,2,gdl_jrs_msg_parse,2019-06-13
1480384189,699903234,3,gdl_jrs_msg_parse,2019-06-13
33574309,19681747,1,gdl_jrs_msg_parse,2019-06-15
1515088874,709754583,3,gdl_jrs_msg_parse,2019-06-15
300408783,194947148,4,gdl_jrs_msg_parse,2019-06-15
62592117,45218364,2,gdl_jrs_msg_parse,2019-06-15
52576035,37141140,2,gdl_jrs_msg_parse,2019-06-16
148458125,96682952,4,gdl_jrs_msg_parse,2019-06-16
43184342,26343769,1,gdl_jrs_msg_parse,2019-06-16
1350173923,665618192,3,gdl_jrs_msg_parse,2019-06-16
57692247,40859020,2,gdl_jrs_msg_parse,2019-06-17
35416546,20708838,1,gdl_jrs_msg_parse,2019-06-17
233724513,156653679,4,gdl_jrs_msg_parse,2019-06-17
1587259066,744316179,3,gdl_jrs_msg_parse,2019-06-17
51709758,32019250,1,gdl_jrs_msg_parse,2019-06-18
1683071152,733510224,3,gdl_jrs_msg_parse,2019-06-18
210741087,138566786,4,gdl_jrs_msg_parse,2019-06-18
64151943,45609454,2,gdl_jrs_msg_parse,2019-06-18
58533667,41493386,2,gdl_jrs_msg_parse,2019-06-19
154955170,101044733,4,gdl_jrs_msg_parse,2019-06-19
32838565,20999943,1,gdl_jrs_msg_parse,2019-06-19
1466296800,683453568,3,gdl_jrs_msg_parse,2019-06-19
1590130243,742883782,3,gdl_jrs_msg_parse,2019-06-20
187067206,126043873,4,gdl_jrs_msg_parse,2019-06-20
60870450,43125633,2,gdl_jrs_msg_parse,2019-06-20
35254041,23339490,1,gdl_jrs_msg_parse,2019-06-20
45321563,30687985,1,gdl_jrs_msg_parse,2019-06-21
1614199168,741395057,3,gdl_jrs_msg_parse,2019-06-21
184955885,123821900,4,gdl_jrs_msg_parse,2019-06-21
72992424,52467854,2,gdl_jrs_msg_parse,2019-06-21
75311162,49327370,1,gdl_jrs_msg_parse,2020-02-02
2089744032,847491836,3,gdl_jrs_msg_parse,2020-02-02
354241694,265503805,4,gdl_jrs_msg_parse,2020-02-02
87663853,58353602,2,gdl_jrs_msg_parse,2020-02-02
111854039,64394695,1,gdl_jrs_msg_parse,2020-02-03
2062961466,853847606,3,gdl_jrs_msg_parse,2020-02-03
249462643,166405056,4,gdl_jrs_msg_parse,2020-02-03
95453870,68043937,2,gdl_jrs_msg_parse,2020-02-03
86443084,59729212,2,gdl_jrs_msg_parse,2020-02-04
311038261,208554582,4,gdl_jrs_msg_parse,2020-02-04
1996003987,829756930,3,gdl_jrs_msg_parse,2020-02-04
55517776,36426081,1,gdl_jrs_msg_parse,2020-02-04
94736105,65176283,2,gdl_jrs_msg_parse,2020-02-05
246879016,161429072,4,gdl_jrs_msg_parse,2020-02-05
1889054397,766090401,3,gdl_jrs_msg_parse,2020-02-05
119450241,88139425,1,gdl_jrs_msg_parse,2020-02-05
84455779,60775924,2,gdl_jrs_msg_parse,2020-02-06
278944168,177954539,4,gdl_jrs_msg_parse,2020-02-06
1999870554,823651942,3,gdl_jrs_msg_parse,2020-02-06
74449868,47241532,1,gdl_jrs_msg_parse,2020-02-06
66112349,41082637,1,gdl_jrs_msg_parse,2020-02-07
2304775256,944119715,3,gdl_jrs_msg_parse,2020-02-07
378879305,239442584,4,gdl_jrs_msg_parse,2020-02-07
73569037,47370509,2,gdl_jrs_msg_parse,2020-02-07
77300997,55825858,2,gdl_jrs_msg_parse,2020-02-08
364460650,237246845,4,gdl_jrs_msg_parse,2020-02-08
2423787390,938018457,3,gdl_jrs_msg_parse,2020-02-08
64705358,40219591,1,gdl_jrs_msg_parse,2020-02-08
108972707,81079493,1,gdl_jrs_msg_parse,2020-02-09
2347639432,923063926,3,gdl_jrs_msg_parse,2020-02-09
83603104,58616662,2,gdl_jrs_msg_parse,2020-02-09
255146504,168605038,4,gdl_jrs_msg_parse,2020-02-09
2461272099,998859620,3,gdl_jrs_msg_parse,2020-02-10
66120900,42878777,1,gdl_jrs_msg_parse,2020-02-10
74555873,49125590,2,gdl_jrs_msg_parse,2020-02-10
272016682,184810149,4,gdl_jrs_msg_parse,2020-02-10
52382801,32122966,1,gdl_jrs_msg_parse,2020-02-11
2139716222,908849771,3,gdl_jrs_msg_parse,2020-02-11
232348097,158244476,4,gdl_jrs_msg_parse,2020-02-11
66940985,48864435,2,gdl_jrs_msg_parse,2020-02-11
48829700,31683419,2,gdl_jrs_msg_parse,2020-02-12
40251048,22181527,1,gdl_jrs_msg_parse,2020-02-12
1978779813,864822170,3,gdl_jrs_msg_parse,2020-02-12
247144255,157219261,4,gdl_jrs_msg_parse,2020-02-12
75273217,51557126,2,gdl_jrs_msg_parse,2020-02-13
290713149,196208941,4,gdl_jrs_msg_parse,2020-02-13
54169243,32919492,1,gdl_jrs_msg_parse,2020-02-13
2002942621,871690439,3,gdl_jrs_msg_parse,2020-02-13
52016375,30378102,1,gdl_jrs_msg_parse,2020-02-14
2307289383,970157234,3,gdl_jrs_msg_parse,2020-02-14
286363560,208890434,4,gdl_jrs_msg_parse,2020-02-14
70216940,51651247,2,gdl_jrs_msg_parse,2020-02-14
57194613,37296176,1,gdl_jrs_msg_parse,2020-02-15
2002654628,885876539,3,gdl_jrs_msg_parse,2020-02-15
252662123,177117802,4,gdl_jrs_msg_parse,2020-02-15
71341224,54334419,2,gdl_jrs_msg_parse,2020-02-15
72250187,55332045,2,gdl_jrs_msg_parse,2020-02-16
1836534378,823010711,3,gdl_jrs_msg_parse,2020-02-16
55555938,34281549,1,gdl_jrs_msg_parse,2020-02-16
226309572,143458549,4,gdl_jrs_msg_parse,2020-02-16
42595916,24772729,1,gdl_jrs_msg_parse,2020-02-17
1986367561,863788856,3,gdl_jrs_msg_parse,2020-02-17
239379998,164171604,4,gdl_jrs_msg_parse,2020-02-17
55400707,38964689,2,gdl_jrs_msg_parse,2020-02-17
46015345,26944809,1,gdl_jrs_msg_parse,2020-02-18
1962951888,879203813,3,gdl_jrs_msg_parse,2020-02-18
258467084,170335703,4,gdl_jrs_msg_parse,2020-02-18
53126556,34859094,2,gdl_jrs_msg_parse,2020-02-18
51242532,33054472,2,gdl_jrs_msg_parse,2020-02-19
46352088,27206897,1,gdl_jrs_msg_parse,2020-02-19
1874967992,818033548,3,gdl_jrs_msg_parse,2020-02-19
211890994,137509493,4,gdl_jrs_msg_parse,2020-02-19
46021766,25697395,1,gdl_jrs_msg_parse,2020-02-20
2469010538,1055248953,3,gdl_jrs_msg_parse,2020-02-20
283909505,201085177,4,gdl_jrs_msg_parse,2020-02-20
60841688,40733562,2,gdl_jrs_msg_parse,2020-02-20
49910292,32069636,1,gdl_jrs_msg_parse,2020-02-21
2140709464,913814406,3,gdl_jrs_msg_parse,2020-02-21
251747725,167178466,4,gdl_jrs_msg_parse,2020-02-21
76262301,51772113,2,gdl_jrs_msg_parse,2020-02-21
64263746,42877896,2,gdl_jrs_msg_parse,2020-02-22
1943197205,852200524,3,gdl_jrs_msg_parse,2020-02-22
52621286,32316298,1,gdl_jrs_msg_parse,2020-02-22
192647759,126147285,4,gdl_jrs_msg_parse,2020-02-22
44348985,25486924,1,gdl_jrs_msg_parse,2020-02-23
1579290761,732661355,3,gdl_jrs_msg_parse,2020-02-23
178515028,112746182,4,gdl_jrs_msg_parse,2020-02-23
52293639,34691505,2,gdl_jrs_msg_parse,2020-02-23
42186833,23937148,1,gdl_jrs_msg_parse,2020-02-24
2005666097,865787413,3,gdl_jrs_msg_parse,2020-02-24
67230729,48259496,2,gdl_jrs_msg_parse,2020-02-24
224770179,147995805,4,gdl_jrs_msg_parse,2020-02-24
44941280,25210213,1,gdl_jrs_msg_parse,2020-02-25
78749534,58183311,2,gdl_jrs_msg_parse,2020-02-25
2069260313,846661254,3,gdl_jrs_msg_parse,2020-02-25
215531689,133685134,4,gdl_jrs_msg_parse,2020-02-25
48985217,29572332,1,gdl_jrs_msg_parse,2020-02-26
2124455733,853760038,3,gdl_jrs_msg_parse,2020-02-26
249351080,151538322,4,gdl_jrs_msg_parse,2020-02-26
80439646,58521078,2,gdl_jrs_msg_parse,2020-02-26
46464327,26130346,1,gdl_jrs_msg_parse,2020-02-27
1981437124,812787582,3,gdl_jrs_msg_parse,2020-02-27
237441710,148686715,4,gdl_jrs_msg_parse,2020-02-27
56529087,35410799,2,gdl_jrs_msg_parse,2020-02-27
251642868,146664665,4,gdl_jrs_msg_parse,2020-02-28
63838975,42507574,2,gdl_jrs_msg_parse,2020-02-28
46516763,29487944,1,gdl_jrs_msg_parse,2020-02-28
2052948149,816892612,3,gdl_jrs_msg_parse,2020-02-28
45560472,25514105,1,gdl_jrs_msg_parse,2020-02-29
1929841359,792676642,3,gdl_jrs_msg_parse,2020-02-29
221001553,135621011,4,gdl_jrs_msg_parse,2020-02-29
52913789,33039957,2,gdl_jrs_msg_parse,2020-02-29
61598724,34830397,1,gdl_jrs_msg_parse,2020-03-01
2006034802,817225098,3,gdl_jrs_msg_parse,2020-03-01
227389507,135393643,4,gdl_jrs_msg_parse,2020-03-01
72715384,43315116,2,gdl_jrs_msg_parse,2020-03-01
61989864,35672461,1,gdl_jrs_msg_parse,2020-03-02
2334791776,899438376,3,gdl_jrs_msg_parse,2020-03-02
86338076,50904174,2,gdl_jrs_msg_parse,2020-03-02
219521935,126366825,4,gdl_jrs_msg_parse,2020-03-02
74636772,45222211,2,gdl_jrs_msg_parse,2020-03-03
61456229,35208239,1,gdl_jrs_msg_parse,2020-03-03
2112739644,855650230,3,gdl_jrs_msg_parse,2020-03-03
207894019,127235242,4,gdl_jrs_msg_parse,2020-03-03
49256256,26893093,1,gdl_jrs_msg_parse,2020-03-04
2056735919,870328152,3,gdl_jrs_msg_parse,2020-03-04
266023542,172502523,4,gdl_jrs_msg_parse,2020-03-04
75142945,49380396,2,gdl_jrs_msg_parse,2020-03-04
62404365,35844341,1,gdl_jrs_msg_parse,2020-03-05
2167891532,885451862,3,gdl_jrs_msg_parse,2020-03-05
230245607,146219500,4,gdl_jrs_msg_parse,2020-03-05
68883462,41505524,2,gdl_jrs_msg_parse,2020-03-05
65299031,38607138,2,gdl_jrs_msg_parse,2020-03-06
238344324,146109600,4,gdl_jrs_msg_parse,2020-03-06
2305304018,908536150,3,gdl_jrs_msg_parse,2020-03-06
50703239,26196009,1,gdl_jrs_msg_parse,2020-03-06
42033727,24134565,1,gdl_jrs_msg_parse,2020-03-07
2062102531,885601037,3,gdl_jrs_msg_parse,2020-03-07
236535549,158012449,4,gdl_jrs_msg_parse,2020-03-07
56089454,33763789,2,gdl_jrs_msg_parse,2020-03-07
47345733,26158488,1,gdl_jrs_msg_parse,2020-03-08
2074993274,848306905,3,gdl_jrs_msg_parse,2020-03-08
199176667,120768433,4,gdl_jrs_msg_parse,2020-03-08
56497906,34016840,2,gdl_jrs_msg_parse,2020-03-08
2220731863,880027434,3,gdl_jrs_msg_parse,2020-03-09
43081460,24424743,1,gdl_jrs_msg_parse,2020-03-09
58842772,37812078,2,gdl_jrs_msg_parse,2020-03-09
215948151,141990275,4,gdl_jrs_msg_parse,2020-03-09
37051050,19877595,1,gdl_jrs_msg_parse,2020-03-10
2083696011,841550037,3,gdl_jrs_msg_parse,2020-03-10
198474746,121068747,4,gdl_jrs_msg_parse,2020-03-10
55771899,34895179,2,gdl_jrs_msg_parse,2020-03-10
42355609,25486472,1,gdl_jrs_msg_parse,2020-03-11
2131252955,863735797,3,gdl_jrs_msg_parse,2020-03-11
203071127,131166338,4,gdl_jrs_msg_parse,2020-03-11
57021475,36834851,2,gdl_jrs_msg_parse,2020-03-11
63168881,41743648,2,gdl_jrs_msg_parse,2020-03-12
2142326430,872154168,3,gdl_jrs_msg_parse,2020-03-12
37027045,21356855,1,gdl_jrs_msg_parse,2020-03-12
208060003,131402971,4,gdl_jrs_msg_parse,2020-03-12
33561644,18439394,1,gdl_jrs_msg_parse,2020-03-13
2120160043,857380948,3,gdl_jrs_msg_parse,2020-03-13
277632822,180154023,4,gdl_jrs_msg_parse,2020-03-13
67320035,46073101,2,gdl_jrs_msg_parse,2020-03-13
54999428,35618156,2,gdl_jrs_msg_parse,2020-03-14
1784009414,760479286,3,gdl_jrs_msg_parse,2020-03-14
44830342,28383302,1,gdl_jrs_msg_parse,2020-03-14
222384469,145812028,4,gdl_jrs_msg_parse,2020-03-14
40230760,24287400,1,gdl_jrs_msg_parse,2020-03-15
1809867194,795516950,3,gdl_jrs_msg_parse,2020-03-15
182314171,110578131,4,gdl_jrs_msg_parse,2020-03-15
52903244,33806007,2,gdl_jrs_msg_parse,2020-03-15
36035377,21257239,1,gdl_jrs_msg_parse,2020-03-16
2067213529,840388303,3,gdl_jrs_msg_parse,2020-03-16
185135866,114832996,4,gdl_jrs_msg_parse,2020-03-16
55607457,34799960,2,gdl_jrs_msg_parse,2020-03-16
37041808,21495717,1,gdl_jrs_msg_parse,2020-03-17
1761356619,732698105,3,gdl_jrs_msg_parse,2020-03-17
189796203,118659730,4,gdl_jrs_msg_parse,2020-03-17
55058538,35822057,2,gdl_jrs_msg_parse,2020-03-17
54025962,34059211,2,gdl_jrs_msg_parse,2020-03-18
1862231883,785996084,3,gdl_jrs_msg_parse,2020-03-18
30221476,16397551,1,gdl_jrs_msg_parse,2020-03-18
194147639,117007128,4,gdl_jrs_msg_parse,2020-03-18
33658493,18262293,1,gdl_jrs_msg_parse,2020-03-19
1886166908,782355623,3,gdl_jrs_msg_parse,2020-03-19
196335100,124445761,4,gdl_jrs_msg_parse,2020-03-19
76712456,56561270,2,gdl_jrs_msg_parse,2020-03-19
30064872,16809958,1,gdl_jrs_msg_parse,2020-03-20
2052377438,835413580,3,gdl_jrs_msg_parse,2020-03-20
228078118,134073915,4,gdl_jrs_msg_parse,2020-03-20
61189031,38712241,2,gdl_jrs_msg_parse,2020-03-20
54506360,33908684,2,gdl_jrs_msg_parse,2020-03-21
42974429,24217570,1,gdl_jrs_msg_parse,2020-03-21
170325608,101961542,4,gdl_jrs_msg_parse,2020-03-21
1650715926,705660768,3,gdl_jrs_msg_parse,2020-03-21
33125022,18209140,1,gdl_jrs_msg_parse,2020-03-22
1493180169,658626749,3,gdl_jrs_msg_parse,2020-03-22
159154781,96923889,4,gdl_jrs_msg_parse,2020-03-22
48070762,29386510,2,gdl_jrs_msg_parse,2020-03-22
53001422,33549864,2,gdl_jrs_msg_parse,2020-03-23
201366502,129842388,4,gdl_jrs_msg_parse,2020-03-23
32933533,17865088,1,gdl_jrs_msg_parse,2020-03-23
1971158468,827153747,3,gdl_jrs_msg_parse,2020-03-23
37512639,21425542,1,gdl_jrs_msg_parse,2020-03-24
1854459257,795359103,3,gdl_jrs_msg_parse,2020-03-24
213409067,139345147,4,gdl_jrs_msg_parse,2020-03-24
58867542,37226786,2,gdl_jrs_msg_parse,2020-03-24
39033458,22516090,1,gdl_jrs_msg_parse,2020-03-25
1807069674,779022048,3,gdl_jrs_msg_parse,2020-03-25
231335963,147157160,4,gdl_jrs_msg_parse,2020-03-25
63975415,39853613,2,gdl_jrs_msg_parse,2020-03-25
36779077,19875472,1,gdl_jrs_msg_parse,2020-03-26
2282033300,890090782,3,gdl_jrs_msg_parse,2020-03-26
236520573,149151305,4,gdl_jrs_msg_parse,2020-03-26
66010672,41282709,2,gdl_jrs_msg_parse,2020-03-26
83833684,57115150,2,gdl_jrs_msg_parse,2020-03-27
36297907,20181152,1,gdl_jrs_msg_parse,2020-03-27
2048941899,833719145,3,gdl_jrs_msg_parse,2020-03-27
225434580,134401537,4,gdl_jrs_msg_parse,2020-03-27
61901391,38214784,2,gdl_jrs_msg_parse,2020-03-28
37099767,20500419,1,gdl_jrs_msg_parse,2020-03-28
1734492016,731791934,3,gdl_jrs_msg_parse,2020-03-28
193681398,119965408,4,gdl_jrs_msg_parse,2020-03-28
36607437,20680794,1,gdl_jrs_msg_parse,2020-03-29
1661319145,714527379,3,gdl_jrs_msg_parse,2020-03-29
193260989,114821279,4,gdl_jrs_msg_parse,2020-03-29
57905129,35549314,2,gdl_jrs_msg_parse,2020-03-29
1965666175,807344654,3,gdl_jrs_msg_parse,2020-03-30
192280299,112350475,4,gdl_jrs_msg_parse,2020-03-30
60941335,37944662,2,gdl_jrs_msg_parse,2020-03-30
31219163,16991106,1,gdl_jrs_msg_parse,2020-03-30
40206528,19512035,1,gdl_jrs_msg_parse,2020-03-31
1761866135,722495455,3,gdl_jrs_msg_parse,2020-03-31
213833937,126150107,4,gdl_jrs_msg_parse,2020-03-31
65654131,37834490,2,gdl_jrs_msg_parse,2020-03-31
53845744,29670896,1,gdl_jrs_msg_parse,2020-04-01
2003404721,767083919,3,gdl_jrs_msg_parse,2020-04-01
214040591,119761791,4,gdl_jrs_msg_parse,2020-04-01
92590579,52783244,2,gdl_jrs_msg_parse,2020-04-01
54469624,29927866,1,gdl_jrs_msg_parse,2020-04-02
2079739581,824447141,3,gdl_jrs_msg_parse,2020-04-02
224297632,135963222,4,gdl_jrs_msg_parse,2020-04-02
92216190,52004338,2,gdl_jrs_msg_parse,2020-04-02
76299285,43403710,2,gdl_jrs_msg_parse,2020-04-03
257151176,164944727,4,gdl_jrs_msg_parse,2020-04-03
62197484,35480157,1,gdl_jrs_msg_parse,2020-04-03
2240234674,901845571,3,gdl_jrs_msg_parse,2020-04-03
50649153,28019037,1,gdl_jrs_msg_parse,2020-04-04
1832054562,784079697,3,gdl_jrs_msg_parse,2020-04-04
202705745,122808104,4,gdl_jrs_msg_parse,2020-04-04
69571673,39904241,2,gdl_jrs_msg_parse,2020-04-04
53599968,29719050,1,gdl_jrs_msg_parse,2020-04-05
1707015585,715762679,3,gdl_jrs_msg_parse,2020-04-05
188728016,111766404,4,gdl_jrs_msg_parse,2020-04-05
76627266,48185386,2,gdl_jrs_msg_parse,2020-04-05
60202843,36114733,2,gdl_jrs_msg_parse,2020-04-06
171429795,103579772,4,gdl_jrs_msg_parse,2020-04-06
45641479,25766661,1,gdl_jrs_msg_parse,2020-04-06
1712165929,717877666,3,gdl_jrs_msg_parse,2020-04-06
36155841,20513014,1,gdl_jrs_msg_parse,2020-04-07
1975697700,805612718,3,gdl_jrs_msg_parse,2020-04-07
220981073,141277380,4,gdl_jrs_msg_parse,2020-04-07
70374715,44674032,2,gdl_jrs_msg_parse,2020-04-07
64764749,40346631,2,gdl_jrs_msg_parse,2020-04-08
38329242,22531829,1,gdl_jrs_msg_parse,2020-04-08
2053930476,835502986,3,gdl_jrs_msg_parse,2020-04-08
201191094,129097640,4,gdl_jrs_msg_parse,2020-04-08
36678839,20976331,1,gdl_jrs_msg_parse,2020-04-09
2186977325,895502550,3,gdl_jrs_msg_parse,2020-04-09
235866238,162587349,4,gdl_jrs_msg_parse,2020-04-09
61196913,37979836,2,gdl_jrs_msg_parse,2020-04-09
328729494,223593287,4,gdl_jrs_msg_parse,2020-04-10
67794131,41036454,2,gdl_jrs_msg_parse,2020-04-10
29803495,16589617,1,gdl_jrs_msg_parse,2020-04-10
2243083200,892898148,3,gdl_jrs_msg_parse,2020-04-10
58684903,37206802,2,gdl_jrs_msg_parse,2020-04-11
181494022,113187051,4,gdl_jrs_msg_parse,2020-04-11
1816983147,755996886,3,gdl_jrs_msg_parse,2020-04-11
97245891,78233534,1,gdl_jrs_msg_parse,2020-04-11
39455855,22986594,1,gdl_jrs_msg_parse,2020-04-12
1755135866,741538481,3,gdl_jrs_msg_parse,2020-04-12
197502625,122127153,4,gdl_jrs_msg_parse,2020-04-12
59877552,36537641,2,gdl_jrs_msg_parse,2020-04-12
195991008,120478737,4,gdl_jrs_msg_parse,2020-04-13
62547511,38650769,2,gdl_jrs_msg_parse,2020-04-13
33507668,18135949,1,gdl_jrs_msg_parse,2020-04-13
2402445819,970617767,3,gdl_jrs_msg_parse,2020-04-13
34008159,18767788,1,gdl_jrs_msg_parse,2020-04-14
2058323670,849388894,3,gdl_jrs_msg_parse,2020-04-14
202594873,128747599,4,gdl_jrs_msg_parse,2020-04-14
64214490,40061045,2,gdl_jrs_msg_parse,2020-04-14
57656699,36841209,2,gdl_jrs_msg_parse,2020-04-15
35428954,21824003,1,gdl_jrs_msg_parse,2020-04-15
2109215026,910440961,3,gdl_jrs_msg_parse,2020-04-15
202682991,129891713,4,gdl_jrs_msg_parse,2020-04-15
216100218,131791492,4,gdl_jrs_msg_parse,2020-04-16
65685868,40236208,2,gdl_jrs_msg_parse,2020-04-16
37254791,21767030,1,gdl_jrs_msg_parse,2020-04-16
2086656675,855401553,3,gdl_jrs_msg_parse,2020-04-16
36502726,19282744,1,gdl_jrs_msg_parse,2020-04-17
2242421107,885100240,3,gdl_jrs_msg_parse,2020-04-17
222323082,138790463,4,gdl_jrs_msg_parse,2020-04-17
71046748,44495353,2,gdl_jrs_msg_parse,2020-04-17
37237340,20448401,1,gdl_jrs_msg_parse,2020-04-18
1998818478,843567796,3,gdl_jrs_msg_parse,2020-04-18
224017841,137659983,4,gdl_jrs_msg_parse,2020-04-18
63547655,38769338,2,gdl_jrs_msg_parse,2020-04-18
61382003,38542585,2,gdl_jrs_msg_parse,2020-04-19
196136204,116653299,4,gdl_jrs_msg_parse,2020-04-19
1612869665,713365392,3,gdl_jrs_msg_parse,2020-04-19
38507407,22281701,1,gdl_jrs_msg_parse,2020-04-19
46870754,29205595,1,gdl_jrs_msg_parse,2020-04-20
2181949172,874157799,3,gdl_jrs_msg_parse,2020-04-20
209988125,126665490,4,gdl_jrs_msg_parse,2020-04-20
70819489,45550079,2,gdl_jrs_msg_parse,2020-04-20
38724470,21377998,1,gdl_jrs_msg_parse,2020-04-21
1845765190,774703560,3,gdl_jrs_msg_parse,2020-04-21
280898417,197322982,4,gdl_jrs_msg_parse,2020-04-21
76219166,46934360,2,gdl_jrs_msg_parse,2020-04-21
202816617,126135986,4,gdl_jrs_msg_parse,2020-04-22
68729774,44535284,2,gdl_jrs_msg_parse,2020-04-22
91520008,73844231,1,gdl_jrs_msg_parse,2020-04-22
1889568756,801800689,3,gdl_jrs_msg_parse,2020-04-22
34747046,19150160,1,gdl_jrs_msg_parse,2020-04-23
1875069611,781015395,3,gdl_jrs_msg_parse,2020-04-23
194696137,124358727,4,gdl_jrs_msg_parse,2020-04-23
69204559,44402111,2,gdl_jrs_msg_parse,2020-04-23
75728822,49149273,2,gdl_jrs_msg_parse,2020-04-24
252386751,163282842,4,gdl_jrs_msg_parse,2020-04-24
2181835723,918173470,3,gdl_jrs_msg_parse,2020-04-24
33497548,19965508,1,gdl_jrs_msg_parse,2020-04-24
39214463,22775030,1,gdl_jrs_msg_parse,2020-04-25
1876067394,797788258,3,gdl_jrs_msg_parse,2020-04-25
215155356,131081822,4,gdl_jrs_msg_parse,2020-04-25
71936618,45848891,2,gdl_jrs_msg_parse,2020-04-25
67696549,42322798,2,gdl_jrs_msg_parse,2020-04-26
1967559894,792835989,3,gdl_jrs_msg_parse,2020-04-26
201512649,120661986,4,gdl_jrs_msg_parse,2020-04-26
46115654,27593826,1,gdl_jrs_msg_parse,2020-04-26
2087126107,833110586,3,gdl_jrs_msg_parse,2020-04-27
202600133,121229418,4,gdl_jrs_msg_parse,2020-04-27
71450279,44578188,2,gdl_jrs_msg_parse,2020-04-27
37956593,20763094,1,gdl_jrs_msg_parse,2020-04-27
36285734,19787627,1,gdl_jrs_msg_parse,2020-04-28
2044981656,836369247,3,gdl_jrs_msg_parse,2020-04-28
270276008,183262532,4,gdl_jrs_msg_parse,2020-04-28
72083882,44009437,2,gdl_jrs_msg_parse,2020-04-28
77094158,46908898,2,gdl_jrs_msg_parse,2020-04-29
174023857,112603956,4,gdl_jrs_msg_parse,2020-04-29
31687784,18228723,1,gdl_jrs_msg_parse,2020-04-29
2093888690,845189980,3,gdl_jrs_msg_parse,2020-04-29
86478867,53932993,2,gdl_jrs_msg_parse,2020-04-30
42395349,22883182,1,gdl_jrs_msg_parse,2020-04-30
2084468138,840384349,3,gdl_jrs_msg_parse,2020-04-30
187316799,118481846,4,gdl_jrs_msg_parse,2020-04-30
109306432,61330536,2,gdl_jrs_msg_parse,2020-05-01
184565180,116361294,4,gdl_jrs_msg_parse,2020-05-01
64392520,33505743,1,gdl_jrs_msg_parse,2020-05-01
2115898829,866450353,3,gdl_jrs_msg_parse,2020-05-01
55397798,31937594,1,gdl_jrs_msg_parse,2020-05-02
1898934089,784658980,3,gdl_jrs_msg_parse,2020-05-02
170614064,100841965,4,gdl_jrs_msg_parse,2020-05-02
92437446,54932423,2,gdl_jrs_msg_parse,2020-05-02
60087240,34767205,1,gdl_jrs_msg_parse,2020-05-03
1632665254,728878336,3,gdl_jrs_msg_parse,2020-05-03
167825488,102824524,4,gdl_jrs_msg_parse,2020-05-03
78193807,46355993,2,gdl_jrs_msg_parse,2020-05-03
77496407,47495590,2,gdl_jrs_msg_parse,2020-05-04
44410250,25056065,1,gdl_jrs_msg_parse,2020-05-04
1545193852,704025438,3,gdl_jrs_msg_parse,2020-05-04
228441894,159828552,4,gdl_jrs_msg_parse,2020-05-04
134624571,81725275,4,gdl_jrs_msg_parse,2020-05-05
1501422064,697124028,3,gdl_jrs_msg_parse,2020-05-05
77743798,45956747,2,gdl_jrs_msg_parse,2020-05-05
51607199,29345548,1,gdl_jrs_msg_parse,2020-05-05
42620198,25989077,1,gdl_jrs_msg_parse,2020-05-06
1436832861,637977080,3,gdl_jrs_msg_parse,2020-05-06
112203986,72868820,4,gdl_jrs_msg_parse,2020-05-06
78537923,48950184,2,gdl_jrs_msg_parse,2020-05-06
106813943,69921003,4,gdl_jrs_msg_parse,2020-05-07
1406874006,658799774,3,gdl_jrs_msg_parse,2020-05-07
62818534,38863905,2,gdl_jrs_msg_parse,2020-05-07
31969418,19330764,1,gdl_jrs_msg_parse,2020-05-07
31927987,19049698,1,gdl_jrs_msg_parse,2020-05-08
1430552309,660825262,3,gdl_jrs_msg_parse,2020-05-08
99692084,69806510,4,gdl_jrs_msg_parse,2020-05-08
55845005,36056146,2,gdl_jrs_msg_parse,2020-05-08
56844262,36775122,2,gdl_jrs_msg_parse,2020-05-09
26880773,16074577,1,gdl_jrs_msg_parse,2020-05-09
1501810053,700797541,3,gdl_jrs_msg_parse,2020-05-09
106558406,73906386,4,gdl_jrs_msg_parse,2020-05-09
61546203,37939669,2,gdl_jrs_msg_parse,2020-05-10
173457411,105079665,4,gdl_jrs_msg_parse,2020-05-10
36513617,20206310,1,gdl_jrs_msg_parse,2020-05-10
1763790405,769971753,3,gdl_jrs_msg_parse,2020-05-10
32878479,18596961,1,gdl_jrs_msg_parse,2020-05-11
2038570286,857947104,3,gdl_jrs_msg_parse,2020-05-11
186030884,116512083,4,gdl_jrs_msg_parse,2020-05-11
60982176,38831200,2,gdl_jrs_msg_parse,2020-05-11
31938429,17802525,1,gdl_jrs_msg_parse,2020-05-12
2116149712,900907039,3,gdl_jrs_msg_parse,2020-05-12
172813299,105310069,4,gdl_jrs_msg_parse,2020-05-12
65773685,42333392,2,gdl_jrs_msg_parse,2020-05-12
157609115,96457030,4,gdl_jrs_msg_parse,2020-05-13
31659463,17624917,1,gdl_jrs_msg_parse,2020-05-13
1669248367,726522489,3,gdl_jrs_msg_parse,2020-05-13
61594201,38423994,2,gdl_jrs_msg_parse,2020-05-13
1770412678,774626728,3,gdl_jrs_msg_parse,2020-05-14
153600461,91298869,4,gdl_jrs_msg_parse,2020-05-14
62067106,39698375,2,gdl_jrs_msg_parse,2020-05-14
28151485,15855428,1,gdl_jrs_msg_parse,2020-05-14
63784144,40048490,2,gdl_jrs_msg_parse,2020-05-15
1980860702,823385261,3,gdl_jrs_msg_parse,2020-05-15
36304031,22411482,1,gdl_jrs_msg_parse,2020-05-15
183519327,111811176,4,gdl_jrs_msg_parse,2020-05-15
68426267,42645358,2,gdl_jrs_msg_parse,2020-05-16
39632258,23687560,1,gdl_jrs_msg_parse,2020-05-16
216312129,140809607,4,gdl_jrs_msg_parse,2020-05-16
2107674703,903526924,3,gdl_jrs_msg_parse,2020-05-16
43644790,25843428,1,gdl_jrs_msg_parse,2020-05-17
2186978868,867512749,3,gdl_jrs_msg_parse,2020-05-17
216526504,136988677,4,gdl_jrs_msg_parse,2020-05-17
66117089,40620420,2,gdl_jrs_msg_parse,2020-05-17
39939745,23969272,1,gdl_jrs_msg_parse,2020-05-18
2115161873,845654483,3,gdl_jrs_msg_parse,2020-05-18
213147122,133575912,4,gdl_jrs_msg_parse,2020-05-18
75442297,48107753,2,gdl_jrs_msg_parse,2020-05-18
77762056,46462973,2,gdl_jrs_msg_parse,2020-05-19
28784807,16156490,1,gdl_jrs_msg_parse,2020-05-19
220138301,127633354,4,gdl_jrs_msg_parse,2020-05-19
2021800606,801669176,3,gdl_jrs_msg_parse,2020-05-19
37896858,21110495,1,gdl_jrs_msg_parse,2020-05-20
2247664644,908739014,3,gdl_jrs_msg_parse,2020-05-20
236349611,153478173,4,gdl_jrs_msg_parse,2020-05-20
78482581,48865491,2,gdl_jrs_msg_parse,2020-05-20
46634567,27698512,1,gdl_jrs_msg_parse,2020-05-21
1883579805,786395596,3,gdl_jrs_msg_parse,2020-05-21
191316581,116856411,4,gdl_jrs_msg_parse,2020-05-21
83233058,53470242,2,gdl_jrs_msg_parse,2020-05-21
52104766,29680295,1,gdl_jrs_msg_parse,2020-05-22
1902613294,790181643,3,gdl_jrs_msg_parse,2020-05-22
76732041,47908927,2,gdl_jrs_msg_parse,2020-05-22
187304030,111053977,4,gdl_jrs_msg_parse,2020-05-22
38539626,21188516,1,gdl_jrs_msg_parse,2020-05-23
1732993325,777943512,3,gdl_jrs_msg_parse,2020-05-23
186751810,113227624,4,gdl_jrs_msg_parse,2020-05-23
70489893,43472226,2,gdl_jrs_msg_parse,2020-05-23
39933917,22448802,1,gdl_jrs_msg_parse,2020-05-24
1664816733,741721055,3,gdl_jrs_msg_parse,2020-05-24
204498198,128785540,4,gdl_jrs_msg_parse,2020-05-24
66210815,40010819,2,gdl_jrs_msg_parse,2020-05-24
44245873,27323074,1,gdl_jrs_msg_parse,2020-05-25
2113725208,872229263,3,gdl_jrs_msg_parse,2020-05-25
204058666,121855649,4,gdl_jrs_msg_parse,2020-05-25
83723626,55302220,2,gdl_jrs_msg_parse,2020-05-25
74621394,46229583,2,gdl_jrs_msg_parse,2020-05-26
36999731,20410852,1,gdl_jrs_msg_parse,2020-05-26
2027917407,808671914,3,gdl_jrs_msg_parse,2020-05-26
182887394,103636624,4,gdl_jrs_msg_parse,2020-05-26
37555582,20882178,1,gdl_jrs_msg_parse,2020-05-27
2011960988,849769293,3,gdl_jrs_msg_parse,2020-05-27
212328503,130629780,4,gdl_jrs_msg_parse,2020-05-27
78038870,46931227,2,gdl_jrs_msg_parse,2020-05-27
36511862,20056676,1,gdl_jrs_msg_parse,2020-05-28
1902877089,787356436,3,gdl_jrs_msg_parse,2020-05-28
194760377,116051062,4,gdl_jrs_msg_parse,2020-05-28
77869401,48596549,2,gdl_jrs_msg_parse,2020-05-28
73647244,45552876,2,gdl_jrs_msg_parse,2020-05-29
36598851,21860040,1,gdl_jrs_msg_parse,2020-05-29
2013547319,809099011,3,gdl_jrs_msg_parse,2020-05-29
297296347,201049029,4,gdl_jrs_msg_parse,2020-05-29
40823293,24801221,1,gdl_jrs_msg_parse,2020-05-30
1741398919,742916028,3,gdl_jrs_msg_parse,2020-05-30
214178353,128626278,4,gdl_jrs_msg_parse,2020-05-30
80486957,50292053,2,gdl_jrs_msg_parse,2020-05-30
42331049,23607380,1,gdl_jrs_msg_parse,2020-05-31
1535770071,667968744,3,gdl_jrs_msg_parse,2020-05-31
324047329,191584088,4,gdl_jrs_msg_parse,2020-05-31
69726573,40648381,2,gdl_jrs_msg_parse,2020-05-31
109116635,60010169,2,gdl_jrs_msg_parse,2020-06-01
218932225,130432074,4,gdl_jrs_msg_parse,2020-06-01
74481927,43101779,1,gdl_jrs_msg_parse,2020-06-01
2145737987,821924232,3,gdl_jrs_msg_parse,2020-06-01
54466810,33587421,1,gdl_jrs_msg_parse,2020-06-02
2095192848,840114406,3,gdl_jrs_msg_parse,2020-06-02
225237128,127939258,4,gdl_jrs_msg_parse,2020-06-02
97557671,57412851,2,gdl_jrs_msg_parse,2020-06-02
60756417,38436581,1,gdl_jrs_msg_parse,2020-06-03
2133824095,831901103,3,gdl_jrs_msg_parse,2020-06-03
226741656,139358080,4,gdl_jrs_msg_parse,2020-06-03
94438341,54804204,2,gdl_jrs_msg_parse,2020-06-03
86413366,49990112,2,gdl_jrs_msg_parse,2020-06-04
44976413,25991314,1,gdl_jrs_msg_parse,2020-06-04
1988129939,812288266,3,gdl_jrs_msg_parse,2020-06-04
230478601,135200735,4,gdl_jrs_msg_parse,2020-06-04
2332859553,926705133,3,gdl_jrs_msg_parse,2020-06-05
232805575,139361505,4,gdl_jrs_msg_parse,2020-06-05
95828425,58049794,2,gdl_jrs_msg_parse,2020-06-05
54153646,33389710,1,gdl_jrs_msg_parse,2020-06-05
55974219,34646609,1,gdl_jrs_msg_parse,2020-06-06
1899492913,775263769,3,gdl_jrs_msg_parse,2020-06-06
214904374,129159700,4,gdl_jrs_msg_parse,2020-06-06
85476170,52045105,2,gdl_jrs_msg_parse,2020-06-06
74040156,43541123,2,gdl_jrs_msg_parse,2020-06-07
45331409,26047977,1,gdl_jrs_msg_parse,2020-06-07
1795178920,772414461,3,gdl_jrs_msg_parse,2020-06-07
174159782,101175568,4,gdl_jrs_msg_parse,2020-06-07
40711591,24085442,1,gdl_jrs_msg_parse,2020-06-08
2296368735,934590990,3,gdl_jrs_msg_parse,2020-06-08
243216195,156081464,4,gdl_jrs_msg_parse,2020-06-08
74219394,45586980,2,gdl_jrs_msg_parse,2020-06-08
44789877,27156642,1,gdl_jrs_msg_parse,2020-06-09
1970926542,812389595,3,gdl_jrs_msg_parse,2020-06-09
180856571,113324396,4,gdl_jrs_msg_parse,2020-06-09
85277242,54233566,2,gdl_jrs_msg_parse,2020-06-09
83020267,50901899,2,gdl_jrs_msg_parse,2020-06-10
197006440,118890045,4,gdl_jrs_msg_parse,2020-06-10
32947734,18695403,1,gdl_jrs_msg_parse,2020-06-10
2000641877,809006231,3,gdl_jrs_msg_parse,2020-06-10
40650874,23366505,1,gdl_jrs_msg_parse,2020-06-11
2362049281,938476154,3,gdl_jrs_msg_parse,2020-06-11
240849402,161050260,4,gdl_jrs_msg_parse,2020-06-11
71366241,43562061,2,gdl_jrs_msg_parse,2020-06-11
50086235,30507308,1,gdl_jrs_msg_parse,2020-06-12
2327884280,899052374,3,gdl_jrs_msg_parse,2020-06-12
230822282,143169124,4,gdl_jrs_msg_parse,2020-06-12
76037198,49134112,2,gdl_jrs_msg_parse,2020-06-12
73159610,46445056,2,gdl_jrs_msg_parse,2020-06-13
215927307,135727221,4,gdl_jrs_msg_parse,2020-06-13
48771829,30935519,1,gdl_jrs_msg_parse,2020-06-13
1769197219,737675469,3,gdl_jrs_msg_parse,2020-06-13
46769828,28923401,1,gdl_jrs_msg_parse,2020-06-14
1616070286,704560216,3,gdl_jrs_msg_parse,2020-06-14
182361457,111738988,4,gdl_jrs_msg_parse,2020-06-14
70811781,45504296,2,gdl_jrs_msg_parse,2020-06-14
38265876,21873389,1,gdl_jrs_msg_parse,2020-06-15
2447609602,933790111,3,gdl_jrs_msg_parse,2020-06-15
357907174,218386747,4,gdl_jrs_msg_parse,2020-06-15
70236106,43963066,2,gdl_jrs_msg_parse,2020-06-15
218572087,133673911,4,gdl_jrs_msg_parse,2020-06-16
73920290,46271675,2,gdl_jrs_msg_parse,2020-06-16
46795510,27992458,1,gdl_jrs_msg_parse,2020-06-16
2289096136,911404422,3,gdl_jrs_msg_parse,2020-06-16
2151623806,834608221,3,gdl_jrs_msg_parse,2020-06-17
71630983,45756981,2,gdl_jrs_msg_parse,2020-06-17
37986956,21838433,1,gdl_jrs_msg_parse,2020-06-17
335835471,213486777,4,gdl_jrs_msg_parse,2020-06-17
65511204,39599385,1,gdl_jrs_msg_parse,2020-06-18
2447493505,882678006,3,gdl_jrs_msg_parse,2020-06-18
367514916,229464960,4,gdl_jrs_msg_parse,2020-06-18
76654677,49578761,2,gdl_jrs_msg_parse,2020-06-18
41449507,24003903,1,gdl_jrs_msg_parse,2020-06-19
2275818769,897726204,3,gdl_jrs_msg_parse,2020-06-19
254214681,156861014,4,gdl_jrs_msg_parse,2020-06-19
76942746,49450835,2,gdl_jrs_msg_parse,2020-06-19
77215730,47474592,2,gdl_jrs_msg_parse,2020-06-20
242963374,153207180,4,gdl_jrs_msg_parse,2020-06-20
41977779,23273586,1,gdl_jrs_msg_parse,2020-06-20
1989970610,814369193,3,gdl_jrs_msg_parse,2020-06-20
48978164,28544821,1,gdl_jrs_msg_parse,2020-06-21
1618809891,701466457,3,gdl_jrs_msg_parse,2020-06-21
183829299,108847169,4,gdl_jrs_msg_parse,2020-06-21
73630029,45136373,2,gdl_jrs_msg_parse,2020-06-21
38494251,21860336,1,gdl_jrs_msg_parse,2020-06-22
2162304615,867401710,3,gdl_jrs_msg_parse,2020-06-22
221863023,139630059,4,gdl_jrs_msg_parse,2020-06-22
77613070,49034313,2,gdl_jrs_msg_parse,2020-06-22
92972221,59735004,2,gdl_jrs_msg_parse,2020-06-23
2011878037,805886804,3,gdl_jrs_msg_parse,2020-06-23
44642676,28046365,1,gdl_jrs_msg_parse,2020-06-23
202020638,124182696,4,gdl_jrs_msg_parse,2020-06-23
32881409,19998680,1,gdl_jrs_msg_parse,2020-06-24
2222827959,882872170,3,gdl_jrs_msg_parse,2020-06-24
242245764,151248336,4,gdl_jrs_msg_parse,2020-06-24
87522662,52932582,2,gdl_jrs_msg_parse,2020-06-24
51981785,30430523,1,gdl_jrs_msg_parse,2020-06-25
1993854179,812398575,3,gdl_jrs_msg_parse,2020-06-25
204063200,120728648,4,gdl_jrs_msg_parse,2020-06-25
90836860,58809972,2,gdl_jrs_msg_parse,2020-06-25
72261341,44685467,2,gdl_jrs_msg_parse,2020-06-26
207150222,124529783,4,gdl_jrs_msg_parse,2020-06-26
41519306,23504554,1,gdl_jrs_msg_parse,2020-06-26
1922488983,808941919,3,gdl_jrs_msg_parse,2020-06-26
44689509,26140204,1,gdl_jrs_msg_parse,2020-06-27
1663727684,750504706,3,gdl_jrs_msg_parse,2020-06-27
183307776,107475374,4,gdl_jrs_msg_parse,2020-06-27
72046460,44030196,2,gdl_jrs_msg_parse,2020-06-27
40398145,22670515,1,gdl_jrs_msg_parse,2020-06-28
1882167677,774166580,3,gdl_jrs_msg_parse,2020-06-28
236584669,146144653,4,gdl_jrs_msg_parse,2020-06-28
79524987,49498617,2,gdl_jrs_msg_parse,2020-06-28
79359747,48597912,2,gdl_jrs_msg_parse,2020-06-29
2031830394,822170857,3,gdl_jrs_msg_parse,2020-06-29
39575150,22239728,1,gdl_jrs_msg_parse,2020-06-29
213855995,124648528,4,gdl_jrs_msg_parse,2020-06-29
41793606,23143507,1,gdl_jrs_msg_parse,2020-06-30
1803620984,725060272,3,gdl_jrs_msg_parse,2020-06-30
212752113,118977459,4,gdl_jrs_msg_parse,2020-06-30
88290328,56559828,2,gdl_jrs_msg_parse,2020-06-30
59410101,32753540,1,gdl_jrs_msg_parse,2020-07-01
1998300871,744256925,3,gdl_jrs_msg_parse,2020-07-01
225084974,126783340,4,gdl_jrs_msg_parse,2020-07-01
109660374,61219555,2,gdl_jrs_msg_parse,2020-07-01
112435464,63552299,2,gdl_jrs_msg_parse,2020-07-02
233947331,131626733,4,gdl_jrs_msg_parse,2020-07-02
54849549,30957225,1,gdl_jrs_msg_parse,2020-07-02
2215343061,847547841,3,gdl_jrs_msg_parse,2020-07-02
62368002,37578338,1,gdl_jrs_msg_parse,2020-07-03
2130299737,854166892,3,gdl_jrs_msg_parse,2020-07-03
207245287,119193153,4,gdl_jrs_msg_parse,2020-07-03
100139994,57412969,2,gdl_jrs_msg_parse,2020-07-03
51935696,28195594,1,gdl_jrs_msg_parse,2020-07-04
1782772789,763638624,3,gdl_jrs_msg_parse,2020-07-04
196602508,110541175,4,gdl_jrs_msg_parse,2020-07-04
90186239,53466245,2,gdl_jrs_msg_parse,2020-07-04
205598712,120016671,4,gdl_jrs_msg_parse,2020-07-05
89950942,54404100,2,gdl_jrs_msg_parse,2020-07-05
67446016,39252192,1,gdl_jrs_msg_parse,2020-07-05
1595008309,684249086,3,gdl_jrs_msg_parse,2020-07-05
57390090,34541057,1,gdl_jrs_msg_parse,2020-07-06
2016342872,820596947,3,gdl_jrs_msg_parse,2020-07-06
218742551,132930914,4,gdl_jrs_msg_parse,2020-07-06
89394308,54418746,2,gdl_jrs_msg_parse,2020-07-06
45491875,27877286,1,gdl_jrs_msg_parse,2020-07-07
2060169724,827815482,3,gdl_jrs_msg_parse,2020-07-07
201183444,122609866,4,gdl_jrs_msg_parse,2020-07-07
83336076,51939610,2,gdl_jrs_msg_parse,2020-07-07
195617962,116050110,4,gdl_jrs_msg_parse,2020-07-08
83217087,54499128,2,gdl_jrs_msg_parse,2020-07-08
45710761,28881018,1,gdl_jrs_msg_parse,2020-07-08
2093428884,819143462,3,gdl_jrs_msg_parse,2020-07-08
47661667,28684368,1,gdl_jrs_msg_parse,2020-07-09
1990319031,798597644,3,gdl_jrs_msg_parse,2020-07-09
208394469,128771435,4,gdl_jrs_msg_parse,2020-07-09
79190137,48760339,2,gdl_jrs_msg_parse,2020-07-09
36403670,22028464,1,gdl_jrs_msg_parse,2020-07-10
2199386309,867263959,3,gdl_jrs_msg_parse,2020-07-10
216592193,131817103,4,gdl_jrs_msg_parse,2020-07-10
79815905,48479508,2,gdl_jrs_msg_parse,2020-07-10
46757032,28022724,1,gdl_jrs_msg_parse,2020-07-11
1765714900,740012574,3,gdl_jrs_msg_parse,2020-07-11
171329674,98845928,4,gdl_jrs_msg_parse,2020-07-11
75518846,47668747,2,gdl_jrs_msg_parse,2020-07-11
1608289842,693418532,3,gdl_jrs_msg_parse,2020-07-12
41142952,23020587,1,gdl_jrs_msg_parse,2020-07-12
163777600,92311423,4,gdl_jrs_msg_parse,2020-07-12
65820463,38703484,2,gdl_jrs_msg_parse,2020-07-12
37626828,20430526,1,gdl_jrs_msg_parse,2020-07-13
1913840505,784607188,3,gdl_jrs_msg_parse,2020-07-13
193967663,114648626,4,gdl_jrs_msg_parse,2020-07-13
73975623,45623603,2,gdl_jrs_msg_parse,2020-07-13
69871570,41486091,2,gdl_jrs_msg_parse,2020-07-14
37274958,20204375,1,gdl_jrs_msg_parse,2020-07-14
1978296626,806248905,3,gdl_jrs_msg_parse,2020-07-14
214890176,131845372,4,gdl_jrs_msg_parse,2020-07-14
234500391,143297331,4,gdl_jrs_msg_parse,2020-07-15
2058671166,812345813,3,gdl_jrs_msg_parse,2020-07-15
77378390,43267291,2,gdl_jrs_msg_parse,2020-07-15
46131517,23148104,1,gdl_jrs_msg_parse,2020-07-15
47281560,24105031,1,gdl_jrs_msg_parse,2020-07-16
2125686703,829854051,3,gdl_jrs_msg_parse,2020-07-16
214981488,127762576,4,gdl_jrs_msg_parse,2020-07-16
82659819,44546872,2,gdl_jrs_msg_parse,2020-07-16
222290883,133017932,4,gdl_jrs_msg_parse,2020-07-17
45414986,23072221,1,gdl_jrs_msg_parse,2020-07-17
2238914985,876621159,3,gdl_jrs_msg_parse,2020-07-17
82131102,45426245,2,gdl_jrs_msg_parse,2020-07-17
1807199552,746713660,3,gdl_jrs_msg_parse,2020-07-18
83652616,45680322,2,gdl_jrs_msg_parse,2020-07-18
196970642,115515564,4,gdl_jrs_msg_parse,2020-07-18
46574419,23843832,1,gdl_jrs_msg_parse,2020-07-18
1549338153,670312046,3,gdl_jrs_msg_parse,2020-07-19
185745833,105897834,4,gdl_jrs_msg_parse,2020-07-19
77204469,43525842,2,gdl_jrs_msg_parse,2020-07-19
49970125,29518945,1,gdl_jrs_msg_parse,2020-07-19
81913973,48993922,2,gdl_jrs_msg_parse,2020-07-20
45430337,25575640,1,gdl_jrs_msg_parse,2020-07-20
2048393672,820105258,3,gdl_jrs_msg_parse,2020-07-20
212105868,117377497,4,gdl_jrs_msg_parse,2020-07-20
44535905,23513287,1,gdl_jrs_msg_parse,2020-07-21
1934053168,778442470,3,gdl_jrs_msg_parse,2020-07-21
201219446,116021047,4,gdl_jrs_msg_parse,2020-07-21
83737571,43968086,2,gdl_jrs_msg_parse,2020-07-21
42742291,21942272,1,gdl_jrs_msg_parse,2020-07-22
1894380555,757591941,3,gdl_jrs_msg_parse,2020-07-22
214548584,127965339,4,gdl_jrs_msg_parse,2020-07-22
83410672,43298928,2,gdl_jrs_msg_parse,2020-07-22
42127658,22529946,1,gdl_jrs_msg_parse,2020-07-23
1883731381,755915982,3,gdl_jrs_msg_parse,2020-07-23
210094115,131174701,4,gdl_jrs_msg_parse,2020-07-23
77699714,41550656,2,gdl_jrs_msg_parse,2020-07-23
87970267,45893539,2,gdl_jrs_msg_parse,2020-07-24
1977953625,796442452,3,gdl_jrs_msg_parse,2020-07-24
37182184,20693529,1,gdl_jrs_msg_parse,2020-07-24
221778785,133407609,4,gdl_jrs_msg_parse,2020-07-24
49034489,28712676,1,gdl_jrs_msg_parse,2020-07-25
1753179250,734112591,3,gdl_jrs_msg_parse,2020-07-25
215292383,127760311,4,gdl_jrs_msg_parse,2020-07-25
77792581,43156128,2,gdl_jrs_msg_parse,2020-07-25
47955492,26543043,1,gdl_jrs_msg_parse,2020-07-26
1708406237,708506015,3,gdl_jrs_msg_parse,2020-07-26
195317429,108786976,4,gdl_jrs_msg_parse,2020-07-26
76257863,42775998,2,gdl_jrs_msg_parse,2020-07-26
78811061,44676136,2,gdl_jrs_msg_parse,2020-07-27
46140872,24702152,1,gdl_jrs_msg_parse,2020-07-27
217683315,128198780,4,gdl_jrs_msg_parse,2020-07-27
1989934994,805393081,3,gdl_jrs_msg_parse,2020-07-27
80284157,44827393,2,gdl_jrs_msg_parse,2020-07-28
46815066,24283624,1,gdl_jrs_msg_parse,2020-07-28
1932283443,797687237,3,gdl_jrs_msg_parse,2020-07-28
209269219,125667795,4,gdl_jrs_msg_parse,2020-07-28
30973829,16347193,1,gdl_jrs_msg_parse,2020-07-29
2012687018,812760418,3,gdl_jrs_msg_parse,2020-07-29
223891525,132939710,4,gdl_jrs_msg_parse,2020-07-29
76653982,43705067,2,gdl_jrs_msg_parse,2020-07-29
37203261,19847035,1,gdl_jrs_msg_parse,2020-07-30
1911066359,772886376,3,gdl_jrs_msg_parse,2020-07-30
231762796,134465543,4,gdl_jrs_msg_parse,2020-07-30
77081751,45992438,2,gdl_jrs_msg_parse,2020-07-30
82400841,41836220,2,gdl_jrs_msg_parse,2020-07-31
232898882,130897546,4,gdl_jrs_msg_parse,2020-07-31
1990625534,804703903,3,gdl_jrs_msg_parse,2020-07-31
48045813,26304700,1,gdl_jrs_msg_parse,2020-07-31
59913859,32204681,1,gdl_jrs_msg_parse,2020-08-01
2207898097,876989785,3,gdl_jrs_msg_parse,2020-08-01
210539488,117404624,4,gdl_jrs_msg_parse,2020-08-01
97288591,53257007,2,gdl_jrs_msg_parse,2020-08-01
61303598,32249705,1,gdl_jrs_msg_parse,2020-08-02
1655531566,679102519,3,gdl_jrs_msg_parse,2020-08-02
204787654,111639652,4,gdl_jrs_msg_parse,2020-08-02
97828887,51418316,2,gdl_jrs_msg_parse,2020-08-02
85537602,48382091,2,gdl_jrs_msg_parse,2020-08-03
2055942442,820619905,3,gdl_jrs_msg_parse,2020-08-03
219027627,130943095,4,gdl_jrs_msg_parse,2020-08-03
69619873,40044181,1,gdl_jrs_msg_parse,2020-08-03
50559200,26895821,1,gdl_jrs_msg_parse,2020-08-04
2139646654,893479691,3,gdl_jrs_msg_parse,2020-08-04
230491772,134195791,4,gdl_jrs_msg_parse,2020-08-04
85721507,50429994,2,gdl_jrs_msg_parse,2020-08-04
65433394,33436182,1,gdl_jrs_msg_parse,2020-08-05
2221049911,870813073,3,gdl_jrs_msg_parse,2020-08-05
243611109,148159968,4,gdl_jrs_msg_parse,2020-08-05
102323342,52964216,2,gdl_jrs_msg_parse,2020-08-05
63540162,34654792,1,gdl_jrs_msg_parse,2020-08-06
1998899135,803773421,3,gdl_jrs_msg_parse,2020-08-06
219676309,131492904,4,gdl_jrs_msg_parse,2020-08-06
99417303,51333553,2,gdl_jrs_msg_parse,2020-08-06
86806028,48815983,2,gdl_jrs_msg_parse,2020-08-07
43433591,24826035,1,gdl_jrs_msg_parse,2020-08-07
2332131065,905485240,3,gdl_jrs_msg_parse,2020-08-07
237802684,141067570,4,gdl_jrs_msg_parse,2020-08-07
51345616,28112263,1,gdl_jrs_msg_parse,2020-08-08
1976721813,800304617,3,gdl_jrs_msg_parse,2020-08-08
220270874,126658309,4,gdl_jrs_msg_parse,2020-08-08
80555977,42260612,2,gdl_jrs_msg_parse,2020-08-08
55442065,32618866,1,gdl_jrs_msg_parse,2020-08-09
1665948662,700803992,3,gdl_jrs_msg_parse,2020-08-09
185082730,106398730,4,gdl_jrs_msg_parse,2020-08-09
74492268,40739926,2,gdl_jrs_msg_parse,2020-08-09
2156173324,855900667,3,gdl_jrs_msg_parse,2020-08-10
49250446,28431990,1,gdl_jrs_msg_parse,2020-08-10
81595928,45307167,2,gdl_jrs_msg_parse,2020-08-10
226136398,138420366,4,gdl_jrs_msg_parse,2020-08-10
41959858,23584072,1,gdl_jrs_msg_parse,2020-08-11
2112602435,844025930,3,gdl_jrs_msg_parse,2020-08-11
175404214,111010370,4,gdl_jrs_msg_parse,2020-08-11
76267784,42431774,2,gdl_jrs_msg_parse,2020-08-11
38655734,22699401,1,gdl_jrs_msg_parse,2020-08-12
2181154247,845432572,3,gdl_jrs_msg_parse,2020-08-12
225151636,139486291,4,gdl_jrs_msg_parse,2020-08-12
71164439,41791795,2,gdl_jrs_msg_parse,2020-08-12
74389198,46464155,2,gdl_jrs_msg_parse,2020-08-13
160167294,104387537,4,gdl_jrs_msg_parse,2020-08-13
42262375,24390626,1,gdl_jrs_msg_parse,2020-08-13
2005682268,818535882,3,gdl_jrs_msg_parse,2020-08-13
37869917,20709436,1,gdl_jrs_msg_parse,2020-08-14
1875128943,767783592,3,gdl_jrs_msg_parse,2020-08-14
154156256,101341155,4,gdl_jrs_msg_parse,2020-08-14
74062936,45224934,2,gdl_jrs_msg_parse,2020-08-14
40274780,22457987,1,gdl_jrs_msg_parse,2020-08-15
1585152921,734114559,3,gdl_jrs_msg_parse,2020-08-15
154884687,99268923,4,gdl_jrs_msg_parse,2020-08-15
68332038,41914623,2,gdl_jrs_msg_parse,2020-08-15
56361505,35909367,2,gdl_jrs_msg_parse,2020-08-16
1206560206,588933813,3,gdl_jrs_msg_parse,2020-08-16
35310349,20730799,1,gdl_jrs_msg_parse,2020-08-16
133241951,81894003,4,gdl_jrs_msg_parse,2020-08-16
33141601,20025822,1,gdl_jrs_msg_parse,2020-08-17
1532505491,704485539,3,gdl_jrs_msg_parse,2020-08-17
160063596,100680014,4,gdl_jrs_msg_parse,2020-08-17
57361641,37690298,2,gdl_jrs_msg_parse,2020-08-17
54523513,35422122,2,gdl_jrs_msg_parse,2020-08-18
1701727610,791860607,3,gdl_jrs_msg_parse,2020-08-18
33722432,19992913,1,gdl_jrs_msg_parse,2020-08-18
154065519,105452210,4,gdl_jrs_msg_parse,2020-08-18
52441186,37153921,1,gdl_jrs_msg_parse,2020-08-19
1511403623,719017609,3,gdl_jrs_msg_parse,2020-08-19
132412923,90772589,4,gdl_jrs_msg_parse,2020-08-19
75742977,55884142,2,gdl_jrs_msg_parse,2020-08-19
38265329,24556220,1,gdl_jrs_msg_parse,2020-08-20
1504476337,705484030,3,gdl_jrs_msg_parse,2020-08-20
97121729,74024934,4,gdl_jrs_msg_parse,2020-08-20
63490726,43416011,2,gdl_jrs_msg_parse,2020-08-20
37656817,23351507,1,gdl_jrs_msg_parse,2020-08-21
1560898281,736824546,3,gdl_jrs_msg_parse,2020-08-21
96343429,70715451,4,gdl_jrs_msg_parse,2020-08-21
60570749,40653088,2,gdl_jrs_msg_parse,2020-08-21
52569843,33865602,2,gdl_jrs_msg_parse,2020-08-22
34985325,21608829,1,gdl_jrs_msg_parse,2020-08-22
130058358,84679841,4,gdl_jrs_msg_parse,2020-08-22
1379524299,663350865,3,gdl_jrs_msg_parse,2020-08-22
37325437,24012637,1,gdl_jrs_msg_parse,2020-08-23
81954242,57980866,4,gdl_jrs_msg_parse,2020-08-23
50000540,32471547,2,gdl_jrs_msg_parse,2020-08-23
1137747702,571208433,3,gdl_jrs_msg_parse,2020-08-23
51897708,32942091,2,gdl_jrs_msg_parse,2020-08-24
35094580,21738502,1,gdl_jrs_msg_parse,2020-08-24
1186116341,633558899,3,gdl_jrs_msg_parse,2020-08-24
38534109,31423956,4,gdl_jrs_msg_parse,2020-08-24
46917889,26941163,1,gdl_jrs_msg_parse,2020-08-25
2265230652,902739176,3,gdl_jrs_msg_parse,2020-08-25
241416380,148080543,4,gdl_jrs_msg_parse,2020-08-25
76080406,46001247,2,gdl_jrs_msg_parse,2020-08-25
43134351,25752433,1,gdl_jrs_msg_parse,2020-08-26
223065939,133754503,4,gdl_jrs_msg_parse,2020-08-26
75785899,44560418,2,gdl_jrs_msg_parse,2020-08-26
2167219772,830970881,3,gdl_jrs_msg_parse,2020-08-26
36031626,20599965,1,gdl_jrs_msg_parse,2020-08-27
1966903025,793812637,3,gdl_jrs_msg_parse,2020-08-27
207145103,118973268,4,gdl_jrs_msg_parse,2020-08-27
75291222,45460694,2,gdl_jrs_msg_parse,2020-08-27
73036686,43137995,2,gdl_jrs_msg_parse,2020-08-28
204160382,117850977,4,gdl_jrs_msg_parse,2020-08-28
54343206,34376678,1,gdl_jrs_msg_parse,2020-08-28
2051952598,835550340,3,gdl_jrs_msg_parse,2020-08-28
69516295,40163693,2,gdl_jrs_msg_parse,2020-08-30
35457976,19981311,1,gdl_jrs_msg_parse,2020-08-30
1363061178,589556351,3,gdl_jrs_msg_parse,2020-08-30
171186945,94403078,4,gdl_jrs_msg_parse,2020-08-30
40062285,21948333,1,gdl_jrs_msg_parse,2020-08-31
1862887741,755518413,3,gdl_jrs_msg_parse,2020-08-31
215121542,120914309,4,gdl_jrs_msg_parse,2020-08-31
69810352,40551677,2,gdl_jrs_msg_parse,2020-08-31
1941929610,729117466,3,gdl_jrs_msg_parse,2020-09-01
200515632,108837839,4,gdl_jrs_msg_parse,2020-09-01
99828342,55885962,2,gdl_jrs_msg_parse,2020-09-01
54615034,29905518,1,gdl_jrs_msg_parse,2020-09-01
56402408,29813587,1,gdl_jrs_msg_parse,2020-09-02
1939282777,754577770,3,gdl_jrs_msg_parse,2020-09-02
209838629,121079304,4,gdl_jrs_msg_parse,2020-09-02
99942697,53052293,2,gdl_jrs_msg_parse,2020-09-02
53263037,30987289,1,gdl_jrs_msg_parse,2020-09-03
1851339721,748659754,3,gdl_jrs_msg_parse,2020-09-03
192839858,114026770,4,gdl_jrs_msg_parse,2020-09-03
85528565,48544001,2,gdl_jrs_msg_parse,2020-09-03
51697150,30076245,1,gdl_jrs_msg_parse,2020-09-05
1659436146,705493021,3,gdl_jrs_msg_parse,2020-09-05
185142399,111174265,4,gdl_jrs_msg_parse,2020-09-05
79965444,45158131,2,gdl_jrs_msg_parse,2020-09-05
51082894,30170594,1,gdl_jrs_msg_parse,2020-09-06
1538308358,667343914,3,gdl_jrs_msg_parse,2020-09-06
170545274,102159731,4,gdl_jrs_msg_parse,2020-09-06
73771098,43129731,2,gdl_jrs_msg_parse,2020-09-06
68982924,41412058,2,gdl_jrs_msg_parse,2020-09-07
190536846,117557759,4,gdl_jrs_msg_parse,2020-09-07
36058236,21084092,1,gdl_jrs_msg_parse,2020-09-07
1942404523,799776786,3,gdl_jrs_msg_parse,2020-09-07
34055688,19820530,1,gdl_jrs_msg_parse,2020-09-08
2204576642,862318382,3,gdl_jrs_msg_parse,2020-09-08
242034693,155333118,4,gdl_jrs_msg_parse,2020-09-08
70919409,43018315,2,gdl_jrs_msg_parse,2020-09-08
37629853,22008335,1,gdl_jrs_msg_parse,2020-09-09
2127959626,847252364,3,gdl_jrs_msg_parse,2020-09-09
195330399,120337371,4,gdl_jrs_msg_parse,2020-09-09
71141708,44155626,2,gdl_jrs_msg_parse,2020-09-09
74346956,46453379,2,gdl_jrs_msg_parse,2020-09-10
42659260,25807698,1,gdl_jrs_msg_parse,2020-09-10
2214972718,879253629,3,gdl_jrs_msg_parse,2020-09-10
195595335,118837453,4,gdl_jrs_msg_parse,2020-09-10
